_id,flight_number,airline_name,planned_date,actual_date,destination_city,destination_country,terminal_number,check_in_number,check_in_zone,status_flight
1,724,ISRAIR AIRLINES,2026-09-27 02:10:00,2026-09-27 04:03:00,BUDAPEST,HUNGARY,3,,,LANDED
2,2111,LOT POLISH AIRLINES,2026-09-27 04:25:00,2026-09-27 04:05:00,KRAKOW,POLAND,3,,,LANDED
3,9292,EL AL ISRAEL AIRLINES,2026-09-27 04:25:00,2026-09-27 04:05:00,KRAKOW,POLAND,3,,,LANDED
4,8810,ITALIA TRASPORTO AEREO,2026-09-27 04:25:00,2026-09-27 04:06:00,ROME,ITALY,3,,,LANDED
5,7860,AEROLINEAS ARGENTINAS S.A.,2026-09-27 04:15:00,2026-09-27 04:10:00,ROME,ITALY,3,,,LANDED
6,284,EL AL ISRAEL AIRLINES,2026-09-27 04:15:00,2026-09-27 04:10:00,ROME,ITALY,3,,,LANDED
7,3172,SAS,2026-09-27 04:15:00,2026-09-27 04:10:00,ROME,ITALY,3,,,LANDED
8,568,ISRAIR AIRLINES,2026-09-27 02:05:00,2026-09-27 04:15:00,ATHENS,GREECE,3,,,LANDED
9,5418,EL AL ISRAEL AIRLINES,2026-09-27 04:20:00,2026-09-27 04:19:00,TBILISI,GEORGIA,3,,,LANDED
10,1083,AUSTRIAN AIRLINES,2026-09-27 04:55:00,2026-09-27 04:39:00,VIENNA,AUSTRIA,3,,,LANDED
11,216,TUS AIRWAYS,2026-09-27 03:55:00,2026-09-27 04:40:00,THESSALONIKI,GREECE,3,223-226,G,DEPARTED
12,462,K.L.M.,2026-09-27 04:45:00,2026-09-27 04:45:00,LARNACA,CYPRUS,3,51-55,B,DEPARTED
13,8855,EL AL ISRAEL AIRLINES,2026-09-27 04:45:00,2026-09-27 04:45:00,LARNACA,CYPRUS,3,51-55,B,DEPARTED
14,602,ELECTRA AIRWAYS,2026-09-27 04:35:00,2026-09-27 04:50:00,BOURGAS,BULGARIA,3,22-25,A,DEPARTED
15,112,ONE CLICK,2026-09-27 04:25:00,2026-09-27 04:55:00,BATUMI,GEORGIA,3,219-222,G,DEPARTED
16,6177,AIR FRANCE,2026-09-27 04:40:00,2026-09-27 04:58:00,PARIS,FRANCE,3,,,LANDED
17,7883,AERO MEXICO,2026-09-27 04:40:00,2026-09-27 04:58:00,PARIS,FRANCE,3,,,LANDED
18,220,EL AL ISRAEL AIRLINES,2026-09-27 04:40:00,2026-09-27 04:58:00,PARIS,FRANCE,3,,,LANDED
19,6172,AIR FRANCE,2026-09-27 04:45:00,2026-09-27 05:03:00,MARSEILLE,FRANCE,3,78-99,D,DEPARTED
20,088,EL AL ISRAEL AIRLINES,2026-09-27 05:25:00,2026-09-27 05:03:00,PHUKET,THAILAND,3,,,LANDED
21,321,EL AL ISRAEL AIRLINES,2026-09-27 04:45:00,2026-09-27 05:03:00,MARSEILLE,FRANCE,3,78-99,D,DEPARTED
22,4582,THAI AIRWAYS,2026-09-27 05:25:00,2026-09-27 05:03:00,PHUKET,THAILAND,3,,,LANDED
23,8902,AIR PORTUGAL,2026-09-27 04:45:00,2026-09-27 05:03:00,MARSEILLE,FRANCE,3,78-99,D,DEPARTED
24,929,AEGEAN  AIRLINES,2026-09-27 05:00:00,2026-09-27 05:04:00,ATHENS,GREECE,3,18-21,A,DEPARTED
25,7616,AIR SERBIA,2026-09-27 05:00:00,2026-09-27 05:04:00,ATHENS,GREECE,3,18-21,A,DEPARTED
26,574,BULGARIA  AIR,2026-09-27 04:50:00,2026-09-27 05:06:00,SOFIA,BULGARIA,3,45-47,B,DEPARTED
27,311,EL AL ISRAEL AIRLINES,2026-09-27 04:50:00,2026-09-27 05:13:00,LONDON LUTON,UNITED KINGDOM,3,78-99,D,DEPARTED
28,1286,SMARTWINGS,2026-09-27 04:35:00,2026-09-27 05:14:00,PRAGUE,CZECH REPUBLIC,3,,,LANDED
29,6671,AIR BALTIC,2026-09-27 04:45:00,2026-09-27 05:15:00,AMSTERDAM,NETHERLANDS,3,78-99,D,DEPARTED
30,2471,K.L.M.,2026-09-27 04:45:00,2026-09-27 05:15:00,AMSTERDAM,NETHERLANDS,3,78-99,D,DEPARTED
31,237,EL AL ISRAEL AIRLINES,2026-09-27 04:45:00,2026-09-27 05:15:00,AMSTERDAM,NETHERLANDS,3,78-99,D,DEPARTED
32,3153,SAS,2026-09-27 04:45:00,2026-09-27 05:15:00,AMSTERDAM,NETHERLANDS,3,78-99,D,DEPARTED
33,257,SWISS INT`L  AIRLINES,2026-09-27 04:50:00,2026-09-27 05:17:00,LARNACA,CYPRUS,3,27-33,A,DEPARTED
34,288,EL AL ISRAEL AIRLINES,2026-09-27 05:15:00,2026-09-27 05:18:00,MILAN,ITALY,3,,,LANDED
35,3182,SAS,2026-09-27 05:15:00,2026-09-27 05:18:00,MILAN,ITALY,3,,,LANDED
36,734,BLUE BIRD AIRWAYS,2026-09-27 04:55:00,2026-09-27 05:19:00,HERAKLION,GREECE,3,34-37,B,DEPARTED
37,7435,DELTA AIRLINES,2026-09-27 01:05:00,2026-09-27 05:21:00,BOSTON,UNITED STATES,3,78-99,D,DEPARTED
38,015,EL AL ISRAEL AIRLINES,2026-09-27 01:05:00,2026-09-27 05:21:00,BOSTON,UNITED STATES,3,78-99,D,DEPARTED
39,047,ISRAIR AIRLINES,2026-09-27 04:50:00,2026-09-27 05:23:00,RAMON,ISRAEL,1,355-360,C,DEPARTED
40,771,AIR BALTIC,2026-09-27 05:10:00,2026-09-27 05:25:00,RIGA,LATVIA,3,,,LANDED
41,8072,EL AL ISRAEL AIRLINES,2026-09-27 05:10:00,2026-09-27 05:25:00,RIGA,LATVIA,3,,,LANDED
42,6677,AIR BALTIC,2026-09-27 05:00:00,2026-09-27 05:26:00,PRAGUE,CZECH REPUBLIC,3,78-99,D,DEPARTED
43,2521,EL AL ISRAEL AIRLINES,2026-09-27 05:00:00,2026-09-27 05:26:00,PRAGUE,CZECH REPUBLIC,3,78-99,D,DEPARTED
44,7879,AERO MEXICO,2026-09-27 05:00:00,2026-09-27 05:27:00,MADRID,SPAIN,3,78-99,D,DEPARTED
45,7853,AEROLINEAS ARGENTINAS S.A.,2026-09-27 05:00:00,2026-09-27 05:27:00,MADRID,SPAIN,3,78-99,D,DEPARTED
46,7714,IBERIA,2026-09-27 05:00:00,2026-09-27 05:27:00,MADRID,SPAIN,3,78-99,D,DEPARTED
47,395,EL AL ISRAEL AIRLINES,2026-09-27 05:00:00,2026-09-27 05:27:00,MADRID,SPAIN,3,78-99,D,DEPARTED
48,344,ISRAIR AIRLINES,2026-09-27 04:15:00,2026-09-27 05:29:00,ROME,ITALY,3,,,LANDED
49,5245,EL AL ISRAEL AIRLINES,2026-09-27 05:15:00,2026-09-27 05:31:00,THESSALONIKI,GREECE,1,316-327,A,DEPARTED
50,457,AEGEAN  AIRLINES,2026-09-27 05:30:00,2026-09-27 05:32:00,HERAKLION,GREECE,3,15-18,A,DEPARTED
51,152,LOT POLISH AIRLINES,2026-09-27 05:05:00,2026-09-27 05:36:00,WARSAW,POLAND,3,38-41,B,DEPARTED
52,9255,EL AL ISRAEL AIRLINES,2026-09-27 05:05:00,2026-09-27 05:36:00,WARSAW,POLAND,3,38-41,B,DEPARTED
53,529,AEGEAN  AIRLINES,2026-09-27 05:20:00,2026-09-27 05:42:00,LARNACA,CYPRUS,3,12-15,A,DEPARTED
54,2365,EL AL ISRAEL AIRLINES,2026-09-27 05:35:00,2026-09-27 05:46:00,BUDAPEST,HUNGARY,3,78-99,D,DEPARTED
55,5063,EL AL ISRAEL AIRLINES,2026-09-27 05:30:00,2026-09-27 05:48:00,HERAKLION,GREECE,1,316-327,A,DEPARTED
56,5107,EL AL ISRAEL AIRLINES,2026-09-27 05:30:00,2026-09-27 05:51:00,TBILISI,GEORGIA,1,316-327,A,DEPARTED
57,292,EL AL ISRAEL AIRLINES,2026-09-27 05:45:00,2026-09-27 05:52:00,BARCELONA,SPAIN,3,,,LANDED
58,175,ISRAIR AIRLINES,2026-09-27 05:00:00,2026-09-27 05:56:00,TIVAT,MONTENEGRO,3,201-214,G,DEPARTED
59,7712,IBERIA,2026-09-27 05:45:00,2026-09-27 05:58:00,BARCELONA,SPAIN,3,78-99,D,DEPARTED
60,393,EL AL ISRAEL AIRLINES,2026-09-27 05:45:00,2026-09-27 05:58:00,BARCELONA,SPAIN,3,78-99,D,DEPARTED
61,7067,AIR FRANCE,2026-09-27 05:40:00,2026-09-27 06:00:00,PARIS,FRANCE,3,78-99,D,DEPARTED
62,7867,AERO MEXICO,2026-09-27 05:40:00,2026-09-27 06:00:00,PARIS,FRANCE,3,78-99,D,DEPARTED
63,319,EL AL ISRAEL AIRLINES,2026-09-27 05:40:00,2026-09-27 06:00:00,PARIS,FRANCE,3,78-99,D,DEPARTED
64,720,SKY EXPRESS S.A.,2026-09-27 05:55:00,2026-09-27 06:01:00,ATHENS,GREECE,3,,,LANDED
65,883,ISRAIR AIRLINES,2026-09-27 05:30:00,2026-09-27 06:04:00,BATUMI,GEORGIA,3,201-214,G,DEPARTED
66,353,EL AL ISRAEL AIRLINES,2026-09-27 06:00:00,2026-09-27 06:09:00,MUNICH,GERMANY,3,78-99,D,DEPARTED
67,3165,SAS,2026-09-27 06:00:00,2026-09-27 06:09:00,MUNICH,GERMANY,3,78-99,D,DEPARTED
68,5101,EL AL ISRAEL AIRLINES,2026-09-27 06:00:00,2026-09-27 06:12:00,WARSAW,POLAND,3,78-99,D,DEPARTED
69,595,ETIHAD AIRWAYS,2026-09-27 05:50:00,2026-09-27 06:13:00,ABU DHABI,UNITED ARAB EMIRATES,3,,,LANDED
70,9604,EL AL ISRAEL AIRLINES,2026-09-27 05:50:00,2026-09-27 06:13:00,ABU DHABI,UNITED ARAB EMIRATES,3,,,LANDED
71,4998,CHINA EASTERN AIRLINES Co. Ltd,2026-09-27 05:50:00,2026-09-27 06:13:00,ABU DHABI,UNITED ARAB EMIRATES,3,,,LANDED
72,084,AUSTRIAN AIRLINES,2026-09-27 06:00:00,2026-09-27 06:13:00,VIENNA,AUSTRIA,3,27-33,A,DEPARTED
73,2593,SRILANKA AIRLINES,2026-09-27 05:50:00,2026-09-27 06:13:00,ABU DHABI,UNITED ARAB EMIRATES,3,,,LANDED
74,357,EL AL ISRAEL AIRLINES,2026-09-27 06:05:00,2026-09-27 06:15:00,FRANKFURT,GERMANY,3,78-99,D,DEPARTED
75,086,EL AL ISRAEL AIRLINES,2026-09-27 05:00:00,2026-09-27 06:17:00,BANGKOK,THAILAND,3,,,LANDED
76,4587,THAI AIRWAYS,2026-09-27 05:00:00,2026-09-27 06:17:00,BANGKOK,THAILAND,3,,,LANDED
77,3297,VIETNAM AIRLINES,2026-09-27 05:00:00,2026-09-27 06:17:00,BANGKOK,THAILAND,3,,,LANDED
78,2112,LOT POLISH AIRLINES,2026-09-27 05:50:00,2026-09-27 06:18:00,KRAKOW,POLAND,3,41-44,B,DEPARTED
79,9291,EL AL ISRAEL AIRLINES,2026-09-27 05:50:00,2026-09-27 06:18:00,KRAKOW,POLAND,3,41-44,B,DEPARTED
80,5113,EL AL ISRAEL AIRLINES,2026-09-27 05:15:00,2026-09-27 06:20:00,BATUMI,GEORGIA,1,316-327,A,DEPARTED
81,7857,AEROLINEAS ARGENTINAS S.A.,2026-09-27 06:05:00,2026-09-27 06:23:00,ROME,ITALY,3,78-99,D,DEPARTED
82,385,EL AL ISRAEL AIRLINES,2026-09-27 06:05:00,2026-09-27 06:23:00,ROME,ITALY,3,78-99,D,DEPARTED
83,3167,SAS,2026-09-27 06:05:00,2026-09-27 06:23:00,ROME,ITALY,3,78-99,D,DEPARTED
84,8898,AIR PORTUGAL,2026-09-27 06:05:00,2026-09-27 06:23:00,ROME,ITALY,3,78-99,D,DEPARTED
85,5457,EL AL ISRAEL AIRLINES,2026-09-27 06:15:00,2026-09-27 06:24:00,KEFALONIA,GREECE,3,78-99,D,DEPARTED
86,592,ARKIA  ISRAELI  AIRLINES,2026-09-27 05:20:00,2026-09-27 06:27:00,BANGKOK,THAILAND,3,,,LANDED
87,9915,AIR CANADA,2026-09-27 06:30:00,2026-09-27 06:30:00,ROME,ITALY,3,7-11,A,DEPARTED
88,809,ITALIA TRASPORTO AEREO,2026-09-27 06:30:00,2026-09-27 06:30:00,ROME,ITALY,3,7-11,A,DEPARTED
89,5235,LUFTHANSA,2026-09-27 06:30:00,2026-09-27 06:30:00,ROME,ITALY,3,7-11,A,DEPARTED
90,573,EL AL ISRAEL AIRLINES,2026-09-27 06:20:00,2026-09-27 06:32:00,BUCHAREST,ROMANIA,3,78-99,D,DEPARTED
91,9102,TAROM - ROMANIAN AIR TRANSPORT,2026-09-27 06:20:00,2026-09-27 06:32:00,BUCHAREST,ROMANIA,3,78-99,D,DEPARTED
92,2371,EL AL ISRAEL AIRLINES,2026-09-27 06:20:00,2026-09-27 06:36:00,BERLIN,GERMANY,3,78-99,D,DEPARTED
93,3157,SAS,2026-09-27 06:20:00,2026-09-27 06:36:00,BERLIN,GERMANY,3,78-99,D,DEPARTED
94,163,ARKIA  ISRAELI  AIRLINES,2026-09-27 06:20:00,2026-09-27 06:39:00,LARNACA,CYPRUS,1,332-346,B,DEPARTED
95,801,ARKIA  ISRAELI  AIRLINES,2026-09-27 06:20:00,2026-09-27 06:40:00,RAMON,ISRAEL,1,349-354,C,DEPARTED
96,361,EL AL ISRAEL AIRLINES,2026-09-27 06:40:00,2026-09-27 06:44:00,VIENNA,AUSTRIA,3,78-99,D,DEPARTED
97,772,AIR BALTIC,2026-09-27 06:10:00,2026-09-27 06:46:00,RIGA,LATVIA,3,216-218,G,DEPARTED
98,8071,EL AL ISRAEL AIRLINES,2026-09-27 06:10:00,2026-09-27 06:46:00,RIGA,LATVIA,3,216-218,G,DEPARTED
99,526,AEGEAN  AIRLINES,2026-09-27 07:15:00,2026-09-27 06:52:00,LARNACA,CYPRUS,3,,,LANDED
100,5155,EL AL ISRAEL AIRLINES,2026-09-27 06:30:00,2026-09-27 06:52:00,VARNA,BULGARIA,1,316-327,A,DEPARTED
101,727,ISRAIR AIRLINES,2026-09-27 05:45:00,2026-09-27 06:55:00,BUDAPEST,HUNGARY,3,201-214,G,DEPARTED
102,041,ISRAIR AIRLINES,2026-09-27 06:30:00,2026-09-27 06:58:00,RAMON,ISRAEL,1,355-360,C,DEPARTED
103,7864,AERO MEXICO,2026-09-27 06:50:00,2026-09-27 07:02:00,AMSTERDAM,NETHERLANDS,3,78-99,D,DEPARTED
104,2473,K.L.M.,2026-09-27 06:50:00,2026-09-27 07:02:00,AMSTERDAM,NETHERLANDS,3,78-99,D,DEPARTED
105,337,EL AL ISRAEL AIRLINES,2026-09-27 06:50:00,2026-09-27 07:02:00,AMSTERDAM,NETHERLANDS,3,78-99,D,DEPARTED
106,3155,SAS,2026-09-27 06:50:00,2026-09-27 07:02:00,AMSTERDAM,NETHERLANDS,3,78-99,D,DEPARTED
107,894,ISRAIR AIRLINES,2026-09-27 05:15:00,2026-09-27 07:11:00,TBILISI,GEORGIA,3,,,LANDED
108,1287,SMARTWINGS,2026-09-27 05:35:00,2026-09-27 07:13:00,PRAGUE,CZECH REPUBLIC,3,47-50,B,DEPARTED
109,5487,EL AL ISRAEL AIRLINES,2026-09-27 07:00:00,2026-09-27 07:14:00,CAGLIARI,ITALY,3,78-99,D,DEPARTED
110,048,ISRAIR AIRLINES,2026-09-27 07:30:00,2026-09-27 07:18:00,RAMON,ISRAEL,1,,,LANDED
111,7451,DELTA AIRLINES,2026-09-27 05:00:00,2026-09-27 07:19:00,MIAMI,UNITED STATES,3,78-99,D,DEPARTED
112,117,EL AL ISRAEL AIRLINES,2026-09-27 05:00:00,2026-09-27 07:19:00,MIAMI,UNITED STATES,3,78-99,D,DEPARTED
113,541,EL AL ISRAEL AIRLINES,2026-09-27 07:05:00,2026-09-27 07:22:00,ATHENS,GREECE,3,78-99,D,DEPARTED
114,2549,ARKIA  ISRAELI  AIRLINES,2026-09-27 06:00:00,2026-09-27 07:24:00,VILNIUS,LITHUANIA,3,G1-G11,G,DEPARTED
115,165,ARKIA  ISRAELI  AIRLINES,2026-09-27 06:35:00,2026-09-27 07:29:00,LARNACA,CYPRUS,3,G1-G11,G,DEPARTED
116,6176,AIR FRANCE,2026-09-27 07:25:00,2026-09-27 07:31:00,PARIS,FRANCE,3,78-99,D,DEPARTED
117,7897,AERO MEXICO,2026-09-27 07:25:00,2026-09-27 07:31:00,PARIS,FRANCE,3,78-99,D,DEPARTED
118,221,EL AL ISRAEL AIRLINES,2026-09-27 07:25:00,2026-09-27 07:31:00,PARIS,FRANCE,3,78-99,D,DEPARTED
119,3195,SAS,2026-09-27 07:25:00,2026-09-27 07:31:00,PARIS,FRANCE,3,78-99,D,DEPARTED
120,335,ARKIA  ISRAELI  AIRLINES,2026-09-27 06:10:00,2026-09-27 07:32:00,ROME,ITALY,1,332-346,B,DEPARTED
121,501,ISRAIR AIRLINES,2026-09-27 06:05:00,2026-09-27 07:38:00,HERAKLION,GREECE,1,306-311,A,DEPARTED
122,413,ARKIA  ISRAELI  AIRLINES,2026-09-27 07:00:00,2026-09-27 07:44:00,BATUMI,GEORGIA,1,332-346,B,DEPARTED
123,2332,EMIRATES,2026-09-27 07:40:00,2026-09-27 07:48:00,DUBAI,UNITED ARAB EMIRATES,3,,,LANDED
124,1541,FLYDUBAI,2026-09-27 07:40:00,2026-09-27 07:48:00,DUBAI,UNITED ARAB EMIRATES,3,,,LANDED
125,459,AEGEAN  AIRLINES,2026-09-27 07:20:00,2026-09-27 07:49:00,HERAKLION,GREECE,3,21-24,A,DEPARTED
126,571,ISRAIR AIRLINES,2026-09-27 07:30:00,2026-09-27 07:51:00,THESSALONIKI,GREECE,1,306-311,A,DEPARTED
127,381,EL AL ISRAEL AIRLINES,2026-09-27 07:35:00,2026-09-27 07:53:00,MILAN,ITALY,3,78-99,D,DEPARTED
128,3185,SAS,2026-09-27 07:35:00,2026-09-27 07:53:00,MILAN,ITALY,3,78-99,D,DEPARTED
129,8910,AIR PORTUGAL,2026-09-27 07:35:00,2026-09-27 07:53:00,MILAN,ITALY,3,78-99,D,DEPARTED
130,082,EL AL ISRAEL AIRLINES,2026-09-27 06:45:00,2026-09-27 07:54:00,BANGKOK,THAILAND,3,,,LANDED
131,5017,QANTAS AIRWAYS,2026-09-27 06:45:00,2026-09-27 07:54:00,BANGKOK,THAILAND,3,,,LANDED
132,4583,THAI AIRWAYS,2026-09-27 06:45:00,2026-09-27 07:54:00,BANGKOK,THAILAND,3,,,LANDED
133,3299,VIETNAM AIRLINES,2026-09-27 06:45:00,2026-09-27 07:54:00,BANGKOK,THAILAND,3,,,LANDED
134,4308,CONDOR  FLUGDIENST,2026-09-27 07:10:00,2026-09-27 07:56:00,FRANKFURT,GERMANY,3,G15-G18,G,DEPARTED
135,721,SKY EXPRESS S.A.,2026-09-27 07:40:00,2026-09-27 07:58:00,ATHENS,GREECE,3,2-5,A,DEPARTED
136,877,ISRAIR AIRLINES,2026-09-27 07:50:00,2026-09-27 08:00:00,BAKU,AZERBAIJAN,3,201-214,G,DEPARTED
137,596,ETIHAD AIRWAYS,2026-09-27 07:45:00,2026-09-27 08:03:00,ABU DHABI,UNITED ARAB EMIRATES,3,12-20,A,DEPARTED
138,9606,EL AL ISRAEL AIRLINES,2026-09-27 07:45:00,2026-09-27 08:03:00,ABU DHABI,UNITED ARAB EMIRATES,3,12-20,A,DEPARTED
139,211,ARKIA  ISRAELI  AIRLINES,2026-09-27 07:10:00,2026-09-27 08:08:00,ATHENS,GREECE,1,332-346,B,DEPARTED
140,706,BLUE BIRD AIRWAYS,2026-09-27 07:50:00,2026-09-27 08:12:00,ATHENS,GREECE,3,53-55,B,DEPARTED
141,4427,WIZZAIR,2026-09-27 08:15:00,2026-09-27 08:12:00,SOFIA,BULGARIA,3,,,LANDED
142,347,EL AL ISRAEL AIRLINES,2026-09-27 08:00:00,2026-09-27 08:14:00,ZURICH,SWITZERLAND,3,78-99,D,DEPARTED
143,3189,SAS,2026-09-27 08:00:00,2026-09-27 08:14:00,ZURICH,SWITZERLAND,3,78-99,D,DEPARTED
144,5517,AIR CANADA,2026-09-27 08:55:00,2026-09-27 08:18:00,NEWARK,UNITED STATES,3,,,LANDED
145,611,ARKIA  ISRAELI  AIRLINES,2026-09-27 07:40:00,2026-09-27 08:18:00,MAHE SEYCHELLES,SEYCHELLES,3,G1-G11,G,DEPARTED
146,084,UNITED AIRLINES,2026-09-27 08:55:00,2026-09-27 08:18:00,NEWARK,UNITED STATES,3,,,LANDED
147,177,ISRAIR AIRLINES,2026-09-27 08:00:00,2026-09-27 08:23:00,TIVAT,MONTENEGRO,3,201-214,G,DEPARTED
148,3257,WIZZ AIR MALTA,2026-09-27 08:25:00,2026-09-27 08:25:00,BUCHAREST,ROMANIA,3,,,LANDED
149,692,BLUE BIRD AIRWAYS,2026-09-27 07:15:00,2026-09-27 08:26:00,RHODES,GREECE,3,34-36,B,DEPARTED
150,337,ARKIA  ISRAELI  AIRLINES,2026-09-27 07:00:00,2026-09-27 08:30:00,MILAN,ITALY,3,G1-G11,G,DEPARTED
151,762,BLUE BIRD AIRWAYS,2026-09-27 08:30:00,2026-09-27 08:32:00,KHANIA,GREECE,3,37-40,B,DEPARTED
152,5411,EL AL ISRAEL AIRLINES,2026-09-27 08:05:00,2026-09-27 08:34:00,COPENHAGEN,DENMARK,3,78-99,D,DEPARTED
153,235,HISKY EUROPE SRL,2026-09-27 08:00:00,2026-09-27 08:35:00,BUCHAREST,ROMANIA,3,,,LANDED
154,802,ARKIA  ISRAELI  AIRLINES,2026-09-27 08:50:00,2026-09-27 08:39:00,RAMON,ISRAEL,1,,,LANDED
155,161,ISRAIR AIRLINES,2026-09-27 08:20:00,2026-09-27 08:40:00,TIRANA,ALBANIA,3,201-214,G,DEPARTED
156,1071,ARKIA  ISRAELI  AIRLINES,2026-09-27 08:00:00,2026-09-27 08:43:00,RHODES,GREECE,1,332-346,B,DEPARTED
157,487,AEGEAN  AIRLINES,2026-09-27 08:10:00,2026-09-27 08:51:00,RHODES,GREECE,3,25-28,A,DEPARTED
158,2120,EMIRATES,2026-09-27 08:55:00,2026-09-27 08:53:00,DUBAI,UNITED ARAB EMIRATES,3,,,LANDED
159,1073,FLYDUBAI,2026-09-27 08:55:00,2026-09-27 08:53:00,DUBAI,UNITED ARAB EMIRATES,3,,,LANDED
160,587,ISRAIR AIRLINES,2026-09-27 08:25:00,2026-09-27 08:55:00,LARNACA,CYPRUS,3,201-214,G,DEPARTED
161,6041,WIZZ AIR MALTA,2026-09-27 09:00:00,2026-09-27 08:56:00,ROME,ITALY,3,,,LANDED
162,802,BLUE BIRD AIRWAYS,2026-09-27 08:05:00,2026-09-27 08:59:00,KOS,GREECE,3,50-52,B,DEPARTED
163,803,ARKIA  ISRAELI  AIRLINES,2026-09-27 08:10:00,2026-09-27 09:01:00,RAMON,ISRAEL,1,349-354,C,DEPARTED
164,2513,WIZZAIR,2026-09-27 09:15:00,2026-09-27 09:03:00,BUDAPEST,HUNGARY,3,,,LANDED
165,121,ARKIA  ISRAELI  AIRLINES,2026-09-27 08:45:00,2026-09-27 09:07:00,MYKONOS,GREECE,3,G1-G6,G,DEPARTED
166,042,ISRAIR AIRLINES,2026-09-27 09:10:00,2026-09-27 09:08:00,RAMON,ISRAEL,1,,,LANDED
167,889,ISRAIR AIRLINES,2026-09-27 08:00:00,2026-09-27 09:10:00,BATUMI,GEORGIA,1,306-311,A,DEPARTED
168,548,AEGEAN  AIRLINES,2026-09-27 09:10:00,2026-09-27 09:11:00,THESSALONIKI,GREECE,3,,,LANDED
169,164,ARKIA  ISRAELI  AIRLINES,2026-09-27 09:20:00,2026-09-27 09:13:00,LARNACA,CYPRUS,3,,,LANDED
170,2369,EL AL ISRAEL AIRLINES,2026-09-27 08:55:00,2026-09-27 09:13:00,BUDAPEST,HUNGARY,3,78-99,D,DEPARTED
171,517,ISRAIR AIRLINES,2026-09-27 07:55:00,2026-09-27 09:16:00,RHODES,GREECE,3,201-214,G,DEPARTED
172,6675,AIR BALTIC,2026-09-27 09:05:00,2026-09-27 09:17:00,ROME,ITALY,3,78-99,D,DEPARTED
173,285,EL AL ISRAEL AIRLINES,2026-09-27 09:05:00,2026-09-27 09:17:00,ROME,ITALY,3,78-99,D,DEPARTED
174,3169,SAS,2026-09-27 09:05:00,2026-09-27 09:17:00,ROME,ITALY,3,78-99,D,DEPARTED
175,752,BLUE BIRD AIRWAYS,2026-09-27 08:10:00,2026-09-27 09:22:00,HERAKLION,GREECE,3,48-50,B,DEPARTED
176,2333,EMIRATES,2026-09-27 08:55:00,2026-09-27 09:24:00,DUBAI,UNITED ARAB EMIRATES,3,56-59,C,DEPARTED
177,1542,FLYDUBAI,2026-09-27 08:55:00,2026-09-27 09:24:00,DUBAI,UNITED ARAB EMIRATES,3,56-59,C,DEPARTED
178,885,ISRAIR AIRLINES,2026-09-27 09:00:00,2026-09-27 09:26:00,BATUMI,GEORGIA,3,201-214,G,DEPARTED
179,748,BLUE BIRD AIRWAYS,2026-09-27 09:20:00,2026-09-27 09:30:00,HERAKLION,GREECE,3,41-44,B,DEPARTED
180,234,DELTA AIRLINES,2026-09-27 09:25:00,2026-09-27 09:33:00,NEW YORK,UNITED STATES,3,,,LANDED
181,4000,EL AL ISRAEL AIRLINES,2026-09-27 09:25:00,2026-09-27 09:33:00,NEW YORK,UNITED STATES,3,,,LANDED
182,373,CENTRUM AIR,2026-09-27 09:40:00,2026-09-27 09:40:00,SAMARKAND,UZBEKISTAN,3,,,LANDED
183,103,TUS AIRWAYS,2026-09-27 09:00:00,2026-09-27 09:42:00,LARNACA,CYPRUS,3,217-226,G,DEPARTED
184,873,FLYONE ARMENIA LLC,2026-09-27 09:50:00,2026-09-27 09:44:00,YEREVAN,ARMENIA,3,,,LANDED
185,704,BLUE BIRD AIRWAYS,2026-09-27 08:55:00,2026-09-27 09:53:00,ATHENS,GREECE,3,36-38,B,DEPARTED
186,166,ARKIA  ISRAELI  AIRLINES,2026-09-27 08:45:00,2026-09-27 09:55:00,LARNACA,CYPRUS,3,,,LANDED
187,217,TUS AIRWAYS,2026-09-27 13:55:00,2026-09-27 09:58:00,THESSALONIKI,GREECE,3,,,LANDED
188,152,TUS AIRWAYS,2026-09-27 09:00:00,2026-09-27 09:59:00,PAPHOS,CYPRUS,3,220-222,G,DEPARTED
189,2097,WIZZAIR,2026-09-27 10:10:00,2026-09-27 10:00:00,KRAKOW,POLAND,3,,,LANDED
190,747,BELAVIA AIRLINE,2026-09-27 10:20:00,2026-09-27 10:02:00,MINSK,BELARUS,3,,,LANDED
191,236,HISKY EUROPE SRL,2026-09-27 09:00:00,2026-09-27 10:03:00,BUCHAREST,ROMANIA,3,29-33,A,DEPARTED
192,6405,WIZZ AIR MALTA,2026-09-27 09:55:00,2026-09-27 10:05:00,MILAN,ITALY,3,,,LANDED
193,2369,EMIRATES,2026-09-27 09:40:00,2026-09-27 10:07:00,DUBAI,UNITED ARAB EMIRATES,3,,,LANDED
194,1549,FLYDUBAI,2026-09-27 09:40:00,2026-09-27 10:07:00,DUBAI,UNITED ARAB EMIRATES,3,,,LANDED
195,4428,WIZZAIR,2026-09-27 09:10:00,2026-09-27 10:08:00,SOFIA,BULGARIA,1,361-372,D,DEPARTED
196,1965,WIZZAIR,2026-09-27 10:20:00,2026-09-27 10:10:00,VILNIUS,LITHUANIA,3,,,LANDED
197,756,BLUE BIRD AIRWAYS,2026-09-27 08:30:00,2026-09-27 10:13:00,HERAKLION,GREECE,3,45-47,B,DEPARTED
198,5064,EL AL ISRAEL AIRLINES,2026-09-27 10:15:00,2026-09-27 10:15:00,HERAKLION,GREECE,3,,,LANDED
199,3258,WIZZ AIR MALTA,2026-09-27 09:20:00,2026-09-27 10:18:00,BUCHAREST,ROMANIA,1,361-372,D,DEPARTED
200,1110,CYPRUS AIRWAYS,2026-09-27 10:20:00,2026-09-27 10:19:00,LARNACA,CYPRUS,3,,,LANDED
201,807,ARKIA  ISRAELI  AIRLINES,2026-09-27 09:50:00,2026-09-27 10:20:00,RAMON,ISRAEL,1,349-354,C,DEPARTED
202,7069,AIR FRANCE,2026-09-27 10:00:00,2026-09-27 10:22:00,PARIS,FRANCE,3,78-99,D,DEPARTED
203,7885,AERO MEXICO,2026-09-27 10:00:00,2026-09-27 10:22:00,PARIS,FRANCE,3,78-99,D,DEPARTED
204,323,EL AL ISRAEL AIRLINES,2026-09-27 10:00:00,2026-09-27 10:22:00,PARIS,FRANCE,3,78-99,D,DEPARTED
205,3163,SAS,2026-09-27 10:00:00,2026-09-27 10:22:00,PARIS,FRANCE,3,78-99,D,DEPARTED
206,6923,WIZZ AIR MALTA,2026-09-27 10:00:00,2026-09-27 10:24:00,NAPLES,ITALY,3,,,LANDED
207,415,ETHIOPIAN AIRLINES,2026-09-27 10:00:00,2026-09-27 10:34:00,ADDIS ABABA,ETHIOPIA,3,1-5,A,DEPARTED
208,8805,EL AL ISRAEL AIRLINES,2026-09-27 10:00:00,2026-09-27 10:34:00,ADDIS ABABA,ETHIOPIA,3,1-5,A,DEPARTED
209,549,AEGEAN  AIRLINES,2026-09-27 10:00:00,2026-09-27 10:36:00,THESSALONIKI,GREECE,3,21-24,A,DEPARTED
210,562,BLUE BIRD AIRWAYS,2026-09-27 09:10:00,2026-09-27 10:38:00,BOURGAS,BULGARIA,3,39-40,B,DEPARTED
211,109,TUS AIRWAYS,2026-09-27 09:00:00,2026-09-27 10:39:00,LARNACA,CYPRUS,3,217-226,G,DEPARTED
212,888,BLUE BIRD AIRWAYS,2026-09-27 09:50:00,2026-09-27 10:41:00,MYKONOS,GREECE,3,34-36,B,DEPARTED
213,2121,EMIRATES,2026-09-27 10:15:00,2026-09-27 10:43:00,DUBAI,UNITED ARAB EMIRATES,3,56-62,C,DEPARTED
214,1074,FLYDUBAI,2026-09-27 10:15:00,2026-09-27 10:43:00,DUBAI,UNITED ARAB EMIRATES,3,56-62,C,DEPARTED
215,804,ARKIA  ISRAELI  AIRLINES,2026-09-27 10:30:00,2026-09-27 10:44:00,RAMON,ISRAEL,1,,,LANDED
216,6042,WIZZ AIR MALTA,2026-09-27 09:55:00,2026-09-27 10:46:00,ROME,ITALY,1,361-372,D,DEPARTED
217,158,TUS AIRWAYS,2026-09-27 09:20:00,2026-09-27 10:47:00,PAPHOS,CYPRUS,3,217-226,G,DEPARTED
218,091,ARKIA  ISRAELI  AIRLINES,2026-09-27 10:05:00,2026-09-27 10:50:00,HERAKLION,GREECE,1,332-336,B,DEPARTED
219,7863,AERO MEXICO,2026-09-27 10:10:00,2026-09-27 10:51:00,LONDON,UNITED KINGDOM,3,78-99,D,DEPARTED
220,7434,DELTA AIRLINES,2026-09-27 10:10:00,2026-09-27 10:51:00,LONDON,UNITED KINGDOM,3,78-99,D,DEPARTED
221,315,EL AL ISRAEL AIRLINES,2026-09-27 10:10:00,2026-09-27 10:51:00,LONDON,UNITED KINGDOM,3,78-99,D,DEPARTED
222,3181,SAS,2026-09-27 10:10:00,2026-09-27 10:51:00,LONDON,UNITED KINGDOM,3,78-99,D,DEPARTED
223,7493,VIRGIN ATLANTIC AIRWAYS,2026-09-27 10:10:00,2026-09-27 10:51:00,LONDON,UNITED KINGDOM,3,78-99,D,DEPARTED
224,2514,WIZZAIR,2026-09-27 10:10:00,2026-09-27 10:54:00,BUDAPEST,HUNGARY,1,361-372,D,DEPARTED
225,7874,AERO MEXICO,2026-09-27 10:15:00,2026-09-27 10:56:00,NEW YORK,UNITED STATES,3,78-99,D,DEPARTED
226,7430,DELTA AIRLINES,2026-09-27 10:15:00,2026-09-27 10:56:00,NEW YORK,UNITED STATES,3,78-99,D,DEPARTED
227,007,EL AL ISRAEL AIRLINES,2026-09-27 10:15:00,2026-09-27 10:56:00,NEW YORK,UNITED STATES,3,78-99,D,DEPARTED
228,1559,WIZZAIR,2026-09-27 10:55:00,2026-09-27 11:09:00,WARSAW,POLAND,3,,,LANDED
229,2268,EMIRATES,2026-09-27 10:25:00,2026-09-27 11:15:00,DUBAI,UNITED ARAB EMIRATES,3,,,LANDED
230,1635,FLYDUBAI,2026-09-27 10:25:00,2026-09-27 11:15:00,DUBAI,UNITED ARAB EMIRATES,3,,,LANDED
231,874,FLYONE ARMENIA LLC,2026-09-27 10:40:00,2026-09-27 11:17:00,YEREVAN,ARMENIA,3,G14-G18,G,DEPARTED
232,884,ISRAIR AIRLINES,2026-09-27 11:15:00,2026-09-27 11:18:00,BATUMI,GEORGIA,3,,,LANDED
233,156,LOT POLISH AIRLINES,2026-09-27 10:45:00,2026-09-27 11:20:00,WARSAW,POLAND,3,41-45,B,DEPARTED
234,9251,EL AL ISRAEL AIRLINES,2026-09-27 10:45:00,2026-09-27 11:20:00,WARSAW,POLAND,3,41-45,B,DEPARTED
235,021,AZERBAIJAN AIRLINES,2026-09-27 11:30:00,2026-09-27 11:22:00,BAKU,AZERBAIJAN,3,,,LANDED
236,9950,EL AL ISRAEL AIRLINES,2026-09-27 11:30:00,2026-09-27 11:22:00,BAKU,AZERBAIJAN,3,,,LANDED
237,153,ARKIA  ISRAELI  AIRLINES,2026-09-27 10:00:00,2026-09-27 11:24:00,PAPHOS,CYPRUS,3,G1-G6,G,DEPARTED
238,593,ETIHAD AIRWAYS,2026-09-27 11:10:00,2026-09-27 11:26:00,ABU DHABI,UNITED ARAB EMIRATES,3,,,LANDED
239,9600,EL AL ISRAEL AIRLINES,2026-09-27 11:10:00,2026-09-27 11:26:00,ABU DHABI,UNITED ARAB EMIRATES,3,,,LANDED
240,5518,AIR CANADA,2026-09-27 11:00:00,2026-09-27 11:27:00,NEWARK,UNITED STATES,3,12-19,A,DEPARTED
241,085,UNITED AIRLINES,2026-09-27 11:00:00,2026-09-27 11:27:00,NEWARK,UNITED STATES,3,12-19,A,DEPARTED
242,561,ISRAIR AIRLINES,2026-09-27 11:00:00,2026-09-27 11:30:00,ATHENS,GREECE,1,306-313,A,DEPARTED
243,049,ISRAIR AIRLINES,2026-09-27 11:00:00,2026-09-27 11:35:00,RAMON,ISRAEL,1,355-360,C,DEPARTED
244,607,ETIHAD AIRWAYS,2026-09-27 11:20:00,2026-09-27 11:37:00,ABU DHABI,UNITED ARAB EMIRATES,3,,,LANDED
245,9614,EL AL ISRAEL AIRLINES,2026-09-27 11:20:00,2026-09-27 11:37:00,ABU DHABI,UNITED ARAB EMIRATES,3,,,LANDED
246,1966,WIZZAIR,2026-09-27 11:15:00,2026-09-27 11:38:00,VILNIUS,LITHUANIA,1,314-323,A,DEPARTED
247,5246,EL AL ISRAEL AIRLINES,2026-09-27 11:25:00,2026-09-27 11:40:00,THESSALONIKI,GREECE,3,,,LANDED
248,5114,EL AL ISRAEL AIRLINES,2026-09-27 10:50:00,2026-09-27 11:42:00,BATUMI,GEORGIA,3,,,LANDED
249,112,CYPRUS AIRWAYS,2026-09-27 11:20:00,2026-09-27 11:43:00,LARNACA,CYPRUS,3,,,LANDED
250,2098,WIZZAIR,2026-09-27 11:05:00,2026-09-27 11:43:00,KRAKOW,POLAND,1,314-323,A,DEPARTED
251,374,CENTRUM AIR,2026-09-27 11:00:00,2026-09-27 11:47:00,SAMARKAND,UZBEKISTAN,3,63-67,C,DEPARTED
252,502,ISRAIR AIRLINES,2026-09-27 10:40:00,2026-09-27 11:47:00,HERAKLION,GREECE,3,,,LANDED
253,6406,WIZZ AIR MALTA,2026-09-27 10:50:00,2026-09-27 11:48:00,MILAN,ITALY,1,314-323,A,DEPARTED
254,588,ISRAIR AIRLINES,2026-09-27 11:35:00,2026-09-27 11:49:00,LARNACA,CYPRUS,3,,,LANDED
255,1111,CYPRUS AIRWAYS,2026-09-27 11:20:00,2026-09-27 11:51:00,LARNACA,CYPRUS,3,29-33,A,DEPARTED
256,235,DELTA AIRLINES,2026-09-27 11:35:00,2026-09-27 11:58:00,NEW YORK,UNITED STATES,3,46-55,B,DEPARTED
257,4001,EL AL ISRAEL AIRLINES,2026-09-27 11:35:00,2026-09-27 11:58:00,NEW YORK,UNITED STATES,3,46-55,B,DEPARTED
258,691,BLUE BIRD AIRWAYS,2026-09-27 11:45:00,2026-09-27 12:00:00,RHODES,GREECE,3,,,LANDED
259,901,ARKIA  ISRAELI  AIRLINES,2026-09-27 12:00:00,2026-09-27 12:00:00,BELGRADE,SERBIA,3,G1-G10,G,CANCELED
260,6924,WIZZ AIR MALTA,2026-09-27 10:55:00,2026-09-27 12:01:00,NAPLES,ITALY,1,314-323,A,DEPARTED
261,2370,EMIRATES,2026-09-27 10:55:00,2026-09-27 12:03:00,DUBAI,UNITED ARAB EMIRATES,3,56-62,C,DEPARTED
262,1550,FLYDUBAI,2026-09-27 10:55:00,2026-09-27 12:03:00,DUBAI,UNITED ARAB EMIRATES,3,56-62,C,DEPARTED
263,5108,EL AL ISRAEL AIRLINES,2026-09-27 11:50:00,2026-09-27 12:04:00,TBILISI,GEORGIA,3,,,LANDED
264,073,ARKIA  ISRAELI  AIRLINES,2026-09-27 11:50:00,2026-09-27 12:06:00,RHODES,GREECE,3,G1-G10,G,DEPARTED
265,7512,WIZZ AIR MALTA,2026-09-27 12:00:00,2026-09-27 12:08:00,ATHENS,GREECE,3,,,LANDED
266,808,ARKIA  ISRAELI  AIRLINES,2026-09-27 12:20:00,2026-09-27 12:10:00,RAMON,ISRAEL,1,,,LANDED
267,5467,EL AL ISRAEL AIRLINES,2026-09-27 11:50:00,2026-09-27 12:10:00,TIVAT,MONTENEGRO,3,78-99,D,DEPARTED
268,742,ARKIA  ISRAELI  AIRLINES,2026-09-27 12:15:00,2026-09-27 12:13:00,PARIS,FRANCE,3,,,LANDED
269,519,ISRAIR AIRLINES,2026-09-27 11:40:00,2026-09-27 12:14:00,RHODES,GREECE,3,201-206,G,DEPARTED
270,748,BELAVIA AIRLINE,2026-09-27 11:20:00,2026-09-27 12:16:00,MINSK,BELARUS,3,25-28,A,DEPARTED
271,176,ISRAIR AIRLINES,2026-09-27 11:45:00,2026-09-27 12:17:00,TIVAT,MONTENEGRO,3,,,LANDED
272,301,UZBEKISTAN AIR,2026-09-27 11:35:00,2026-09-27 12:19:00,TASHKENT,UZBEKISTAN,3,,,LANDED
273,113,TUS AIRWAYS,2026-09-27 11:30:00,2026-09-27 12:20:00,LARNACA,CYPRUS,3,217-220,G,DEPARTED
274,108,TUS AIRWAYS,2026-09-27 10:55:00,2026-09-27 12:22:00,LARNACA,CYPRUS,3,,,LANDED
275,5156,EL AL ISRAEL AIRLINES,2026-09-27 11:55:00,2026-09-27 12:30:00,VARNA,BULGARIA,3,,,LANDED
276,1072,ARKIA  ISRAELI  AIRLINES,2026-09-27 11:55:00,2026-09-27 12:31:00,RHODES,GREECE,3,,,LANDED
277,3450,TRANSAVIA FRANCE,2026-09-27 12:45:00,2026-09-27 12:39:00,PARIS,FRANCE,3,,,LANDED
278,2269,EMIRATES,2026-09-27 11:40:00,2026-09-27 12:41:00,DUBAI,UNITED ARAB EMIRATES,3,56-62,C,DEPARTED
279,1636,FLYDUBAI,2026-09-27 11:40:00,2026-09-27 12:41:00,DUBAI,UNITED ARAB EMIRATES,3,56-62,C,DEPARTED
280,1560,WIZZAIR,2026-09-27 11:50:00,2026-09-27 12:43:00,WARSAW,POLAND,1,361-372,D,DEPARTED
281,5458,EL AL ISRAEL AIRLINES,2026-09-27 13:10:00,2026-09-27 12:44:00,KEFALONIA,GREECE,3,,,LANDED
282,924,AEGEAN  AIRLINES,2026-09-27 12:50:00,2026-09-27 12:46:00,ATHENS,GREECE,3,,,LANDED
283,2363,EMIRATES,2026-09-27 12:20:00,2026-09-27 12:49:00,DUBAI,UNITED ARAB EMIRATES,3,,,LANDED
284,1211,FLYDUBAI,2026-09-27 12:20:00,2026-09-27 12:49:00,DUBAI,UNITED ARAB EMIRATES,3,,,LANDED
285,801,BLUE BIRD AIRWAYS,2026-09-27 12:25:00,2026-09-27 12:51:00,KOS,GREECE,3,,,LANDED
286,486,AEGEAN  AIRLINES,2026-09-27 12:00:00,2026-09-27 12:54:00,RHODES,GREECE,3,,,LANDED
287,911,ARKIA  ISRAELI  AIRLINES,2026-09-27 12:35:00,2026-09-27 13:00:00,STANSTED,UNITED KINGDOM,3,G1-G10,G,DEPARTED
288,111,ONE CLICK,2026-09-27 12:20:00,2026-09-27 13:00:00,BATUMI,GEORGIA,3,,,LANDED
289,542,EL AL ISRAEL AIRLINES,2026-09-27 12:35:00,2026-09-27 13:01:00,ATHENS,GREECE,3,,,LANDED
290,022,AZERBAIJAN AIRLINES,2026-09-27 12:30:00,2026-09-27 13:03:00,BAKU,AZERBAIJAN,3,69-73,C,DEPARTED
291,9951,EL AL ISRAEL AIRLINES,2026-09-27 12:30:00,2026-09-27 13:03:00,BAKU,AZERBAIJAN,3,69-73,C,DEPARTED
292,1148,CYPRUS AIRWAYS,2026-09-27 12:20:00,2026-09-27 13:07:00,LESBOS,GREECE,3,29-33,A,DEPARTED
293,212,ARKIA  ISRAELI  AIRLINES,2026-09-27 12:30:00,2026-09-27 13:08:00,ATHENS,GREECE,3,,,LANDED
294,574,EL AL ISRAEL AIRLINES,2026-09-27 12:45:00,2026-09-27 13:08:00,BUCHAREST,ROMANIA,3,,,LANDED
295,9103,TAROM - ROMANIAN AIR TRANSPORT,2026-09-27 12:45:00,2026-09-27 13:08:00,BUCHAREST,ROMANIA,3,,,LANDED
296,115,ISRAIR AIRLINES,2026-09-27 12:35:00,2026-09-27 13:15:00,LONDON LUTON,UNITED KINGDOM,1,306-313,A,DEPARTED
297,753,BLUE BIRD AIRWAYS,2026-09-27 12:45:00,2026-09-27 13:16:00,HERAKLION,GREECE,3,,,LANDED
298,104,TUS AIRWAYS,2026-09-27 08:45:00,2026-09-27 13:17:00,LARNACA,CYPRUS,3,,,LANDED
299,414,ARKIA  ISRAELI  AIRLINES,2026-09-27 12:45:00,2026-09-27 13:20:00,BATUMI,GEORGIA,3,,,LANDED
300,122,ARKIA  ISRAELI  AIRLINES,2026-09-27 13:25:00,2026-09-27 13:22:00,MYKONOS,GREECE,3,,,LANDED
301,761,BLUE BIRD AIRWAYS,2026-09-27 09:25:00,2026-09-27 13:24:00,KHANIA,GREECE,3,,,LANDED
302,5031,EL AL ISRAEL AIRLINES,2026-09-27 13:00:00,2026-09-27 13:25:00,RHODES,GREECE,1,317-327,A,DEPARTED
303,747,BLUE BIRD AIRWAYS,2026-09-27 06:55:00,2026-09-27 13:27:00,HERAKLION,GREECE,3,,,LANDED
304,121,AZERBAIJAN AIRLINES,2026-09-27 13:30:00,2026-09-27 13:28:00,BAKU,AZERBAIJAN,3,,,LANDED
305,9958,EL AL ISRAEL AIRLINES,2026-09-27 13:30:00,2026-09-27 13:28:00,BAKU,AZERBAIJAN,3,,,LANDED
306,252,BLUE BIRD AIRWAYS,2026-09-27 12:55:00,2026-09-27 13:29:00,BARCELONA,SPAIN,3,34-36,B,DEPARTED
307,518,ISRAIR AIRLINES,2026-09-27 13:10:00,2026-09-27 13:30:00,RHODES,GREECE,3,,,LANDED
308,5051,EL AL ISRAEL AIRLINES,2026-09-27 13:15:00,2026-09-27 13:33:00,SANTORINI,GREECE,1,316-327,A,DEPARTED
309,815,ARKIA  ISRAELI  AIRLINES,2026-09-27 13:20:00,2026-09-27 13:35:00,RAMON,ISRAEL,1,349-354,C,DEPARTED
310,705,BLUE BIRD AIRWAYS,2026-09-27 07:50:00,2026-09-27 13:38:00,ATHENS,GREECE,3,,,LANDED
311,5419,EL AL ISRAEL AIRLINES,2026-09-27 13:15:00,2026-09-27 13:38:00,KRAKOW,POLAND,3,78-99,D,DEPARTED
312,6670,AIR BALTIC,2026-09-27 13:15:00,2026-09-27 13:44:00,BUDAPEST,HUNGARY,3,,,LANDED
313,2366,EL AL ISRAEL AIRLINES,2026-09-27 13:15:00,2026-09-27 13:44:00,BUDAPEST,HUNGARY,3,,,LANDED
314,159,TUS AIRWAYS,2026-09-27 07:45:00,2026-09-27 13:47:00,PAPHOS,CYPRUS,3,,,LANDED
315,6081,ELECTRA AIRWAYS,2026-09-27 13:55:00,2026-09-27 13:51:00,BOURGAS,BULGARIA,3,,,LANDED
316,105,TUS AIRWAYS,2026-09-27 13:00:00,2026-09-27 13:52:00,LARNACA,CYPRUS,3,220-226,G,DEPARTED
317,560,ISRAIR AIRLINES,2026-09-27 13:30:00,2026-09-27 13:55:00,ATHENS,GREECE,3,,,LANDED
318,806,ITALIA TRASPORTO AEREO,2026-09-27 13:30:00,2026-09-27 13:57:00,ROME,ITALY,3,,,LANDED
319,050,ISRAIR AIRLINES,2026-09-27 13:45:00,2026-09-27 13:59:00,RAMON,ISRAEL,1,,,LANDED
320,925,AEGEAN  AIRLINES,2026-09-27 13:50:00,2026-09-27 14:01:00,ATHENS,GREECE,3,17-20,A,DEPARTED
321,4979,EMIRATES,2026-09-27 13:50:00,2026-09-27 14:01:00,ATHENS,GREECE,3,17-20,A,DEPARTED
322,7613,AIR SERBIA,2026-09-27 13:50:00,2026-09-27 14:01:00,ATHENS,GREECE,3,17-20,A,DEPARTED
323,2522,EL AL ISRAEL AIRLINES,2026-09-27 13:55:00,2026-09-27 14:01:00,PRAGUE,CZECH REPUBLIC,3,,,LANDED
324,418,ETHIOPIAN AIRLINES,2026-09-27 14:35:00,2026-09-27 14:06:00,ADDIS ABABA,ETHIOPIA,3,,,LANDED
325,8808,EL AL ISRAEL AIRLINES,2026-09-27 14:35:00,2026-09-27 14:06:00,ADDIS ABABA,ETHIOPIA,3,,,LANDED
326,3451,TRANSAVIA FRANCE,2026-09-27 13:45:00,2026-09-27 14:08:00,PARIS,FRANCE,1,345-348,B,DEPARTED
327,1301,AIR EUROPA,2026-09-27 14:10:00,2026-09-27 14:08:00,MADRID,SPAIN,3,,,LANDED
328,755,BLUE BIRD AIRWAYS,2026-09-27 13:00:00,2026-09-27 14:10:00,HERAKLION,GREECE,3,,,LANDED
329,7073,AIR FRANCE,2026-09-27 13:55:00,2026-09-27 14:11:00,PARIS,FRANCE,3,78-99,D,DEPARTED
330,7892,AERO MEXICO,2026-09-27 13:55:00,2026-09-27 14:11:00,PARIS,FRANCE,3,78-99,D,DEPARTED
331,327,EL AL ISRAEL AIRLINES,2026-09-27 13:55:00,2026-09-27 14:11:00,PARIS,FRANCE,3,78-99,D,DEPARTED
332,3159,SAS,2026-09-27 13:55:00,2026-09-27 14:11:00,PARIS,FRANCE,3,78-99,D,DEPARTED
333,154,ARKIA  ISRAELI  AIRLINES,2026-09-27 12:55:00,2026-09-27 14:12:00,PAPHOS,CYPRUS,3,,,LANDED
334,572,ISRAIR AIRLINES,2026-09-27 13:05:00,2026-09-27 14:15:00,THESSALONIKI,GREECE,3,,,LANDED
335,761,ISRAIR AIRLINES,2026-09-27 07:10:00,2026-09-27 14:15:00,PRAGUE,CZECH REPUBLIC,3,201-214,G,DEPARTED
336,6170,AIR FRANCE,2026-09-27 14:10:00,2026-09-27 14:17:00,MARSEILLE,FRANCE,3,,,LANDED
337,322,EL AL ISRAEL AIRLINES,2026-09-27 14:10:00,2026-09-27 14:17:00,MARSEILLE,FRANCE,3,,,LANDED
338,7511,WIZZ AIR MALTA,2026-09-27 12:55:00,2026-09-27 14:20:00,ATHENS,GREECE,1,361-372,D,DEPARTED
339,5023,AZIMUTH AIRLINES,2026-09-26 21:35:00,2026-09-27 14:24:00,SOCHI,RUSSIAN FEDERATION,3,,,LANDED
340,5437,EL AL ISRAEL AIRLINES,2026-09-27 13:45:00,2026-09-27 14:24:00,PAPHOS,CYPRUS,3,78-99,D,DEPARTED
341,887,ISRAIR AIRLINES,2026-09-27 14:05:00,2026-09-27 14:28:00,BATUMI,GEORGIA,3,201-208,G,DEPARTED
342,162,ARKIA  ISRAELI  AIRLINES,2026-09-27 13:50:00,2026-09-27 14:32:00,LARNACA,CYPRUS,3,,,LANDED
343,455,AEGEAN  AIRLINES,2026-09-27 12:55:00,2026-09-27 14:33:00,HERAKLION,GREECE,3,20-23,A,DEPARTED
344,112,TUS AIRWAYS,2026-09-27 08:20:00,2026-09-27 14:39:00,LARNACA,CYPRUS,3,,,LANDED
345,156,TUS AIRWAYS,2026-09-27 13:35:00,2026-09-27 14:39:00,PAPHOS,CYPRUS,3,220-226,G,DEPARTED
346,302,UZBEKISTAN AIR,2026-09-27 13:35:00,2026-09-27 14:40:00,TASHKENT,UZBEKISTAN,3,12-16,A,DEPARTED
347,593,ISRAIR AIRLINES,2026-09-27 13:55:00,2026-09-27 14:43:00,PAPHOS,CYPRUS,3,201-208,G,DEPARTED
348,5301,WIZZ UK,2026-09-27 14:35:00,2026-09-27 14:44:00,LONDON LUTON,UNITED KINGDOM,3,,,LANDED
349,281,ARKIA  ISRAELI  AIRLINES,2026-09-27 14:10:00,2026-09-27 14:45:00,PRAGUE,CZECH REPUBLIC,1,332-337,B,DEPARTED
350,2448,EMIRATES,2026-09-27 14:35:00,2026-09-27 14:47:00,DUBAI,UNITED ARAB EMIRATES,3,,,LANDED
351,1081,FLYDUBAI,2026-09-27 14:35:00,2026-09-27 14:47:00,DUBAI,UNITED ARAB EMIRATES,3,,,LANDED
352,355,EL AL ISRAEL AIRLINES,2026-09-27 14:15:00,2026-09-27 14:47:00,FRANKFURT,GERMANY,3,78-99,D,DEPARTED
353,110,CYPRUS AIRWAYS,2026-09-27 14:25:00,2026-09-27 14:49:00,LARNACA,CYPRUS,3,,,LANDED
354,5115,EL AL ISRAEL AIRLINES,2026-09-27 13:45:00,2026-09-27 14:49:00,BATUMI,GEORGIA,1,316-327,A,DEPARTED
355,7858,AEROLINEAS ARGENTINAS S.A.,2026-09-27 14:20:00,2026-09-27 14:51:00,ROME,ITALY,3,,,LANDED
356,367,ARKIA  ISRAELI  AIRLINES,2026-09-27 14:05:00,2026-09-27 14:51:00,TIVAT,MONTENEGRO,3,G1-G16,G,DEPARTED
357,386,EL AL ISRAEL AIRLINES,2026-09-27 14:20:00,2026-09-27 14:51:00,ROME,ITALY,3,,,LANDED
358,8899,AIR PORTUGAL,2026-09-27 14:20:00,2026-09-27 14:51:00,ROME,ITALY,3,,,LANDED
359,5449,EL AL ISRAEL AIRLINES,2026-09-27 14:00:00,2026-09-27 14:53:00,PREVEZA,GREECE,3,78-99,D,DEPARTED
360,079,AUSTRIAN AIRLINES,2026-09-27 14:35:00,2026-09-27 14:53:00,VIENNA,AUSTRIA,3,,,LANDED
361,2364,EMIRATES,2026-09-27 13:35:00,2026-09-27 14:55:00,DUBAI,UNITED ARAB EMIRATES,3,56-59,C,DEPARTED
362,1212,FLYDUBAI,2026-09-27 13:35:00,2026-09-27 14:55:00,DUBAI,UNITED ARAB EMIRATES,3,56-59,C,DEPARTED
363,216,EL AL ISRAEL AIRLINES,2026-09-27 14:55:00,2026-09-27 14:56:00,LONDON,UNITED KINGDOM,3,,,LANDED
364,7492,VIRGIN ATLANTIC AIRWAYS,2026-09-27 14:55:00,2026-09-27 14:56:00,LONDON,UNITED KINGDOM,3,,,LANDED
365,251,ISRAIR AIRLINES,2026-09-27 14:40:00,2026-09-27 14:57:00,BERLIN,GERMANY,1,306-313,A,DEPARTED
366,890,ISRAIR AIRLINES,2026-09-27 13:45:00,2026-09-27 14:58:00,BATUMI,GEORGIA,3,,,LANDED
367,271,ARKIA  ISRAELI  AIRLINES,2026-09-27 14:30:00,2026-09-27 14:59:00,BARCELONA,SPAIN,3,G1-G16,G,DEPARTED
368,966,AIR FRANCE,2026-09-27 14:45:00,2026-09-27 15:00:00,PARIS,FRANCE,3,,,LANDED
369,9842,EL AL ISRAEL AIRLINES,2026-09-27 14:45:00,2026-09-27 15:00:00,PARIS,FRANCE,3,,,LANDED
370,754,BLUE BIRD AIRWAYS,2026-09-27 13:45:00,2026-09-27 15:01:00,HERAKLION,GREECE,3,48-50,B,DEPARTED
371,160,TUS AIRWAYS,2026-09-27 12:55:00,2026-09-27 15:03:00,PAPHOS,CYPRUS,3,220-226,G,DEPARTED
372,4311,RED WINGS AIRLINES,2026-09-26 20:00:00,2026-09-27 15:03:00,SOCHI,RUSSIAN FEDERATION,3,,,LANDED
373,122,AZERBAIJAN AIRLINES,2026-09-27 14:40:00,2026-09-27 15:08:00,BAKU,AZERBAIJAN,3,70-73,C,DEPARTED
374,9957,EL AL ISRAEL AIRLINES,2026-09-27 14:40:00,2026-09-27 15:08:00,BAKU,AZERBAIJAN,3,70-73,C,DEPARTED
375,878,ISRAIR AIRLINES,2026-09-27 15:20:00,2026-09-27 15:08:00,BAKU,AZERBAIJAN,3,,,LANDED
376,5256,LOT POLISH AIRLINES,2026-09-27 14:55:00,2026-09-27 15:11:00,WARSAW,POLAND,3,,,LANDED
377,5102,EL AL ISRAEL AIRLINES,2026-09-27 14:55:00,2026-09-27 15:11:00,WARSAW,POLAND,3,,,LANDED
378,6674,AIR BALTIC,2026-09-27 15:00:00,2026-09-27 15:15:00,VIENNA,AUSTRIA,3,,,LANDED
379,362,EL AL ISRAEL AIRLINES,2026-09-27 15:00:00,2026-09-27 15:15:00,VIENNA,AUSTRIA,3,,,LANDED
380,612,BLUE BIRD AIRWAYS,2026-09-27 11:10:00,2026-09-27 15:17:00,AMSTERDAM,NETHERLANDS,3,38-40,B,DEPARTED
381,887,BLUE BIRD AIRWAYS,2026-09-27 13:50:00,2026-09-27 15:18:00,MYKONOS,GREECE,3,,,LANDED
382,272,BLUE BIRD AIRWAYS,2026-09-27 14:35:00,2026-09-27 15:19:00,BERLIN,GERMANY,3,40-42,B,DEPARTED
383,092,ARKIA  ISRAELI  AIRLINES,2026-09-27 15:00:00,2026-09-27 15:21:00,HERAKLION,GREECE,3,,,LANDED
384,594,ETIHAD AIRWAYS,2026-09-27 15:05:00,2026-09-27 15:22:00,ABU DHABI,UNITED ARAB EMIRATES,3,60-69,C,DEPARTED
385,9601,EL AL ISRAEL AIRLINES,2026-09-27 15:05:00,2026-09-27 15:22:00,ABU DHABI,UNITED ARAB EMIRATES,3,60-69,C,DEPARTED
386,4999,CHINA EASTERN AIRLINES Co. Ltd,2026-09-27 15:05:00,2026-09-27 15:22:00,ABU DHABI,UNITED ARAB EMIRATES,3,60-69,C,DEPARTED
387,2594,SRILANKA AIRLINES,2026-09-27 15:05:00,2026-09-27 15:22:00,ABU DHABI,UNITED ARAB EMIRATES,3,60-69,C,DEPARTED
388,807,ITALIA TRASPORTO AEREO,2026-09-27 14:30:00,2026-09-27 15:24:00,ROME,ITALY,3,7-11,A,DEPARTED
389,703,BLUE BIRD AIRWAYS,2026-09-27 14:05:00,2026-09-27 15:24:00,ATHENS,GREECE,3,,,LANDED
390,7379,AIR SERBIA,2026-09-27 14:30:00,2026-09-27 15:24:00,ROME,ITALY,3,7-11,A,DEPARTED
391,5233,LUFTHANSA,2026-09-27 14:30:00,2026-09-27 15:24:00,ROME,ITALY,3,7-11,A,DEPARTED
392,6684,AIR BALTIC,2026-09-27 15:05:00,2026-09-27 15:26:00,MUNICH,GERMANY,3,,,LANDED
393,354,EL AL ISRAEL AIRLINES,2026-09-27 15:05:00,2026-09-27 15:26:00,MUNICH,GERMANY,3,,,LANDED
394,178,ISRAIR AIRLINES,2026-09-27 14:45:00,2026-09-27 15:29:00,TIVAT,MONTENEGRO,3,,,LANDED
395,816,ARKIA  ISRAELI  AIRLINES,2026-09-27 15:50:00,2026-09-27 15:31:00,RAMON,ISRAEL,1,,,LANDED
396,702,BLUE BIRD AIRWAYS,2026-09-27 13:30:00,2026-09-27 15:33:00,ATHENS,GREECE,3,36-38,B,DEPARTED
397,316,BLUE BIRD AIRWAYS,2026-09-27 14:00:00,2026-09-27 15:35:00,VIENNA,AUSTRIA,3,42-44,B,DEPARTED
398,608,ETIHAD AIRWAYS,2026-09-27 15:15:00,2026-09-27 15:38:00,ABU DHABI,UNITED ARAB EMIRATES,3,60-69,C,DEPARTED
399,9615,EL AL ISRAEL AIRLINES,2026-09-27 15:15:00,2026-09-27 15:38:00,ABU DHABI,UNITED ARAB EMIRATES,3,60-69,C,DEPARTED
400,336,ARKIA  ISRAELI  AIRLINES,2026-09-27 15:10:00,2026-09-27 15:39:00,ROME,ITALY,3,,,LANDED
401,6082,ELECTRA AIRWAYS,2026-09-27 14:50:00,2026-09-27 15:40:00,BOURGAS,BULGARIA,3,217-219,G,DEPARTED
402,686,LUFTHANSA,2026-09-27 15:25:00,2026-09-27 15:42:00,FRANKFURT,GERMANY,3,,,LANDED
403,886,ISRAIR AIRLINES,2026-09-27 14:45:00,2026-09-27 15:42:00,BATUMI,GEORGIA,3,,,LANDED
404,448,ETHIOPIAN AIRLINES,2026-09-27 15:50:00,2026-09-27 15:47:00,ADDIS ABABA,ETHIOPIA,3,,,LANDED
405,742,BLUE BIRD AIRWAYS,2026-09-27 14:10:00,2026-09-27 15:48:00,HERAKLION,GREECE,3,44-45,B,DEPARTED
406,694,BLUE BIRD AIRWAYS,2026-09-27 14:00:00,2026-09-27 15:50:00,RHODES,GREECE,3,46-48,B,DEPARTED
407,7713,IBERIA,2026-09-27 15:50:00,2026-09-27 15:50:00,BARCELONA,SPAIN,3,,,LANDED
408,394,EL AL ISRAEL AIRLINES,2026-09-27 15:50:00,2026-09-27 15:50:00,BARCELONA,SPAIN,3,,,LANDED
409,5519,AIR CANADA,2026-09-27 16:20:00,2026-09-27 15:53:00,NEWARK,UNITED STATES,3,,,LANDED
410,090,UNITED AIRLINES,2026-09-27 16:20:00,2026-09-27 15:53:00,NEWARK,UNITED STATES,3,,,LANDED
411,351,EL AL ISRAEL AIRLINES,2026-09-27 15:45:00,2026-09-27 15:55:00,MUNICH,GERMANY,3,78-99,D,DEPARTED
412,3173,SAS,2026-09-27 15:45:00,2026-09-27 15:55:00,MUNICH,GERMANY,3,78-99,D,DEPARTED
413,680,LUFTHANSA,2026-09-27 16:00:00,2026-09-27 15:56:00,MUNICH,GERMANY,3,,,LANDED
414,462,TUS AIRWAYS,2026-09-27 14:55:00,2026-09-27 15:58:00,PRAGUE,CZECH REPUBLIC,3,220-226,G,DEPARTED
415,6676,AIR BALTIC,2026-09-27 15:30:00,2026-09-27 15:59:00,AMSTERDAM,NETHERLANDS,3,,,LANDED
416,2470,K.L.M.,2026-09-27 15:30:00,2026-09-27 15:59:00,AMSTERDAM,NETHERLANDS,3,,,LANDED
417,238,EL AL ISRAEL AIRLINES,2026-09-27 15:30:00,2026-09-27 15:59:00,AMSTERDAM,NETHERLANDS,3,,,LANDED
418,045,ISRAIR AIRLINES,2026-09-27 15:00:00,2026-09-27 15:59:00,RAMON,ISRAEL,1,355-360,C,DEPARTED
419,281,EL AL ISRAEL AIRLINES,2026-09-27 15:30:00,2026-09-27 16:01:00,MILAN,ITALY,3,78-99,D,DEPARTED
420,3183,SAS,2026-09-27 15:30:00,2026-09-27 16:01:00,MILAN,ITALY,3,78-99,D,DEPARTED
421,5488,EL AL ISRAEL AIRLINES,2026-09-27 15:35:00,2026-09-27 16:04:00,CAGLIARI,ITALY,3,,,LANDED
422,728,ISRAIR AIRLINES,2026-09-27 15:40:00,2026-09-27 16:07:00,BUDAPEST,HUNGARY,3,,,LANDED
423,5024,AZIMUTH AIRLINES,2026-09-26 22:35:00,2026-09-27 16:08:00,SOCHI,RUSSIAN FEDERATION,3,G17-G18,G,DEPARTED
424,151,ARKIA  ISRAELI  AIRLINES,2026-09-27 14:35:00,2026-09-27 16:11:00,PAPHOS,CYPRUS,3,G1-G16,G,DEPARTED
425,3689,WIZZ AIR MALTA,2026-09-27 16:20:00,2026-09-27 16:13:00,IASI,ROMANIA,3,,,LANDED
426,561,BLUE BIRD AIRWAYS,2026-09-27 14:40:00,2026-09-27 16:14:00,BOURGAS,BULGARIA,3,,,LANDED
427,074,ARKIA  ISRAELI  AIRLINES,2026-09-27 18:30:00,2026-09-27 16:16:00,RHODES,GREECE,3,,,LANDED
428,111,CYPRUS AIRWAYS,2026-09-27 15:25:00,2026-09-27 16:20:00,LARNACA,CYPRUS,3,1-3,A,DEPARTED
429,312,EL AL ISRAEL AIRLINES,2026-09-27 16:40:00,2026-09-27 16:21:00,LONDON LUTON,UNITED KINGDOM,3,,,LANDED
430,162,ISRAIR AIRLINES,2026-09-27 15:00:00,2026-09-27 16:21:00,TIRANA,ALBANIA,3,,,LANDED
431,080,AUSTRIAN AIRLINES,2026-09-27 15:30:00,2026-09-27 16:22:00,VIENNA,AUSTRIA,3,24-33,A,DEPARTED
432,804,BLUE BIRD AIRWAYS,2026-09-27 12:55:00,2026-09-27 16:24:00,KOS,GREECE,3,43-45,B,DEPARTED
433,7851,AERO MEXICO,2026-09-27 16:10:00,2026-09-27 16:27:00,AMSTERDAM,NETHERLANDS,3,78-99,D,DEPARTED
434,2475,K.L.M.,2026-09-27 16:10:00,2026-09-27 16:27:00,AMSTERDAM,NETHERLANDS,3,78-99,D,DEPARTED
435,339,EL AL ISRAEL AIRLINES,2026-09-27 16:10:00,2026-09-27 16:27:00,AMSTERDAM,NETHERLANDS,3,78-99,D,DEPARTED
436,3151,SAS,2026-09-27 16:10:00,2026-09-27 16:27:00,AMSTERDAM,NETHERLANDS,3,78-99,D,DEPARTED
437,1302,AIR EUROPA,2026-09-27 16:05:00,2026-09-27 16:29:00,MADRID,SPAIN,3,18-23,A,DEPARTED
438,313,EL AL ISRAEL AIRLINES,2026-09-27 16:10:00,2026-09-27 16:31:00,LONDON LUTON,UNITED KINGDOM,3,78-99,D,DEPARTED
439,3263,WIZZ AIR MALTA,2026-09-27 15:30:00,2026-09-27 16:32:00,BUCHAREST,ROMANIA,3,,,LANDED
440,6690,AIR BALTIC,2026-09-27 15:50:00,2026-09-27 16:33:00,BERLIN,GERMANY,3,,,LANDED
441,2372,EL AL ISRAEL AIRLINES,2026-09-27 15:50:00,2026-09-27 16:33:00,BERLIN,GERMANY,3,,,LANDED
442,3156,SAS,2026-09-27 15:50:00,2026-09-27 16:33:00,BERLIN,GERMANY,3,,,LANDED
443,5302,WIZZ UK,2026-09-27 15:30:00,2026-09-27 16:36:00,LONDON LUTON,UNITED KINGDOM,3,209-213,G,DEPARTED
444,520,ISRAIR AIRLINES,2026-09-27 15:55:00,2026-09-27 16:37:00,RHODES,GREECE,3,,,LANDED
445,6686,AIR BALTIC,2026-09-27 16:00:00,2026-09-27 16:41:00,FRANKFURT,GERMANY,3,,,LANDED
446,358,EL AL ISRAEL AIRLINES,2026-09-27 16:00:00,2026-09-27 16:41:00,FRANKFURT,GERMANY,3,,,LANDED
447,2449,EMIRATES,2026-09-27 15:50:00,2026-09-27 16:43:00,DUBAI,UNITED ARAB EMIRATES,3,56-59,C,DEPARTED
448,1082,FLYDUBAI,2026-09-27 15:50:00,2026-09-27 16:43:00,DUBAI,UNITED ARAB EMIRATES,3,56-59,C,DEPARTED
449,2450,EMIRATES,2026-09-27 16:15:00,2026-09-27 16:45:00,DUBAI,UNITED ARAB EMIRATES,3,,,LANDED
450,1625,FLYDUBAI,2026-09-27 16:15:00,2026-09-27 16:45:00,DUBAI,UNITED ARAB EMIRATES,3,,,LANDED
451,5141,EL AL ISRAEL AIRLINES,2026-09-27 16:15:00,2026-09-27 16:49:00,LARNACA,CYPRUS,1,316-327,A,DEPARTED
452,562,ISRAIR AIRLINES,2026-09-27 16:15:00,2026-09-27 16:51:00,ATHENS,GREECE,3,,,LANDED
453,597,ETIHAD AIRWAYS,2026-09-27 16:50:00,2026-09-27 16:53:00,ABU DHABI,UNITED ARAB EMIRATES,3,,,LANDED
454,9605,EL AL ISRAEL AIRLINES,2026-09-27 16:50:00,2026-09-27 16:53:00,ABU DHABI,UNITED ARAB EMIRATES,3,,,LANDED
455,2550,ARKIA  ISRAELI  AIRLINES,2026-09-27 11:45:00,2026-09-27 16:55:00,VILNIUS,LITHUANIA,3,,,LANDED
456,2360,EL AL ISRAEL AIRLINES,2026-09-27 16:35:00,2026-09-27 16:56:00,BUDAPEST,HUNGARY,3,,,LANDED
457,7856,AERO MEXICO,2026-09-27 17:10:00,2026-09-27 16:58:00,NEW YORK,UNITED STATES,3,,,LANDED
458,7431,DELTA AIRLINES,2026-09-27 17:10:00,2026-09-27 16:58:00,NEW YORK,UNITED STATES,3,,,LANDED
459,008,EL AL ISRAEL AIRLINES,2026-09-27 17:10:00,2026-09-27 16:58:00,NEW YORK,UNITED STATES,3,,,LANDED
460,7071,AIR FRANCE,2026-09-27 16:45:00,2026-09-27 16:59:00,PARIS,FRANCE,3,78-99,D,DEPARTED
461,7853,AERO MEXICO,2026-09-27 16:45:00,2026-09-27 16:59:00,PARIS,FRANCE,3,78-99,D,DEPARTED
462,325,EL AL ISRAEL AIRLINES,2026-09-27 16:45:00,2026-09-27 16:59:00,PARIS,FRANCE,3,78-99,D,DEPARTED
463,419,ETHIOPIAN AIRLINES,2026-09-27 15:40:00,2026-09-27 17:00:00,ADDIS ABABA,ETHIOPIA,3,49-55,B,DEPARTED
464,8809,EL AL ISRAEL AIRLINES,2026-09-27 15:40:00,2026-09-27 17:00:00,ADDIS ABABA,ETHIOPIA,3,49-55,B,DEPARTED
465,106,TUS AIRWAYS,2026-09-27 08:45:00,2026-09-27 17:01:00,LARNACA,CYPRUS,3,,,LANDED
466,1223,ARKIA  ISRAELI  AIRLINES,2026-09-27 15:50:00,2026-09-27 17:02:00,THESSALONIKI,GREECE,3,G1-G16,G,DEPARTED
467,9135,FLY LILI,2026-09-27 16:20:00,2026-09-27 17:03:00,LARNACA,CYPRUS,3,46-48,B,DEPARTED
468,7442,DELTA AIRLINES,2026-09-27 17:15:00,2026-09-27 17:07:00,NEWARK,UNITED STATES,3,,,LANDED
469,026,EL AL ISRAEL AIRLINES,2026-09-27 17:15:00,2026-09-27 17:07:00,NEWARK,UNITED STATES,3,,,LANDED
470,341,ISRAIR AIRLINES,2026-09-27 16:00:00,2026-09-27 17:07:00,ROME,ITALY,3,201-208,G,DEPARTED
471,7859,AERO MEXICO,2026-09-27 16:25:00,2026-09-27 17:08:00,MADRID,SPAIN,3,,,LANDED
472,7854,AEROLINEAS ARGENTINAS S.A.,2026-09-27 16:25:00,2026-09-27 17:08:00,MADRID,SPAIN,3,,,LANDED
473,7715,IBERIA,2026-09-27 16:25:00,2026-09-27 17:08:00,MADRID,SPAIN,3,,,LANDED
474,396,EL AL ISRAEL AIRLINES,2026-09-27 16:25:00,2026-09-27 17:08:00,MADRID,SPAIN,3,,,LANDED
475,343,EL AL ISRAEL AIRLINES,2026-09-27 16:35:00,2026-09-27 17:09:00,ZURICH,SWITZERLAND,3,78-99,D,DEPARTED
476,3191,SAS,2026-09-27 16:35:00,2026-09-27 17:09:00,ZURICH,SWITZERLAND,3,78-99,D,DEPARTED
477,515,ISRAIR AIRLINES,2026-09-27 15:40:00,2026-09-27 17:12:00,RHODES,GREECE,1,306-313,A,DEPARTED
478,382,EL AL ISRAEL AIRLINES,2026-09-27 16:40:00,2026-09-27 17:14:00,MILAN,ITALY,3,,,LANDED
479,3184,SAS,2026-09-27 16:40:00,2026-09-27 17:14:00,MILAN,ITALY,3,,,LANDED
480,4312,RED WINGS AIRLINES,2026-09-26 21:15:00,2026-09-27 17:14:00,SOCHI,RUSSIAN FEDERATION,3,4-5,A,DEPARTED
481,157,TUS AIRWAYS,2026-09-27 17:35:00,2026-09-27 17:15:00,PAPHOS,CYPRUS,3,,,LANDED
482,7877,AERO MEXICO,2026-09-27 17:00:00,2026-09-27 17:16:00,LONDON,UNITED KINGDOM,3,78-99,D,DEPARTED
483,317,EL AL ISRAEL AIRLINES,2026-09-27 17:00:00,2026-09-27 17:16:00,LONDON,UNITED KINGDOM,3,78-99,D,DEPARTED
484,7495,VIRGIN ATLANTIC AIRWAYS,2026-09-27 17:00:00,2026-09-27 17:16:00,LONDON,UNITED KINGDOM,3,78-99,D,DEPARTED
485,375,EL AL ISRAEL AIRLINES,2026-09-27 16:55:00,2026-09-27 17:19:00,LISBON,PORTUGAL,3,78-99,D,DEPARTED
486,8920,AIR PORTUGAL,2026-09-27 16:55:00,2026-09-27 17:19:00,LISBON,PORTUGAL,3,78-99,D,DEPARTED
487,1284,SMARTWINGS,2026-09-27 16:55:00,2026-09-27 17:21:00,PRAGUE,CZECH REPUBLIC,3,,,LANDED
488,687,LUFTHANSA,2026-09-27 16:30:00,2026-09-27 17:22:00,FRANKFURT,GERMANY,3,24-33,A,DEPARTED
489,583,ISRAIR AIRLINES,2026-09-27 14:00:00,2026-09-27 17:22:00,LARNACA,CYPRUS,3,201-208,G,DEPARTED
490,5032,EL AL ISRAEL AIRLINES,2026-09-27 17:25:00,2026-09-27 17:23:00,RHODES,GREECE,3,,,LANDED
491,053,ARKIA  ISRAELI  AIRLINES,2026-09-27 16:00:00,2026-09-27 17:25:00,CORFU,GREECE,3,G1-G18,G,DEPARTED
492,5438,EL AL ISRAEL AIRLINES,2026-09-27 18:10:00,2026-09-27 17:25:00,PAPHOS,CYPRUS,3,,,LANDED
493,7068,AIR FRANCE,2026-09-27 16:40:00,2026-09-27 17:27:00,PARIS,FRANCE,3,,,LANDED
494,7898,AERO MEXICO,2026-09-27 16:40:00,2026-09-27 17:27:00,PARIS,FRANCE,3,,,LANDED
495,320,EL AL ISRAEL AIRLINES,2026-09-27 16:40:00,2026-09-27 17:27:00,PARIS,FRANCE,3,,,LANDED
496,3162,SAS,2026-09-27 16:40:00,2026-09-27 17:27:00,PARIS,FRANCE,3,,,LANDED
497,717,ISRAIR AIRLINES,2026-09-27 11:45:00,2026-09-27 17:27:00,BUDAPEST,HUNGARY,3,201-206,G,DEPARTED
498,963,AIR FRANCE,2026-09-27 16:30:00,2026-09-27 17:28:00,PARIS,FRANCE,3,12-17,A,DEPARTED
499,9843,EL AL ISRAEL AIRLINES,2026-09-27 16:30:00,2026-09-27 17:28:00,PARIS,FRANCE,3,12-17,A,DEPARTED
500,112,TUS AIRWAYS,2026-09-27 17:30:00,2026-09-27 17:30:00,LARNACA,CYPRUS,3,220-226,G,CANCELED
501,093,ARKIA  ISRAELI  AIRLINES,2026-09-27 14:25:00,2026-09-27 17:31:00,HERAKLION,GREECE,1,332-337,B,DEPARTED
502,252,SWISS INT`L  AIRLINES,2026-09-27 17:00:00,2026-09-27 17:31:00,ZURICH,SWITZERLAND,3,,,LANDED
503,821,ARKIA  ISRAELI  AIRLINES,2026-09-27 16:50:00,2026-09-27 17:33:00,RAMON,ISRAEL,1,349-354,C,DEPARTED
504,442,BLUE BIRD AIRWAYS,2026-09-27 14:50:00,2026-09-27 17:35:00,BUDAPEST,HUNGARY,3,34-36,B,DEPARTED
505,161,TUS AIRWAYS,2026-09-27 10:30:00,2026-09-27 17:36:00,PAPHOS,CYPRUS,3,,,LANDED
506,449,ETHIOPIAN AIRLINES,2026-09-27 16:50:00,2026-09-27 17:37:00,ADDIS ABABA,ETHIOPIA,3,7-11,A,DEPARTED
507,7866,AERO MEXICO,2026-09-27 17:15:00,2026-09-27 17:39:00,MADRID,SPAIN,3,78-99,D,DEPARTED
508,7855,AEROLINEAS ARGENTINAS S.A.,2026-09-27 17:15:00,2026-09-27 17:39:00,MADRID,SPAIN,3,78-99,D,DEPARTED
509,7716,IBERIA,2026-09-27 17:15:00,2026-09-27 17:39:00,MADRID,SPAIN,3,78-99,D,DEPARTED
510,397,EL AL ISRAEL AIRLINES,2026-09-27 17:15:00,2026-09-27 17:39:00,MADRID,SPAIN,3,78-99,D,DEPARTED
511,081,AUSTRIAN AIRLINES,2026-09-27 17:45:00,2026-09-27 17:39:00,VIENNA,AUSTRIA,3,,,LANDED
512,825,ISRAIR AIRLINES,2026-09-27 17:00:00,2026-09-27 17:43:00,VILNIUS,LITHUANIA,1,306-313,A,DEPARTED
513,347,ISRAIR AIRLINES,2026-09-27 16:40:00,2026-09-27 17:46:00,ROME,ITALY,3,201-208,G,DEPARTED
514,594,ISRAIR AIRLINES,2026-09-27 17:05:00,2026-09-27 17:47:00,PAPHOS,CYPRUS,3,,,LANDED
515,363,EL AL ISRAEL AIRLINES,2026-09-27 17:30:00,2026-09-27 17:48:00,VIENNA,AUSTRIA,3,78-99,D,DEPARTED
516,6678,AIR BALTIC,2026-09-27 17:50:00,2026-09-27 17:49:00,AMSTERDAM,NETHERLANDS,3,,,LANDED
517,2472,K.L.M.,2026-09-27 17:50:00,2026-09-27 17:49:00,AMSTERDAM,NETHERLANDS,3,,,LANDED
518,338,EL AL ISRAEL AIRLINES,2026-09-27 17:50:00,2026-09-27 17:49:00,AMSTERDAM,NETHERLANDS,3,,,LANDED
519,3150,SAS,2026-09-27 17:50:00,2026-09-27 17:49:00,AMSTERDAM,NETHERLANDS,3,,,LANDED
520,154,BLUE BIRD AIRWAYS,2026-09-27 15:00:00,2026-09-27 17:50:00,BERGAMO,ITALY,3,38-40,B,DEPARTED
521,1149,CYPRUS AIRWAYS,2026-09-27 17:40:00,2026-09-27 17:52:00,LESBOS,GREECE,3,,,LANDED
522,681,LUFTHANSA,2026-09-27 17:05:00,2026-09-27 17:54:00,MUNICH,GERMANY,3,24-33,A,DEPARTED
523,338,ARKIA  ISRAELI  AIRLINES,2026-09-27 16:00:00,2026-09-27 17:55:00,MILAN,ITALY,3,,,LANDED
524,531,ISRAIR AIRLINES,2026-09-27 14:10:00,2026-09-27 17:56:00,CORFU,GREECE,1,306-313,A,DEPARTED
525,348,EL AL ISRAEL AIRLINES,2026-09-27 17:25:00,2026-09-27 17:58:00,ZURICH,SWITZERLAND,3,,,LANDED
526,3188,SAS,2026-09-27 17:25:00,2026-09-27 17:58:00,ZURICH,SWITZERLAND,3,,,LANDED
527,3264,WIZZ AIR MALTA,2026-09-27 16:25:00,2026-09-27 17:59:00,BUCHAREST,ROMANIA,1,361-372,D,DEPARTED
528,286,EL AL ISRAEL AIRLINES,2026-09-27 17:20:00,2026-09-27 18:00:00,ROME,ITALY,3,,,LANDED
529,3172,SAS,2026-09-27 17:20:00,2026-09-27 18:00:00,ROME,ITALY,3,,,LANDED
530,132,TUS AIRWAYS,2026-09-27 15:40:00,2026-09-27 18:01:00,ROME,ITALY,3,220-226,G,DEPARTED
531,901,ARKIA  ISRAELI  AIRLINES,2026-09-27 17:30:00,2026-09-27 18:03:00,BELGRADE,SERBIA,3,G1-G18,G,DEPARTED
532,3690,WIZZ AIR MALTA,2026-09-27 17:15:00,2026-09-27 18:08:00,IASI,ROMANIA,1,361-372,D,DEPARTED
533,6173,AIR FRANCE,2026-09-27 17:00:00,2026-09-27 18:11:00,NICE,FRANCE,3,78-99,D,DEPARTED
534,223,EL AL ISRAEL AIRLINES,2026-09-27 17:00:00,2026-09-27 18:11:00,NICE,FRANCE,3,78-99,D,DEPARTED
535,046,ISRAIR AIRLINES,2026-09-27 17:45:00,2026-09-27 18:12:00,RAMON,ISRAEL,1,,,LANDED
536,253,EL AL ISRAEL AIRLINES,2026-09-27 17:30:00,2026-09-27 18:13:00,MUNICH,GERMANY,3,78-99,D,DEPARTED
537,7859,AEROLINEAS ARGENTINAS S.A.,2026-09-27 18:00:00,2026-09-27 18:15:00,ROME,ITALY,3,78-99,D,DEPARTED
538,383,EL AL ISRAEL AIRLINES,2026-09-27 18:00:00,2026-09-27 18:15:00,ROME,ITALY,3,78-99,D,DEPARTED
539,3169,SAS,2026-09-27 18:00:00,2026-09-27 18:15:00,ROME,ITALY,3,78-99,D,DEPARTED
540,8900,AIR PORTUGAL,2026-09-27 18:00:00,2026-09-27 18:15:00,ROME,ITALY,3,78-99,D,DEPARTED
541,2327,WIZZAIR,2026-09-27 18:00:00,2026-09-27 18:15:00,BUDAPEST,HUNGARY,3,,,LANDED
542,5052,EL AL ISRAEL AIRLINES,2026-09-27 18:20:00,2026-09-27 18:18:00,SANTORINI,GREECE,3,,,LANDED
543,725,ISRAIR AIRLINES,2026-09-27 16:00:00,2026-09-27 18:20:00,BUDAPEST,HUNGARY,1,306-313,A,DEPARTED
544,711,ISRAIR AIRLINES,2026-09-27 18:00:00,2026-09-27 18:22:00,VARNA,BULGARIA,3,201-210,G,DEPARTED
545,7450,DELTA AIRLINES,2026-09-27 18:55:00,2026-09-27 18:24:00,MIAMI,UNITED STATES,3,,,LANDED
546,118,EL AL ISRAEL AIRLINES,2026-09-27 18:55:00,2026-09-27 18:24:00,MIAMI,UNITED STATES,3,,,LANDED
547,511,ISRAIR AIRLINES,2026-09-27 13:10:00,2026-09-27 18:26:00,RHODES,GREECE,1,306-313,A,DEPARTED
548,743,ARKIA  ISRAELI  AIRLINES,2026-09-27 17:10:00,2026-09-27 18:29:00,PARIS,FRANCE,3,G1-G18,G,DEPARTED
549,454,AEGEAN  AIRLINES,2026-09-27 16:45:00,2026-09-27 18:31:00,HERAKLION,GREECE,3,,,LANDED
550,545,EL AL ISRAEL AIRLINES,2026-09-27 17:15:00,2026-09-27 18:32:00,ATHENS,GREECE,3,78-99,D,DEPARTED
551,2470,EMIRATES,2026-09-27 18:15:00,2026-09-27 18:33:00,DUBAI,UNITED ARAB EMIRATES,3,,,LANDED
552,1125,FLYDUBAI,2026-09-27 18:15:00,2026-09-27 18:33:00,DUBAI,UNITED ARAB EMIRATES,3,,,LANDED
553,5412,EL AL ISRAEL AIRLINES,2026-09-27 18:20:00,2026-09-27 18:34:00,COPENHAGEN,DENMARK,3,,,LANDED
554,7710,IBERIA,2026-09-27 17:45:00,2026-09-27 18:35:00,BARCELONA,SPAIN,3,78-99,D,DEPARTED
555,391,EL AL ISRAEL AIRLINES,2026-09-27 17:45:00,2026-09-27 18:35:00,BARCELONA,SPAIN,3,78-99,D,DEPARTED
556,6175,AIR FRANCE,2026-09-27 18:20:00,2026-09-27 18:36:00,PARIS,FRANCE,3,,,LANDED
557,7855,AERO MEXICO,2026-09-27 18:20:00,2026-09-27 18:36:00,PARIS,FRANCE,3,,,LANDED
558,222,EL AL ISRAEL AIRLINES,2026-09-27 18:20:00,2026-09-27 18:36:00,PARIS,FRANCE,3,,,LANDED
559,3196,SAS,2026-09-27 18:20:00,2026-09-27 18:36:00,PARIS,FRANCE,3,,,LANDED
560,152,ARKIA  ISRAELI  AIRLINES,2026-09-27 17:40:00,2026-09-27 18:38:00,PAPHOS,CYPRUS,3,,,LANDED
561,2451,EMIRATES,2026-09-27 17:25:00,2026-09-27 18:41:00,DUBAI,UNITED ARAB EMIRATES,3,56-59,C,DEPARTED
562,1626,FLYDUBAI,2026-09-27 17:25:00,2026-09-27 18:41:00,DUBAI,UNITED ARAB EMIRATES,3,56-59,C,DEPARTED
563,417,ARKIA  ISRAELI  AIRLINES,2026-09-27 18:10:00,2026-09-27 18:45:00,TBILISI,GEORGIA,1,332-335,B,DEPARTED
564,5509,FLYONE,2026-09-27 18:30:00,2026-09-27 18:46:00,CHISINAU,MOLDOVA,3,,,LANDED
565,571,EL AL ISRAEL AIRLINES,2026-09-27 18:30:00,2026-09-27 18:49:00,BUCHAREST,ROMANIA,3,78-99,D,DEPARTED
566,9100,TAROM - ROMANIAN AIR TRANSPORT,2026-09-27 18:30:00,2026-09-27 18:49:00,BUCHAREST,ROMANIA,3,78-99,D,DEPARTED
567,082,AUSTRIAN AIRLINES,2026-09-27 18:40:00,2026-09-27 18:53:00,VIENNA,AUSTRIA,3,22-33,A,DEPARTED
568,289,EL AL ISRAEL AIRLINES,2026-09-27 18:00:00,2026-09-27 18:55:00,VENICE,ITALY,3,78-99,D,DEPARTED
569,517,SKY UP NISTRU,2026-09-27 19:00:00,2026-09-27 18:56:00,CHISINAU,MOLDOVA,3,,,LANDED
570,2523,EL AL ISRAEL AIRLINES,2026-09-27 17:55:00,2026-09-27 19:03:00,PRAGUE,CZECH REPUBLIC,3,78-99,D,DEPARTED
571,289,ARKIA  ISRAELI  AIRLINES,2026-09-27 19:05:00,2026-09-27 19:05:00,BRATISLAVA,SLOVAKIA,3,G1-G6,G,CANCELED
572,6043,WIZZ AIR MALTA,2026-09-27 18:45:00,2026-09-27 19:05:00,ROME,ITALY,3,,,LANDED
573,113,CYPRUS AIRWAYS,2026-09-27 19:00:00,2026-09-27 19:10:00,LARNACA,CYPRUS,3,1-3,A,DEPARTED
574,565,ISRAIR AIRLINES,2026-09-27 18:05:00,2026-09-27 19:12:00,ATHENS,GREECE,3,201-210,G,DEPARTED
575,5468,EL AL ISRAEL AIRLINES,2026-09-27 19:00:00,2026-09-27 19:13:00,TIVAT,MONTENEGRO,3,,,LANDED
576,387,EL AL ISRAEL AIRLINES,2026-09-27 18:30:00,2026-09-27 19:14:00,MILAN,ITALY,3,78-99,D,DEPARTED
577,8912,AIR PORTUGAL,2026-09-27 18:30:00,2026-09-27 19:14:00,MILAN,ITALY,3,78-99,D,DEPARTED
578,693,BLUE BIRD AIRWAYS,2026-09-27 18:10:00,2026-09-27 19:16:00,RHODES,GREECE,3,,,LANDED
579,1285,SMARTWINGS,2026-09-27 18:25:00,2026-09-27 19:16:00,PRAGUE,CZECH REPUBLIC,3,18-21,A,DEPARTED
580,253,SWISS INT`L  AIRLINES,2026-09-27 18:15:00,2026-09-27 19:19:00,ZURICH,SWITZERLAND,3,22-33,A,DEPARTED
581,6403,WIZZ AIR MALTA,2026-09-27 18:00:00,2026-09-27 19:19:00,MILAN,ITALY,3,,,LANDED
582,822,ARKIA  ISRAELI  AIRLINES,2026-09-27 19:20:00,2026-09-27 19:20:00,RAMON,ISRAEL,1,,,LANDED
583,757,BLUE BIRD AIRWAYS,2026-09-27 18:05:00,2026-09-27 19:21:00,HERAKLION,GREECE,3,,,LANDED
584,291,ARKIA  ISRAELI  AIRLINES,2026-09-27 15:25:00,2026-09-27 19:24:00,BUDAPEST,HUNGARY,3,G1-G18,G,DEPARTED
585,994,ARKIA  ISRAELI  AIRLINES,2026-09-27 19:50:00,2026-09-27 19:27:00,NEW YORK,UNITED STATES,3,,,LANDED
586,234,TUS AIRWAYS,2026-09-27 16:55:00,2026-09-27 19:27:00,CORFU,GREECE,3,220-226,G,DEPARTED
587,5183,EL AL ISRAEL AIRLINES,2026-09-27 19:10:00,2026-09-27 19:29:00,TIRANA,ALBANIA,1,316-327,A,DEPARTED
588,7880,AERO MEXICO,2026-09-27 19:35:00,2026-09-27 19:31:00,NEW YORK,UNITED STATES,3,,,LANDED
589,7433,DELTA AIRLINES,2026-09-27 19:35:00,2026-09-27 19:31:00,NEW YORK,UNITED STATES,3,,,LANDED
590,014,EL AL ISRAEL AIRLINES,2026-09-27 19:35:00,2026-09-27 19:31:00,NEW YORK,UNITED STATES,3,,,LANDED
591,155,LOT POLISH AIRLINES,2026-09-27 19:50:00,2026-09-27 19:37:00,WARSAW,POLAND,3,,,LANDED
592,9252,EL AL ISRAEL AIRLINES,2026-09-27 19:50:00,2026-09-27 19:37:00,WARSAW,POLAND,3,,,LANDED
593,888,ISRAIR AIRLINES,2026-09-27 19:50:00,2026-09-27 19:40:00,BATUMI,GEORGIA,3,,,LANDED
594,591,ARKIA  ISRAELI  AIRLINES,2026-09-27 19:00:00,2026-09-27 19:41:00,BANGKOK,THAILAND,3,42-48,B,DEPARTED
595,7865,AERO MEXICO,2026-09-27 19:15:00,2026-09-27 19:43:00,NEW YORK,UNITED STATES,3,78-99,D,DEPARTED
596,7432,DELTA AIRLINES,2026-09-27 19:15:00,2026-09-27 19:43:00,NEW YORK,UNITED STATES,3,78-99,D,DEPARTED
597,011,EL AL ISRAEL AIRLINES,2026-09-27 19:15:00,2026-09-27 19:43:00,NEW YORK,UNITED STATES,3,78-99,D,DEPARTED
598,543,EL AL ISRAEL AIRLINES,2026-09-27 19:30:00,2026-09-27 19:46:00,ATHENS,GREECE,3,78-99,D,DEPARTED
599,2527,WIZZAIR,2026-09-27 18:55:00,2026-09-27 19:47:00,BUDAPEST,HUNGARY,3,,,LANDED
600,5142,EL AL ISRAEL AIRLINES,2026-09-27 19:35:00,2026-09-27 19:48:00,LARNACA,CYPRUS,3,,,LANDED
601,2367,EL AL ISRAEL AIRLINES,2026-09-27 19:40:00,2026-09-27 19:49:00,BUDAPEST,HUNGARY,3,78-99,D,DEPARTED
602,2345,EMIRATES,2026-09-27 19:30:00,2026-09-27 19:50:00,DUBAI,UNITED ARAB EMIRATES,3,,,LANDED
603,1807,FLYDUBAI,2026-09-27 19:30:00,2026-09-27 19:50:00,DUBAI,UNITED ARAB EMIRATES,3,,,LANDED
604,926,AEGEAN  AIRLINES,2026-09-27 19:00:00,2026-09-27 19:51:00,ATHENS,GREECE,3,,,LANDED
605,4976,EMIRATES,2026-09-27 19:00:00,2026-09-27 19:51:00,ATHENS,GREECE,3,,,LANDED
606,7620,AIR SERBIA,2026-09-27 19:00:00,2026-09-27 19:51:00,ATHENS,GREECE,3,,,LANDED
607,055,ISRAIR AIRLINES,2026-09-27 18:45:00,2026-09-27 19:53:00,RAMON,ISRAEL,1,355-360,C,DEPARTED
608,4309,CONDOR  FLUGDIENST,2026-09-27 20:00:00,2026-09-27 19:54:00,FRANKFURT,GERMANY,3,,,LANDED
609,741,BLUE BIRD AIRWAYS,2026-09-27 20:00:00,2026-09-27 19:58:00,HERAKLION,GREECE,3,,,LANDED
610,2328,WIZZAIR,2026-09-27 18:55:00,2026-09-27 19:58:00,BUDAPEST,HUNGARY,1,361-370,D,DEPARTED
611,5195,EL AL ISRAEL AIRLINES,2026-09-27 19:30:00,2026-09-27 20:03:00,BELGRADE,SERBIA,1,316-327,A,DEPARTED
612,5450,EL AL ISRAEL AIRLINES,2026-09-27 20:20:00,2026-09-27 20:05:00,PREVEZA,GREECE,3,,,LANDED
613,803,BLUE BIRD AIRWAYS,2026-09-27 20:00:00,2026-09-27 20:07:00,KOS,GREECE,3,,,LANDED
614,5137,EL AL ISRAEL AIRLINES,2026-09-27 19:40:00,2026-09-27 20:07:00,PAPHOS,CYPRUS,1,316-327,A,DEPARTED
615,5116,EL AL ISRAEL AIRLINES,2026-09-27 19:20:00,2026-09-27 20:09:00,BATUMI,GEORGIA,3,,,LANDED
616,527,AEGEAN  AIRLINES,2026-09-27 18:20:00,2026-09-27 20:12:00,LARNACA,CYPRUS,3,52-55,B,DEPARTED
617,7446,DELTA AIRLINES,2026-09-27 20:55:00,2026-09-27 20:12:00,MIAMI,UNITED STATES,3,,,LANDED
618,122,EL AL ISRAEL AIRLINES,2026-09-27 20:55:00,2026-09-27 20:12:00,MIAMI,UNITED STATES,3,,,LANDED
619,2471,EMIRATES,2026-09-27 19:45:00,2026-09-27 20:14:00,DUBAI,UNITED ARAB EMIRATES,3,56-61,C,DEPARTED
620,1126,FLYDUBAI,2026-09-27 19:45:00,2026-09-27 20:14:00,DUBAI,UNITED ARAB EMIRATES,3,56-61,C,DEPARTED
621,584,ISRAIR AIRLINES,2026-09-27 17:10:00,2026-09-27 20:15:00,LARNACA,CYPRUS,3,,,LANDED
622,701,BLUE BIRD AIRWAYS,2026-09-27 19:00:00,2026-09-27 20:18:00,ATHENS,GREECE,3,,,LANDED
623,419,ARKIA  ISRAELI  AIRLINES,2026-09-27 16:15:00,2026-09-27 20:21:00,BATUMI,GEORGIA,3,G1-G18,G,DEPARTED
624,827,ARKIA  ISRAELI  AIRLINES,2026-09-27 20:20:00,2026-09-27 20:24:00,RAMON,ISRAEL,1,349-354,C,DEPARTED
625,598,ETIHAD AIRWAYS,2026-09-27 20:10:00,2026-09-27 20:29:00,ABU DHABI,UNITED ARAB EMIRATES,3,12-17,A,DEPARTED
626,9607,EL AL ISRAEL AIRLINES,2026-09-27 20:10:00,2026-09-27 20:29:00,ABU DHABI,UNITED ARAB EMIRATES,3,12-17,A,DEPARTED
627,5803,WIZZ UK,2026-09-27 20:50:00,2026-09-27 20:31:00,LONDON,UNITED KINGDOM,3,,,LANDED
628,5510,FLYONE,2026-09-27 19:30:00,2026-09-27 20:31:00,CHISINAU,MOLDOVA,3,66-70,C,DEPARTED
629,891,ISRAIR AIRLINES,2026-09-27 19:40:00,2026-09-27 20:36:00,TBILISI,GEORGIA,1,306-310,A,DEPARTED
630,6044,WIZZ AIR MALTA,2026-09-27 19:40:00,2026-09-27 20:40:00,ROME,ITALY,1,361-372,D,DEPARTED
631,518,SKY UP NISTRU,2026-09-27 20:00:00,2026-09-27 20:41:00,CHISINAU,MOLDOVA,3,62-65,C,DEPARTED
632,6049,WIZZ AIR MALTA,2026-09-27 21:00:00,2026-09-27 20:43:00,ROME,ITALY,3,,,LANDED
633,414,ETHIOPIAN AIRLINES,2026-09-27 21:10:00,2026-09-27 20:48:00,ADDIS ABABA,ETHIOPIA,3,,,LANDED
634,8806,EL AL ISRAEL AIRLINES,2026-09-27 21:10:00,2026-09-27 20:48:00,ADDIS ABABA,ETHIOPIA,3,,,LANDED
635,368,ARKIA  ISRAELI  AIRLINES,2026-09-27 20:35:00,2026-09-27 20:51:00,TIVAT,MONTENEGRO,3,,,LANDED
636,516,ISRAIR AIRLINES,2026-09-27 19:55:00,2026-09-27 20:52:00,RHODES,GREECE,3,,,LANDED
637,696,BLUE BIRD AIRWAYS,2026-09-27 19:10:00,2026-09-27 21:03:00,RHODES,GREECE,3,36-38,B,DEPARTED
638,927,AEGEAN  AIRLINES,2026-09-27 19:55:00,2026-09-27 21:07:00,ATHENS,GREECE,3,49-52,B,DEPARTED
639,4978,EMIRATES,2026-09-27 19:55:00,2026-09-27 21:07:00,ATHENS,GREECE,3,49-52,B,DEPARTED
640,7614,AIR SERBIA,2026-09-27 19:55:00,2026-09-27 21:07:00,ATHENS,GREECE,3,49-52,B,DEPARTED
641,7070,AIR FRANCE,2026-09-27 20:55:00,2026-09-27 21:08:00,PARIS,FRANCE,3,,,LANDED
642,7862,AERO MEXICO,2026-09-27 20:55:00,2026-09-27 21:08:00,PARIS,FRANCE,3,,,LANDED
643,324,EL AL ISRAEL AIRLINES,2026-09-27 20:55:00,2026-09-27 21:08:00,PARIS,FRANCE,3,,,LANDED
644,3160,SAS,2026-09-27 20:55:00,2026-09-27 21:08:00,PARIS,FRANCE,3,,,LANDED
645,6404,WIZZ AIR MALTA,2026-09-27 18:55:00,2026-09-27 21:11:00,MILAN,ITALY,1,361-372,D,DEPARTED
646,7061,WIZZAIR,2026-09-27 21:35:00,2026-09-27 21:11:00,BRATISLAVA,SLOVAKIA,3,,,LANDED
647,713,ISRAIR AIRLINES,2026-09-27 21:15:00,2026-09-27 21:15:00,VARNA,BULGARIA,3,201-210,G,CANCELED
648,5305,WIZZ UK,2026-09-27 21:35:00,2026-09-27 21:17:00,LONDON LUTON,UNITED KINGDOM,3,,,LANDED
649,094,ARKIA  ISRAELI  AIRLINES,2026-09-27 20:15:00,2026-09-27 21:20:00,HERAKLION,GREECE,3,,,LANDED
650,321,AZERBAIJAN AIRLINES,2026-09-27 21:45:00,2026-09-27 21:23:00,BAKU,AZERBAIJAN,3,,,LANDED
651,9956,EL AL ISRAEL AIRLINES,2026-09-27 21:45:00,2026-09-27 21:23:00,BAKU,AZERBAIJAN,3,,,LANDED
652,5181,EL AL ISRAEL AIRLINES,2026-09-27 21:00:00,2026-09-27 21:24:00,ZAGREB,CROATIA,1,316-327,A,DEPARTED
653,9136,FLY LILI,2026-09-27 21:00:00,2026-09-27 21:27:00,LARNACA,CYPRUS,3,,,LANDED
654,2528,WIZZAIR,2026-09-27 20:55:00,2026-09-27 21:30:00,BUDAPEST,HUNGARY,1,361-372,D,DEPARTED
655,5129,EL AL ISRAEL AIRLINES,2026-09-27 21:15:00,2026-09-27 21:33:00,CHISINAU,MOLDOVA,3,78-99,D,DEPARTED
656,5420,EL AL ISRAEL AIRLINES,2026-09-27 21:30:00,2026-09-27 21:33:00,KRAKOW,POLAND,3,,,LANDED
657,2167,EMIRATES,2026-09-27 21:40:00,2026-09-27 21:36:00,DUBAI,UNITED ARAB EMIRATES,3,,,LANDED
658,1053,FLYDUBAI,2026-09-27 21:40:00,2026-09-27 21:36:00,DUBAI,UNITED ARAB EMIRATES,3,,,LANDED
659,111,TUS AIRWAYS,2026-09-27 20:10:00,2026-09-27 21:43:00,LARNACA,CYPRUS,3,220-226,G,DEPARTED
660,2346,EMIRATES,2026-09-27 20:45:00,2026-09-27 21:46:00,DUBAI,UNITED ARAB EMIRATES,3,56-61,C,DEPARTED
661,1808,FLYDUBAI,2026-09-27 20:45:00,2026-09-27 21:46:00,DUBAI,UNITED ARAB EMIRATES,3,56-61,C,DEPARTED
662,729,ISRAIR AIRLINES,2026-09-27 18:10:00,2026-09-27 21:48:00,BOURGAS,BULGARIA,3,201-210,G,DEPARTED
663,5109,EL AL ISRAEL AIRLINES,2026-09-27 20:50:00,2026-09-27 21:51:00,TBILISI,GEORGIA,1,316-327,A,DEPARTED
664,6527,WIZZ AIR MALTA,2026-09-27 21:55:00,2026-09-27 21:55:00,CATANIA,ITALY,3,,,CANCELED
665,056,ISRAIR AIRLINES,2026-09-27 21:15:00,2026-09-27 22:01:00,RAMON,ISRAEL,1,,,LANDED
666,512,ISRAIR AIRLINES,2026-09-27 17:25:00,2026-09-27 22:12:00,RHODES,GREECE,3,,,LANDED
667,163,ISRAIR AIRLINES,2026-09-27 20:30:00,2026-09-27 22:17:00,TIRANA,ALBANIA,1,306-310,A,DEPARTED
668,6050,WIZZ AIR MALTA,2026-09-27 21:55:00,2026-09-27 22:19:00,ROME,ITALY,1,361-372,D,DEPARTED
669,589,ISRAIR AIRLINES,2026-09-27 21:15:00,2026-09-27 22:22:00,LARNACA,CYPRUS,3,201-210,G,DEPARTED
670,828,ARKIA  ISRAELI  AIRLINES,2026-09-27 22:50:00,2026-09-27 22:23:00,RAMON,ISRAEL,1,,,LANDED
671,5804,WIZZ UK,2026-09-27 21:45:00,2026-09-27 22:24:00,LONDON,UNITED KINGDOM,3,24-28,A,DEPARTED
672,758,BLUE BIRD AIRWAYS,2026-09-27 19:20:00,2026-09-27 22:29:00,HERAKLION,GREECE,3,34-36,B,DEPARTED
673,7448,DELTA AIRLINES,2026-09-27 22:00:00,2026-09-27 22:29:00,LONDON,UNITED KINGDOM,3,,,LANDED
674,316,EL AL ISRAEL AIRLINES,2026-09-27 22:00:00,2026-09-27 22:29:00,LONDON,UNITED KINGDOM,3,,,LANDED
675,3176,SAS,2026-09-27 22:00:00,2026-09-27 22:29:00,LONDON,UNITED KINGDOM,3,,,LANDED
676,7494,VIRGIN ATLANTIC AIRWAYS,2026-09-27 22:00:00,2026-09-27 22:29:00,LONDON,UNITED KINGDOM,3,,,LANDED
677,457,HISKY,2026-09-27 22:40:00,2026-09-27 22:35:00,CHISINAU,MOLDOVA,3,,,LANDED
678,762,ISRAIR AIRLINES,2026-09-27 18:40:00,2026-09-27 22:36:00,PRAGUE,CZECH REPUBLIC,3,,,LANDED
679,700,ANIMA WINGS AVIATION,2026-09-27 22:35:00,2026-09-27 22:38:00,BUCHAREST,ROMANIA,3,,,LANDED
680,7861,AERO MEXICO,2026-09-27 23:05:00,2026-09-27 22:40:00,LOS ANGELES,UNITED STATES,3,,,LANDED
681,7445,DELTA AIRLINES,2026-09-27 23:05:00,2026-09-27 22:40:00,LOS ANGELES,UNITED STATES,3,,,LANDED
682,106,EL AL ISRAEL AIRLINES,2026-09-27 23:05:00,2026-09-27 22:40:00,LOS ANGELES,UNITED STATES,3,,,LANDED
683,7062,WIZZAIR,2026-09-27 22:40:00,2026-09-27 22:45:00,BRATISLAVA,SLOVAKIA,1,361-372,D,DEPARTED
684,6528,WIZZ AIR MALTA,2026-09-27 22:50:00,2026-09-27 22:50:00,CATANIA,ITALY,1,361-372,D,CANCELED
685,5133,EL AL ISRAEL AIRLINES,2026-09-27 20:30:00,2026-09-27 22:54:00,LARNACA,CYPRUS,1,316-327,A,DEPARTED
686,107,TUS AIRWAYS,2026-09-27 19:40:00,2026-09-27 22:56:00,LARNACA,CYPRUS,3,220-226,G,DEPARTED
687,054,ARKIA  ISRAELI  AIRLINES,2026-09-27 21:50:00,2026-09-27 22:59:00,CORFU,GREECE,3,,,LANDED
688,251,BLUE BIRD AIRWAYS,2026-09-27 22:50:00,2026-09-27 23:00:00,BARCELONA,SPAIN,3,,,LANDED
689,081,EL AL ISRAEL AIRLINES,2026-09-27 22:20:00,2026-09-27 23:00:00,BANGKOK,THAILAND,3,78-99,D,DEPARTED
690,5138,EL AL ISRAEL AIRLINES,2026-09-27 23:10:00,2026-09-27 23:00:00,PAPHOS,CYPRUS,3,,,LANDED
691,5020,QANTAS AIRWAYS,2026-09-27 22:20:00,2026-09-27 23:00:00,BANGKOK,THAILAND,3,78-99,D,DEPARTED
692,4584,THAI AIRWAYS,2026-09-27 22:20:00,2026-09-27 23:00:00,BANGKOK,THAILAND,3,78-99,D,DEPARTED
693,3298,VIETNAM AIRLINES,2026-09-27 22:20:00,2026-09-27 23:00:00,BANGKOK,THAILAND,3,78-99,D,DEPARTED
694,015,RED WINGS AIRLINES,2026-09-27 23:00:00,2026-09-27 23:03:00,MOSCOW,RUSSIAN FEDERATION,3,,,LANDED
695,5306,WIZZ UK,2026-09-27 22:30:00,2026-09-27 23:03:00,LONDON LUTON,UNITED KINGDOM,3,29-33,A,DEPARTED
696,317,BLUE BIRD AIRWAYS,2026-09-27 22:10:00,2026-09-27 23:06:00,VIENNA,AUSTRIA,3,,,LANDED
697,102,ONE CLICK,2026-09-27 22:15:00,2026-09-27 23:06:00,TBILISI,GEORGIA,3,1-4,A,DEPARTED
698,2168,EMIRATES,2026-09-27 22:50:00,2026-09-27 23:07:00,DUBAI,UNITED ARAB EMIRATES,3,56-59,C,DEPARTED
699,1054,FLYDUBAI,2026-09-27 22:50:00,2026-09-27 23:07:00,DUBAI,UNITED ARAB EMIRATES,3,56-59,C,DEPARTED
700,169,ARKIA  ISRAELI  AIRLINES,2026-09-27 22:00:00,2026-09-27 23:13:00,LARNACA,CYPRUS,1,332-341,B,DEPARTED
701,322,AZERBAIJAN AIRLINES,2026-09-27 23:00:00,2026-09-27 23:16:00,BAKU,AZERBAIJAN,3,G1-G5,G,DEPARTED
702,9955,EL AL ISRAEL AIRLINES,2026-09-27 23:00:00,2026-09-27 23:16:00,BAKU,AZERBAIJAN,3,G1-G5,G,DEPARTED
703,690,LUFTHANSA,2026-09-27 23:15:00,2026-09-27 23:18:00,FRANKFURT,GERMANY,3,,,LANDED
704,057,ISRAIR AIRLINES,2026-09-27 22:00:00,2026-09-27 23:21:00,RAMON,ISRAEL,1,355-360,C,DEPARTED
705,599,ETIHAD AIRWAYS,2026-09-27 23:05:00,2026-09-27 23:30:00,ABU DHABI,UNITED ARAB EMIRATES,3,,,LANDED
706,2215,ARKIA  ISRAELI  AIRLINES,2026-09-27 22:55:00,2026-09-27 23:30:00,ATHENS,GREECE,1,332-341,B,DEPARTED
707,9611,EL AL ISRAEL AIRLINES,2026-09-27 23:05:00,2026-09-27 23:30:00,ABU DHABI,UNITED ARAB EMIRATES,3,,,LANDED
708,282,ARKIA  ISRAELI  AIRLINES,2026-09-27 23:25:00,2026-09-27 23:31:00,PRAGUE,CZECH REPUBLIC,3,,,LANDED
709,411,ARKIA  ISRAELI  AIRLINES,2026-09-27 21:45:00,2026-09-27 23:33:00,TIRANA,ALBANIA,1,332-341,B,DEPARTED
710,9492,EL AL ISRAEL AIRLINES,2026-09-27 23:20:00,2026-09-27 23:38:00,BUCHAREST,ROMANIA,3,,,LANDED
711,2153,TAROM - ROMANIAN AIR TRANSPORT,2026-09-27 23:20:00,2026-09-27 23:38:00,BUCHAREST,ROMANIA,3,,,LANDED
712,237,HISKY EUROPE SRL,2026-09-27 22:00:00,2026-09-27 23:42:00,BUCHAREST,ROMANIA,3,,,LANDED
713,532,ISRAIR AIRLINES,2026-09-27 20:15:00,2026-09-27 23:44:00,CORFU,GREECE,3,,,LANDED
714,595,ISRAIR AIRLINES,2026-09-27 19:15:00,2026-09-27 23:45:00,PAPHOS,CYPRUS,3,201-210,G,DEPARTED
715,712,ISRAIR AIRLINES,2026-09-27 23:45:00,2026-09-27 23:47:00,VARNA,BULGARIA,3,,,LANDED
716,546,EL AL ISRAEL AIRLINES,2026-09-27 22:40:00,2026-09-27 23:49:00,ATHENS,GREECE,3,,,LANDED
717,110,TUS AIRWAYS,2026-09-27 21:05:00,2026-09-28 00:03:00,LARNACA,CYPRUS,3,,,LANDED
718,271,BLUE BIRD AIRWAYS,2026-09-28 00:25:00,2026-09-28 00:07:00,BERLIN,GERMANY,3,,,LANDED
719,458,HISKY,2026-09-27 23:40:00,2026-09-28 00:08:00,CHISINAU,MOLDOVA,3,G10-G13,G,DEPARTED
720,591,ISRAIR AIRLINES,2026-09-27 21:30:00,2026-09-28 00:13:00,PAPHOS,CYPRUS,3,201-210,G,DEPARTED
721,461,TUS AIRWAYS,2026-09-27 23:50:00,2026-09-28 00:14:00,PRAGUE,CZECH REPUBLIC,3,,,LANDED
722,701,ANIMA WINGS AVIATION,2026-09-27 23:35:00,2026-09-28 00:16:00,BUCHAREST,ROMANIA,3,40-43,B,DEPARTED
723,682,LUFTHANSA,2026-09-28 00:00:00,2026-09-28 00:20:00,MUNICH,GERMANY,3,,,LANDED
724,252,ISRAIR AIRLINES,2026-09-28 00:05:00,2026-09-28 00:22:00,BERLIN,GERMANY,3,,,LANDED
725,352,EL AL ISRAEL AIRLINES,2026-09-28 00:45:00,2026-09-28 00:31:00,MUNICH,GERMANY,3,,,LANDED
726,7851,AEROLINEAS ARGENTINAS S.A.,2026-09-28 00:15:00,2026-09-28 00:32:00,MIAMI,UNITED STATES,3,78-99,D,DEPARTED
727,7437,DELTA AIRLINES,2026-09-28 00:15:00,2026-09-28 00:32:00,MIAMI,UNITED STATES,3,78-99,D,DEPARTED
728,017,EL AL ISRAEL AIRLINES,2026-09-28 00:15:00,2026-09-28 00:32:00,MIAMI,UNITED STATES,3,78-99,D,DEPARTED
729,695,BLUE BIRD AIRWAYS,2026-09-28 01:15:00,2026-09-28 00:35:00,RHODES,GREECE,3,,,LANDED
730,912,ARKIA  ISRAELI  AIRLINES,2026-09-28 00:10:00,2026-09-28 00:38:00,STANSTED,UNITED KINGDOM,3,,,LANDED
731,580,ISRAIR AIRLINES,2026-09-28 00:25:00,2026-09-28 00:40:00,LARNACA,CYPRUS,3,,,LANDED
732,7443,DELTA AIRLINES,2026-09-28 00:30:00,2026-09-28 00:41:00,NEWARK,UNITED STATES,3,78-99,D,DEPARTED
733,027,EL AL ISRAEL AIRLINES,2026-09-28 00:30:00,2026-09-28 00:41:00,NEWARK,UNITED STATES,3,78-99,D,DEPARTED
734,116,ISRAIR AIRLINES,2026-09-28 00:05:00,2026-09-28 00:43:00,LONDON LUTON,UNITED KINGDOM,3,,,LANDED
735,418,ARKIA  ISRAELI  AIRLINES,2026-09-28 01:55:00,2026-09-28 00:45:00,TBILISI,GEORGIA,3,,,LANDED
736,991,ARKIA  ISRAELI  AIRLINES,2026-09-28 00:05:00,2026-09-28 00:46:00,NEW YORK,UNITED STATES,3,48-55,B,DEPARTED
737,441,BLUE BIRD AIRWAYS,2026-09-27 23:20:00,2026-09-28 00:50:00,BUDAPEST,HUNGARY,3,,,LANDED
738,572,EL AL ISRAEL AIRLINES,2026-09-28 00:50:00,2026-09-28 00:52:00,BUCHAREST,ROMANIA,3,,,LANDED
739,9101,TAROM - ROMANIAN AIR TRANSPORT,2026-09-28 00:50:00,2026-09-28 00:52:00,BUCHAREST,ROMANIA,3,,,LANDED
740,718,ISRAIR AIRLINES,2026-09-27 20:20:00,2026-09-28 00:55:00,BUDAPEST,HUNGARY,3,,,LANDED
741,5520,AIR CANADA,2026-09-27 23:25:00,2026-09-28 00:57:00,NEWARK,UNITED STATES,3,12-19,A,DEPARTED
742,091,UNITED AIRLINES,2026-09-27 23:25:00,2026-09-28 00:57:00,NEWARK,UNITED STATES,3,12-19,A,DEPARTED
743,083,EL AL ISRAEL AIRLINES,2026-09-28 00:55:00,2026-09-28 01:01:00,BANGKOK,THAILAND,3,78-99,D,DEPARTED
744,5018,QANTAS AIRWAYS,2026-09-28 00:55:00,2026-09-28 01:01:00,BANGKOK,THAILAND,3,78-99,D,DEPARTED
745,4586,THAI AIRWAYS,2026-09-28 00:55:00,2026-09-28 01:01:00,BANGKOK,THAILAND,3,78-99,D,DEPARTED
746,235,TUS AIRWAYS,2026-09-27 22:55:00,2026-09-28 01:01:00,CORFU,GREECE,3,,,LANDED
747,3294,VIETNAM AIRLINES,2026-09-28 00:55:00,2026-09-28 01:01:00,BANGKOK,THAILAND,3,78-99,D,DEPARTED
748,9493,EL AL ISRAEL AIRLINES,2026-09-28 00:20:00,2026-09-28 01:04:00,BUCHAREST,ROMANIA,3,44-46,B,DEPARTED
749,2154,TAROM - ROMANIAN AIR TRANSPORT,2026-09-28 00:20:00,2026-09-28 01:04:00,BUCHAREST,ROMANIA,3,44-46,B,DEPARTED
750,6682,AIR BALTIC,2026-09-28 00:40:00,2026-09-28 01:05:00,MILAN,ITALY,3,,,LANDED
751,282,EL AL ISRAEL AIRLINES,2026-09-28 00:40:00,2026-09-28 01:05:00,MILAN,ITALY,3,,,LANDED
752,3164,SAS,2026-09-28 00:40:00,2026-09-28 01:05:00,MILAN,ITALY,3,,,LANDED
753,691,LUFTHANSA,2026-09-28 01:10:00,2026-09-28 01:09:00,ATHENS,GREECE,3,27-33,A,DEPARTED
754,084,EL AL ISRAEL AIRLINES,2026-09-28 00:05:00,2026-09-28 01:12:00,BANGKOK,THAILAND,3,,,LANDED
755,5019,QANTAS AIRWAYS,2026-09-28 00:05:00,2026-09-28 01:12:00,BANGKOK,THAILAND,3,,,LANDED
756,4585,THAI AIRWAYS,2026-09-28 00:05:00,2026-09-28 01:12:00,BANGKOK,THAILAND,3,,,LANDED
757,3295,VIETNAM AIRLINES,2026-09-28 00:05:00,2026-09-28 01:12:00,BANGKOK,THAILAND,3,,,LANDED
758,600,ETIHAD AIRWAYS,2026-09-28 00:55:00,2026-09-28 01:13:00,ABU DHABI,UNITED ARAB EMIRATES,3,20-25,A,DEPARTED
759,9612,EL AL ISRAEL AIRLINES,2026-09-28 00:55:00,2026-09-28 01:13:00,ABU DHABI,UNITED ARAB EMIRATES,3,20-25,A,DEPARTED
760,544,EL AL ISRAEL AIRLINES,2026-09-28 00:50:00,2026-09-28 01:15:00,ATHENS,GREECE,3,,,LANDED
761,238,HISKY EUROPE SRL,2026-09-27 23:00:00,2026-09-28 01:17:00,BUCHAREST,ROMANIA,3,G13-G16,G,DEPARTED
762,272,ARKIA  ISRAELI  AIRLINES,2026-09-28 00:50:00,2026-09-28 01:18:00,BARCELONA,SPAIN,3,,,LANDED
763,405,ETHIOPIAN AIRLINES,2026-09-28 01:00:00,2026-09-28 01:21:00,ADDIS ABABA,ETHIOPIA,3,34-38,B,DEPARTED
764,8807,EL AL ISRAEL AIRLINES,2026-09-28 01:00:00,2026-09-28 01:21:00,ADDIS ABABA,ETHIOPIA,3,34-38,B,DEPARTED
765,102,TUS AIRWAYS,2026-09-27 22:45:00,2026-09-28 01:21:00,LARNACA,CYPRUS,3,,,LANDED
766,7074,AIR FRANCE,2026-09-28 00:45:00,2026-09-28 01:23:00,PARIS,FRANCE,3,,,LANDED
767,7890,AERO MEXICO,2026-09-28 00:45:00,2026-09-28 01:23:00,PARIS,FRANCE,3,,,LANDED
768,328,EL AL ISRAEL AIRLINES,2026-09-28 00:45:00,2026-09-28 01:23:00,PARIS,FRANCE,3,,,LANDED
769,971,ISRAIR AIRLINES,2026-09-28 00:30:00,2026-09-28 01:24:00,NEW YORK,UNITED STATES,3,201-207,G,DEPARTED
770,7869,AERO MEXICO,2026-09-28 01:00:00,2026-09-28 01:26:00,NEW YORK,UNITED STATES,3,78-99,D,DEPARTED
771,7424,DELTA AIRLINES,2026-09-28 01:00:00,2026-09-28 01:26:00,NEW YORK,UNITED STATES,3,78-99,D,DEPARTED
772,001,EL AL ISRAEL AIRLINES,2026-09-28 01:00:00,2026-09-28 01:26:00,NEW YORK,UNITED STATES,3,78-99,D,DEPARTED
773,566,ISRAIR AIRLINES,2026-09-27 23:20:00,2026-09-28 01:29:00,ATHENS,GREECE,3,,,LANDED
774,7875,AERO MEXICO,2026-09-28 01:05:00,2026-09-28 01:34:00,LOS ANGELES,UNITED STATES,3,78-99,D,DEPARTED
775,7428,DELTA AIRLINES,2026-09-28 01:05:00,2026-09-28 01:34:00,LOS ANGELES,UNITED STATES,3,78-99,D,DEPARTED
776,005,EL AL ISRAEL AIRLINES,2026-09-28 01:05:00,2026-09-28 01:34:00,LOS ANGELES,UNITED STATES,3,78-99,D,DEPARTED
777,131,TUS AIRWAYS,2026-09-28 02:00:00,2026-09-28 01:40:00,ROME,ITALY,3,,,LANDED
778,597,ISRAIR AIRLINES,2026-09-27 17:00:00,2026-09-28 01:40:00,PAPHOS,CYPRUS,3,201-208,G,DEPARTED
779,683,LUFTHANSA,2026-09-28 01:45:00,2026-09-28 01:43:00,LARNACA,CYPRUS,3,27-33,A,DEPARTED
780,726,ISRAIR AIRLINES,2026-09-27 23:40:00,2026-09-28 01:44:00,BUDAPEST,HUNGARY,3,,,LANDED
781,6672,AIR BALTIC,2026-09-28 02:00:00,2026-09-28 01:47:00,VIENNA,AUSTRIA,3,,,LANDED
782,364,EL AL ISRAEL AIRLINES,2026-09-28 02:00:00,2026-09-28 01:47:00,VIENNA,AUSTRIA,3,,,LANDED
783,016,RED WINGS AIRLINES,2026-09-28 00:15:00,2026-09-28 01:47:00,MOSCOW,RUSSIAN FEDERATION,3,G5-G9,G,DEPARTED
784,5134,EL AL ISRAEL AIRLINES,2026-09-27 23:50:00,2026-09-28 01:49:00,LARNACA,CYPRUS,3,,,LANDED
785,611,BLUE BIRD AIRWAYS,2026-09-28 01:00:00,2026-09-28 01:52:00,AMSTERDAM,NETHERLANDS,3,,,LANDED
786,092,EL AL ISRAEL AIRLINES,2026-09-28 02:40:00,2026-09-28 01:56:00,TOKYO,JAPAN,3,,,LANDED
787,5013,QANTAS AIRWAYS,2026-09-28 02:40:00,2026-09-28 01:56:00,TOKYO,JAPAN,3,,,LANDED
788,563,ISRAIR AIRLINES,2026-09-27 21:50:00,2026-09-28 01:58:00,ATHENS,GREECE,3,208-211,G,DEPARTED
789,224,ARKIA  ISRAELI  AIRLINES,2026-09-27 21:45:00,2026-09-28 02:05:00,THESSALONIKI,GREECE,3,,,LANDED
790,356,EL AL ISRAEL AIRLINES,2026-09-28 00:05:00,2026-09-28 02:11:00,FRANKFURT,GERMANY,3,,,LANDED
791,151,BLUE BIRD AIRWAYS,2026-09-28 04:40:00,2026-09-28 02:14:00,BERGAMO,ITALY,3,,,LANDED
792,6688,AIR BALTIC,2026-09-28 02:10:00,2026-09-28 02:16:00,ZURICH,SWITZERLAND,3,,,LANDED
793,344,EL AL ISRAEL AIRLINES,2026-09-28 02:10:00,2026-09-28 02:16:00,ZURICH,SWITZERLAND,3,,,LANDED
794,3190,SAS,2026-09-28 02:10:00,2026-09-28 02:16:00,ZURICH,SWITZERLAND,3,,,LANDED
795,751,BLUE BIRD AIRWAYS,2026-09-27 23:30:00,2026-09-28 02:20:00,HERAKLION,GREECE,3,,,LANDED
796,4264,AEGEAN  AIRLINES,2026-09-28 02:10:00,2026-09-28 02:24:00,HERAKLION,GREECE,3,,,LANDED
797,5184,EL AL ISRAEL AIRLINES,2026-09-28 02:05:00,2026-09-28 02:29:00,TIRANA,ALBANIA,3,,,LANDED
798,826,ISRAIR AIRLINES,2026-09-28 01:55:00,2026-09-28 02:32:00,VILNIUS,LITHUANIA,3,,,LANDED
799,1170,ARKIA  ISRAELI  AIRLINES,2026-09-28 01:10:00,2026-09-28 02:33:00,LARNACA,CYPRUS,3,,,LANDED
800,6174,AIR FRANCE,2026-09-28 02:05:00,2026-09-28 02:36:00,NICE,FRANCE,3,,,LANDED
801,224,EL AL ISRAEL AIRLINES,2026-09-28 02:05:00,2026-09-28 02:36:00,NICE,FRANCE,3,,,LANDED
802,571,BULGARIA  AIR,2026-09-28 02:00:00,2026-09-28 02:40:00,SOFIA,BULGARIA,3,,,LANDED
803,596,ISRAIR AIRLINES,2026-09-27 22:25:00,2026-09-28 02:45:00,PAPHOS,CYPRUS,3,,,LANDED
804,7850,AERO MEXICO,2026-09-28 03:05:00,2026-09-28 02:50:00,AMSTERDAM,NETHERLANDS,3,,,LANDED
805,6680,AIR BALTIC,2026-09-28 03:05:00,2026-09-28 02:50:00,AMSTERDAM,NETHERLANDS,3,,,LANDED
806,2474,K.L.M.,2026-09-28 03:05:00,2026-09-28 02:50:00,AMSTERDAM,NETHERLANDS,3,,,LANDED
807,336,EL AL ISRAEL AIRLINES,2026-09-28 03:05:00,2026-09-28 02:50:00,AMSTERDAM,NETHERLANDS,3,,,LANDED
808,3152,SAS,2026-09-28 03:05:00,2026-09-28 02:50:00,AMSTERDAM,NETHERLANDS,3,,,LANDED
809,928,AEGEAN  AIRLINES,2026-09-28 02:55:00,2026-09-28 02:52:00,ATHENS,GREECE,3,,,LANDED
810,4977,EMIRATES,2026-09-28 02:55:00,2026-09-28 02:52:00,ATHENS,GREECE,3,,,LANDED
811,254,EL AL ISRAEL AIRLINES,2026-09-28 02:30:00,2026-09-28 02:54:00,MUNICH,GERMANY,3,,,LANDED
812,7856,AEROLINEAS ARGENTINAS S.A.,2026-09-28 02:10:00,2026-09-28 02:56:00,ROME,ITALY,3,,,LANDED
813,384,EL AL ISRAEL AIRLINES,2026-09-28 02:10:00,2026-09-28 02:56:00,ROME,ITALY,3,,,LANDED
814,3166,SAS,2026-09-28 02:10:00,2026-09-28 02:56:00,ROME,ITALY,3,,,LANDED
815,8897,AIR PORTUGAL,2026-09-28 02:10:00,2026-09-28 02:56:00,ROME,ITALY,3,,,LANDED
816,292,ARKIA  ISRAELI  AIRLINES,2026-09-28 01:00:00,2026-09-28 03:01:00,BUDAPEST,HUNGARY,3,,,LANDED
817,290,EL AL ISRAEL AIRLINES,2026-09-28 02:25:00,2026-09-28 03:05:00,VENICE,ITALY,3,,,LANDED
818,5196,EL AL ISRAEL AIRLINES,2026-09-28 03:05:00,2026-09-28 03:07:00,BELGRADE,SERBIA,3,,,LANDED
819,2524,EL AL ISRAEL AIRLINES,2026-09-28 03:05:00,2026-09-28 03:12:00,PRAGUE,CZECH REPUBLIC,3,,,LANDED
820,730,ISRAIR AIRLINES,2026-09-27 23:45:00,2026-09-28 03:15:00,BOURGAS,BULGARIA,3,,,LANDED
821,528,AEGEAN  AIRLINES,2026-09-28 02:30:00,2026-09-28 03:20:00,LARNACA,CYPRUS,3,,,LANDED
822,463,K.L.M.,2026-09-28 02:55:00,2026-09-28 03:24:00,AMSTERDAM,NETHERLANDS,3,,,LANDED
823,592,ISRAIR AIRLINES,2026-09-28 01:00:00,2026-09-28 03:27:00,PAPHOS,CYPRUS,3,,,LANDED
824,410,ARKIA  ISRAELI  AIRLINES,2026-09-27 22:05:00,2026-09-28 03:30:00,BATUMI,GEORGIA,3,,,LANDED
825,256,SWISS INT`L  AIRLINES,2026-09-28 03:35:00,2026-09-28 03:43:00,ZURICH,SWITZERLAND,3,,,LANDED
826,810,ITALIA TRASPORTO AEREO,2026-09-28 03:10:00,2026-09-28 03:47:00,ROME,ITALY,3,,,LANDED
827,7381,AIR SERBIA,2026-09-28 03:10:00,2026-09-28 03:47:00,ROME,ITALY,3,,,LANDED
828,2368,EL AL ISRAEL AIRLINES,2026-09-28 03:20:00,2026-09-28 03:54:00,BUDAPEST,HUNGARY,3,,,LANDED
829,290,ARKIA  ISRAELI  AIRLINES,2026-09-28 04:00:00,2026-09-28 04:00:00,BRATISLAVA,SLOVAKIA,3,,,CANCELED
830,7858,AERO MEXICO,2026-09-28 03:50:00,2026-09-28 04:06:00,NEW YORK,UNITED STATES,3,,,LANDING
831,7427,DELTA AIRLINES,2026-09-28 03:50:00,2026-09-28 04:06:00,NEW YORK,UNITED STATES,3,,,LANDING
832,004,EL AL ISRAEL AIRLINES,2026-09-28 03:50:00,2026-09-28 04:06:00,NEW YORK,UNITED STATES,3,,,LANDING
833,314,EL AL ISRAEL AIRLINES,2026-09-28 04:20:00,2026-09-28 04:09:00,LONDON LUTON,UNITED KINGDOM,3,,,FINAL
834,156,ISRAIR AIRLINES,2026-09-28 04:05:00,2026-09-28 04:10:00,PALMA,SPAIN,3,,,LANDING
835,6177,AIR FRANCE,2026-09-28 04:00:00,2026-09-28 04:12:00,PARIS,FRANCE,3,,,LANDING
836,7883,AERO MEXICO,2026-09-28 04:00:00,2026-09-28 04:12:00,PARIS,FRANCE,3,,,LANDING
837,220,EL AL ISRAEL AIRLINES,2026-09-28 04:00:00,2026-09-28 04:12:00,PARIS,FRANCE,3,,,LANDING
838,388,EL AL ISRAEL AIRLINES,2026-09-28 03:40:00,2026-09-28 04:13:00,MILAN,ITALY,3,,,LANDING
839,3180,SAS,2026-09-28 03:40:00,2026-09-28 04:13:00,MILAN,ITALY,3,,,LANDING
840,8901,AIR PORTUGAL,2026-09-28 03:40:00,2026-09-28 04:13:00,MILAN,ITALY,3,,,LANDING
841,151,LOT POLISH AIRLINES,2026-09-28 03:50:00,2026-09-28 04:20:00,WARSAW,POLAND,3,,,FINAL
842,9256,EL AL ISRAEL AIRLINES,2026-09-28 03:50:00,2026-09-28 04:20:00,WARSAW,POLAND,3,,,FINAL
843,404,ETHIOPIAN AIRLINES,2026-09-28 04:00:00,2026-09-28 04:22:00,ADDIS ABABA,ETHIOPIA,3,,,FINAL
844,8804,EL AL ISRAEL AIRLINES,2026-09-28 04:00:00,2026-09-28 04:22:00,ADDIS ABABA,ETHIOPIA,3,,,FINAL
845,5130,EL AL ISRAEL AIRLINES,2026-09-28 04:10:00,2026-09-28 04:30:00,CHISINAU,MOLDOVA,3,,,FINAL
846,348,ISRAIR AIRLINES,2026-09-28 04:15:00,2026-09-28 04:35:00,ROME,ITALY,3,,,FINAL
847,7441,DELTA AIRLINES,2026-09-28 01:00:00,2026-09-28 04:40:00,NEWARK,UNITED STATES,3,78-99,D,ON TIME
848,025,EL AL ISRAEL AIRLINES,2026-09-28 01:00:00,2026-09-28 04:40:00,NEWARK,UNITED STATES,3,78-99,D,ON TIME
849,0164A,ISRAIR AIRLINES,2026-09-28 03:10:00,2026-09-28 04:40:00,TIRANA,ALBANIA,3,,,FINAL
850,5110,EL AL ISRAEL AIRLINES,2026-09-28 03:10:00,2026-09-28 04:42:00,TBILISI,GEORGIA,3,,,FINAL
851,7711,IBERIA,2026-09-28 03:40:00,2026-09-28 04:43:00,BARCELONA,SPAIN,3,,,FINAL
852,392,EL AL ISRAEL AIRLINES,2026-09-28 03:40:00,2026-09-28 04:43:00,BARCELONA,SPAIN,3,,,FINAL
853,462,K.L.M.,2026-09-28 04:45:00,2026-09-28 04:45:00,LARNACA,CYPRUS,3,12-16,A,ON TIME
854,8855,EL AL ISRAEL AIRLINES,2026-09-28 04:45:00,2026-09-28 04:45:00,LARNACA,CYPRUS,3,12-16,A,ON TIME
855,1286,SMARTWINGS,2026-09-28 04:35:00,2026-09-28 04:47:00,PRAGUE,CZECH REPUBLIC,3,,,FINAL
856,572,BULGARIA  AIR,2026-09-28 04:50:00,2026-09-28 04:50:00,SOFIA,BULGARIA,3,221-223,G,ON TIME
857,367,ARKIA  ISRAELI  AIRLINES,2026-09-28 04:50:00,2026-09-28 04:50:00,TIVAT,MONTENEGRO,3,G1-G6,G,ON TIME
858,257,SWISS INT`L  AIRLINES,2026-09-28 04:50:00,2026-09-28 04:50:00,LARNACA,CYPRUS,3,27-33,A,ON TIME
859,311,EL AL ISRAEL AIRLINES,2026-09-28 04:50:00,2026-09-28 04:50:00,LONDON LUTON,UNITED KINGDOM,3,78-99,D,ON TIME
860,080,EL AL ISRAEL AIRLINES,2026-09-28 02:50:00,2026-09-28 04:51:00,BANGKOK,THAILAND,3,,,FINAL
861,5021,QANTAS AIRWAYS,2026-09-28 02:50:00,2026-09-28 04:51:00,BANGKOK,THAILAND,3,,,FINAL
862,4590,THAI AIRWAYS,2026-09-28 02:50:00,2026-09-28 04:51:00,BANGKOK,THAILAND,3,,,FINAL
863,1216,ARKIA  ISRAELI  AIRLINES,2026-09-28 04:45:00,2026-09-28 04:52:00,ATHENS,GREECE,3,,,FINAL
864,7879,AERO MEXICO,2026-09-28 05:00:00,2026-09-28 05:00:00,MADRID,SPAIN,3,78-99,D,ON TIME
865,7853,AEROLINEAS ARGENTINAS S.A.,2026-09-28 05:00:00,2026-09-28 05:00:00,MADRID,SPAIN,3,78-99,D,ON TIME
866,929,AEGEAN  AIRLINES,2026-09-28 05:00:00,2026-09-28 05:00:00,ATHENS,GREECE,3,34-43,B,ON TIME
867,7714,IBERIA,2026-09-28 05:00:00,2026-09-28 05:00:00,MADRID,SPAIN,3,78-99,D,ON TIME
868,7616,AIR SERBIA,2026-09-28 05:00:00,2026-09-28 05:00:00,ATHENS,GREECE,3,34-43,B,ON TIME
869,395,EL AL ISRAEL AIRLINES,2026-09-28 05:00:00,2026-09-28 05:00:00,MADRID,SPAIN,3,78-99,D,ON TIME
870,5183,EL AL ISRAEL AIRLINES,2026-09-28 05:00:00,2026-09-28 05:00:00,TIRANA,ALBANIA,1,316-327,A,ON TIME
871,5193,EL AL ISRAEL AIRLINES,2026-09-28 05:00:00,2026-09-28 05:00:00,SALZBURG,AUSTRIA,1,316-327,A,ON TIME
872,744,ARKIA  ISRAELI  AIRLINES,2026-09-28 03:45:00,2026-09-28 05:04:00,PARIS,FRANCE,3,,,FINAL
873,2111,LOT POLISH AIRLINES,2026-09-28 04:25:00,2026-09-28 05:05:00,KRAKOW,POLAND,3,,,FINAL
874,9292,EL AL ISRAEL AIRLINES,2026-09-28 04:25:00,2026-09-28 05:05:00,KRAKOW,POLAND,3,,,FINAL
875,7876,AERO MEXICO,2026-09-28 05:05:00,2026-09-28 05:08:00,LONDON,UNITED KINGDOM,3,,,FINAL
876,318,EL AL ISRAEL AIRLINES,2026-09-28 05:05:00,2026-09-28 05:08:00,LONDON,UNITED KINGDOM,3,,,FINAL
877,3174,SAS,2026-09-28 05:05:00,2026-09-28 05:08:00,LONDON,UNITED KINGDOM,3,,,FINAL
878,7496,VIRGIN ATLANTIC AIRWAYS,2026-09-28 05:05:00,2026-09-28 05:08:00,LONDON,UNITED KINGDOM,3,,,FINAL
879,0695A,BLUE BIRD AIRWAYS,2026-09-28 05:10:00,2026-09-28 05:10:00,RHODES,GREECE,3,,,CANCELED
880,5107,EL AL ISRAEL AIRLINES,2026-09-28 05:10:00,2026-09-28 05:10:00,TBILISI,GEORGIA,1,316-327,A,ON TIME
881,5182,EL AL ISRAEL AIRLINES,2026-09-28 04:40:00,2026-09-28 05:11:00,ZAGREB,CROATIA,3,,,FINAL
882,7878,AERO MEXICO,2026-09-28 04:25:00,2026-09-28 05:13:00,MADRID,SPAIN,3,,,FINAL
883,7852,AEROLINEAS ARGENTINAS S.A.,2026-09-28 04:25:00,2026-09-28 05:13:00,MADRID,SPAIN,3,,,FINAL
884,7717,IBERIA,2026-09-28 04:25:00,2026-09-28 05:13:00,MADRID,SPAIN,3,,,FINAL
885,398,EL AL ISRAEL AIRLINES,2026-09-28 04:25:00,2026-09-28 05:13:00,MADRID,SPAIN,3,,,FINAL
886,9915,AIR CANADA,2026-09-28 05:15:00,2026-09-28 05:15:00,ROME,ITALY,3,7-11,A,ON TIME
887,809,ITALIA TRASPORTO AEREO,2026-09-28 05:15:00,2026-09-28 05:15:00,ROME,ITALY,3,7-11,A,ON TIME
888,4265,AEGEAN  AIRLINES,2026-09-28 05:15:00,2026-09-28 05:15:00,HERAKLION,GREECE,3,34-43,B,ON TIME
889,7380,AIR SERBIA,2026-09-28 05:15:00,2026-09-28 05:15:00,ROME,ITALY,3,7-11,A,ON TIME
890,5235,LUFTHANSA,2026-09-28 05:15:00,2026-09-28 05:15:00,ROME,ITALY,3,7-11,A,ON TIME
891,609,ETIHAD AIRWAYS,2026-09-28 05:10:00,2026-09-28 05:18:00,ABU DHABI,UNITED ARAB EMIRATES,3,,,FINAL
892,9610,EL AL ISRAEL AIRLINES,2026-09-28 05:10:00,2026-09-28 05:18:00,ABU DHABI,UNITED ARAB EMIRATES,3,,,FINAL
893,1083,AUSTRIAN AIRLINES,2026-09-28 05:00:00,2026-09-28 05:19:00,VIENNA,AUSTRIA,3,,,FINAL
894,529,AEGEAN  AIRLINES,2026-09-28 05:20:00,2026-09-28 05:20:00,LARNACA,CYPRUS,3,34-43,B,ON TIME
895,321,ARKIA  ISRAELI  AIRLINES,2026-09-28 04:45:00,2026-09-28 05:20:00,BAKU,AZERBAIJAN,3,G1-G6,G,ON TIME
896,5461,EL AL ISRAEL AIRLINES,2026-09-28 05:20:00,2026-09-28 05:20:00,RHODES,GREECE,3,78-99,D,ON TIME
897,4412,ARKIA  ISRAELI  AIRLINES,2026-09-28 04:20:00,2026-09-28 05:24:00,TIRANA,ALBANIA,3,,,FINAL
898,152,LOT POLISH AIRLINES,2026-09-28 05:05:00,2026-09-28 05:25:00,WARSAW,POLAND,3,48-51,B,ON TIME
899,9255,EL AL ISRAEL AIRLINES,2026-09-28 05:05:00,2026-09-28 05:25:00,WARSAW,POLAND,3,48-51,B,ON TIME
900,892,ISRAIR AIRLINES,2026-09-28 05:15:00,2026-09-28 05:30:00,TBILISI,GEORGIA,3,,,FINAL
901,7067,AIR FRANCE,2026-09-28 05:35:00,2026-09-28 05:35:00,PARIS,FRANCE,3,78-99,D,ON TIME
902,7867,AERO MEXICO,2026-09-28 05:35:00,2026-09-28 05:35:00,PARIS,FRANCE,3,78-99,D,ON TIME
903,2365,EL AL ISRAEL AIRLINES,2026-09-28 05:35:00,2026-09-28 05:35:00,BUDAPEST,HUNGARY,3,78-99,D,ON TIME
904,319,EL AL ISRAEL AIRLINES,2026-09-28 05:35:00,2026-09-28 05:35:00,PARIS,FRANCE,3,78-99,D,ON TIME
905,3161,SAS,2026-09-28 05:35:00,2026-09-28 05:35:00,PARIS,FRANCE,3,78-99,D,ON TIME
906,598,ISRAIR AIRLINES,2026-09-27 20:10:00,2026-09-28 05:40:00,PAPHOS,CYPRUS,3,,,DELAYED
907,7712,IBERIA,2026-09-28 05:45:00,2026-09-28 05:45:00,BARCELONA,SPAIN,3,78-99,D,ON TIME
908,393,EL AL ISRAEL AIRLINES,2026-09-28 05:45:00,2026-09-28 05:45:00,BARCELONA,SPAIN,3,78-99,D,ON TIME
909,5113,EL AL ISRAEL AIRLINES,2026-09-28 05:15:00,2026-09-28 05:45:00,BATUMI,GEORGIA,1,316-327,A,ON TIME
910,717,ISRAIR AIRLINES,2026-09-28 05:45:00,2026-09-28 05:45:00,BUDAPEST,HUNGARY,3,201-214,G,ON TIME
911,376,EL AL ISRAEL AIRLINES,2026-09-28 05:25:00,2026-09-28 05:46:00,LISBON,PORTUGAL,3,,,FINAL
912,8913,AIR PORTUGAL,2026-09-28 05:25:00,2026-09-28 05:46:00,LISBON,PORTUGAL,3,,,FINAL
913,564,ISRAIR AIRLINES,2026-09-28 03:05:00,2026-09-28 05:58:00,ATHENS,GREECE,3,,,DELAYED
914,353,EL AL ISRAEL AIRLINES,2026-09-28 06:00:00,2026-09-28 06:00:00,MUNICH,GERMANY,3,78-99,D,ON TIME
915,5245,EL AL ISRAEL AIRLINES,2026-09-28 06:00:00,2026-09-28 06:00:00,THESSALONIKI,GREECE,1,316-327,A,ON TIME
916,084,AUSTRIAN AIRLINES,2026-09-28 06:00:00,2026-09-28 06:00:00,VIENNA,AUSTRIA,3,27-33,A,ON TIME
917,1287,SMARTWINGS,2026-09-28 05:35:00,2026-09-28 06:00:00,PRAGUE,CZECH REPUBLIC,3,223-226,G,ON TIME
918,3165,SAS,2026-09-28 06:00:00,2026-09-28 06:00:00,MUNICH,GERMANY,3,78-99,D,ON TIME
919,335,ISRAIR AIRLINES,2026-09-28 06:00:00,2026-09-28 06:00:00,CATANIA,ITALY,1,306-312,A,CANCELED
920,7857,AEROLINEAS ARGENTINAS S.A.,2026-09-28 06:05:00,2026-09-28 06:05:00,ROME,ITALY,3,78-99,D,ON TIME
921,7436,DELTA AIRLINES,2026-09-28 06:35:00,2026-09-28 06:05:00,BOSTON,UNITED STATES,3,,,FINAL
922,016,EL AL ISRAEL AIRLINES,2026-09-28 06:35:00,2026-09-28 06:05:00,BOSTON,UNITED STATES,3,,,FINAL
923,357,EL AL ISRAEL AIRLINES,2026-09-28 06:05:00,2026-09-28 06:05:00,FRANKFURT,GERMANY,3,78-99,D,ON TIME
924,385,EL AL ISRAEL AIRLINES,2026-09-28 06:05:00,2026-09-28 06:05:00,ROME,ITALY,3,78-99,D,ON TIME
925,3167,SAS,2026-09-28 06:05:00,2026-09-28 06:05:00,ROME,ITALY,3,78-99,D,ON TIME
926,8898,AIR PORTUGAL,2026-09-28 06:05:00,2026-09-28 06:05:00,ROME,ITALY,3,78-99,D,ON TIME
927,595,ETIHAD AIRWAYS,2026-09-28 05:50:00,2026-09-28 06:05:00,ABU DHABI,UNITED ARAB EMIRATES,3,,,FINAL
928,9604,EL AL ISRAEL AIRLINES,2026-09-28 05:50:00,2026-09-28 06:05:00,ABU DHABI,UNITED ARAB EMIRATES,3,,,FINAL
929,4998,CHINA EASTERN AIRLINES Co. Ltd,2026-09-28 05:50:00,2026-09-28 06:05:00,ABU DHABI,UNITED ARAB EMIRATES,3,,,FINAL
930,2593,SRILANKA AIRLINES,2026-09-28 05:50:00,2026-09-28 06:05:00,ABU DHABI,UNITED ARAB EMIRATES,3,,,FINAL
931,2112,LOT POLISH AIRLINES,2026-09-28 05:40:00,2026-09-28 06:10:00,KRAKOW,POLAND,3,52-55,B,ON TIME
932,5417,EL AL ISRAEL AIRLINES,2026-09-28 06:10:00,2026-09-28 06:10:00,TBILISI,GEORGIA,3,78-99,D,ON TIME
933,9291,EL AL ISRAEL AIRLINES,2026-09-28 05:40:00,2026-09-28 06:10:00,KRAKOW,POLAND,3,52-55,B,ON TIME
934,7444,DELTA AIRLINES,2026-09-28 06:55:00,2026-09-28 06:13:00,NEWARK,UNITED STATES,3,,,FINAL
935,028,EL AL ISRAEL AIRLINES,2026-09-28 06:55:00,2026-09-28 06:13:00,NEWARK,UNITED STATES,3,,,FINAL
936,163,ARKIA  ISRAELI  AIRLINES,2026-09-28 06:20:00,2026-09-28 06:20:00,LARNACA,CYPRUS,1,332-342,B,ON TIME
937,801,ARKIA  ISRAELI  AIRLINES,2026-09-28 06:20:00,2026-09-28 06:20:00,RAMON,ISRAEL,1,349-354,C,ON TIME
938,2371,EL AL ISRAEL AIRLINES,2026-09-28 06:20:00,2026-09-28 06:20:00,BERLIN,GERMANY,3,78-99,D,ON TIME
939,5187,EL AL ISRAEL AIRLINES,2026-09-28 06:20:00,2026-09-28 06:20:00,DUBROVNIK,CROATIA,1,316-327,A,ON TIME
940,3157,SAS,2026-09-28 06:20:00,2026-09-28 06:20:00,BERLIN,GERMANY,3,78-99,D,ON TIME
941,175,ISRAIR AIRLINES,2026-09-28 06:20:00,2026-09-28 06:20:00,TIVAT,MONTENEGRO,3,201-214,G,ON TIME
942,1071,ARKIA  ISRAELI  AIRLINES,2026-09-28 05:55:00,2026-09-28 06:25:00,RHODES,GREECE,1,332-342,B,ON TIME
943,6173,AIR FRANCE,2026-09-28 06:30:00,2026-09-28 06:30:00,NICE,FRANCE,3,78-99,D,ON TIME
944,223,EL AL ISRAEL AIRLINES,2026-09-28 06:30:00,2026-09-28 06:30:00,NICE,FRANCE,3,78-99,D,ON TIME
945,5131,EL AL ISRAEL AIRLINES,2026-09-28 06:30:00,2026-09-28 06:30:00,LARNACA,CYPRUS,1,316-327,A,ON TIME
946,573,EL AL ISRAEL AIRLINES,2026-09-28 06:30:00,2026-09-28 06:30:00,BUCHAREST,ROMANIA,3,78-99,D,ON TIME
947,9102,TAROM - ROMANIAN AIR TRANSPORT,2026-09-28 06:30:00,2026-09-28 06:30:00,BUCHAREST,ROMANIA,3,78-99,D,ON TIME
948,101,ONE CLICK,2026-09-28 05:35:00,2026-09-28 06:31:00,TBILISI,GEORGIA,3,,,FINAL
949,6677,AIR BALTIC,2026-09-28 06:40:00,2026-09-28 06:40:00,PRAGUE,CZECH REPUBLIC,3,78-99,D,ON TIME
950,2521,EL AL ISRAEL AIRLINES,2026-09-28 06:40:00,2026-09-28 06:40:00,PRAGUE,CZECH REPUBLIC,3,78-99,D,ON TIME
951,541,EL AL ISRAEL AIRLINES,2026-09-28 06:40:00,2026-09-28 06:40:00,ATHENS,GREECE,3,78-99,D,ON TIME
952,7447,DELTA AIRLINES,2026-09-28 06:50:00,2026-09-28 06:47:00,NEW YORK,UNITED STATES,3,,,FINAL
953,010,EL AL ISRAEL AIRLINES,2026-09-28 06:50:00,2026-09-28 06:47:00,NEW YORK,UNITED STATES,3,,,FINAL
954,7864,AERO MEXICO,2026-09-28 06:50:00,2026-09-28 06:50:00,AMSTERDAM,NETHERLANDS,3,78-99,D,ON TIME
955,6673,AIR BALTIC,2026-09-28 06:50:00,2026-09-28 06:50:00,AMSTERDAM,NETHERLANDS,3,78-99,D,ON TIME
956,2473,K.L.M.,2026-09-28 06:50:00,2026-09-28 06:50:00,AMSTERDAM,NETHERLANDS,3,78-99,D,ON TIME
957,337,EL AL ISRAEL AIRLINES,2026-09-28 06:50:00,2026-09-28 06:50:00,AMSTERDAM,NETHERLANDS,3,78-99,D,ON TIME
958,3155,SAS,2026-09-28 06:50:00,2026-09-28 06:50:00,AMSTERDAM,NETHERLANDS,3,78-99,D,ON TIME
959,1413,ARKIA  ISRAELI  AIRLINES,2026-09-28 06:15:00,2026-09-28 06:55:00,BATUMI,GEORGIA,3,G1-G17,G,ON TIME
960,5413,EL AL ISRAEL AIRLINES,2026-09-28 06:55:00,2026-09-28 06:55:00,BASEL,SWITZERLAND,3,78-99,D,ON TIME
961,610,ETIHAD AIRWAYS,2026-09-28 07:00:00,2026-09-28 07:00:00,ABU DHABI,UNITED ARAB EMIRATES,3,12-21,A,ON TIME
962,9613,EL AL ISRAEL AIRLINES,2026-09-28 07:00:00,2026-09-28 07:00:00,ABU DHABI,UNITED ARAB EMIRATES,3,12-21,A,ON TIME
963,043,ISRAIR AIRLINES,2026-09-28 07:00:00,2026-09-28 07:00:00,RAMON,ISRAEL,1,355-360,C,ON TIME
964,361,ISRAIR AIRLINES,2026-09-28 07:00:00,2026-09-28 07:00:00,BARI,ITALY,1,306-312,A,ON TIME
965,7873,AERO MEXICO,2026-09-28 07:05:00,2026-09-28 07:05:00,NEW YORK,UNITED STATES,3,78-99,D,ON TIME
966,7446,DELTA AIRLINES,2026-09-28 07:05:00,2026-09-28 07:05:00,NEW YORK,UNITED STATES,3,78-99,D,ON TIME
967,009,EL AL ISRAEL AIRLINES,2026-09-28 07:05:00,2026-09-28 07:05:00,NEW YORK,UNITED STATES,3,78-99,D,ON TIME
968,4308,CONDOR  FLUGDIENST,2026-09-28 07:10:00,2026-09-28 07:10:00,FRANKFURT,GERMANY,3,2-5,A,ON TIME
969,761,ISRAIR AIRLINES,2026-09-28 07:10:00,2026-09-28 07:10:00,PRAGUE,CZECH REPUBLIC,3,201-214,G,ON TIME
970,526,AEGEAN  AIRLINES,2026-09-28 07:15:00,2026-09-28 07:15:00,LARNACA,CYPRUS,3,,,NOT FINAL
971,551,EL AL ISRAEL AIRLINES,2026-09-28 07:15:00,2026-09-28 07:15:00,SOFIA,BULGARIA,3,78-99,D,ON TIME
972,4603,WIZZAIR,2026-09-28 07:15:00,2026-09-28 07:15:00,LARNACA,CYPRUS,3,,,NOT FINAL
973,211,ARKIA  ISRAELI  AIRLINES,2026-09-28 07:20:00,2026-09-28 07:20:00,ATHENS,GREECE,1,332-342,B,ON TIME
974,9135,FLY LILI,2026-09-28 07:20:00,2026-09-28 07:20:00,LARNACA,CYPRUS,3,220-222,G,ON TIME
975,6176,AIR FRANCE,2026-09-28 07:25:00,2026-09-28 07:25:00,PARIS,FRANCE,3,78-99,D,ON TIME
976,7897,AERO MEXICO,2026-09-28 07:25:00,2026-09-28 07:25:00,PARIS,FRANCE,3,78-99,D,ON TIME
977,221,EL AL ISRAEL AIRLINES,2026-09-28 07:25:00,2026-09-28 07:25:00,PARIS,FRANCE,3,78-99,D,ON TIME
978,3195,SAS,2026-09-28 07:25:00,2026-09-28 07:25:00,PARIS,FRANCE,3,78-99,D,ON TIME
979,752,BLUE BIRD AIRWAYS,2026-09-28 07:30:00,2026-09-28 07:30:00,HERAKLION,GREECE,3,47-49,B,ON TIME
980,058,ISRAIR AIRLINES,2026-09-28 07:30:00,2026-09-28 07:30:00,RAMON,ISRAEL,1,,,NOT FINAL
981,381,EL AL ISRAEL AIRLINES,2026-09-28 07:35:00,2026-09-28 07:35:00,MILAN,ITALY,3,78-99,D,ON TIME
982,3185,SAS,2026-09-28 07:35:00,2026-09-28 07:35:00,MILAN,ITALY,3,78-99,D,ON TIME
983,8910,AIR PORTUGAL,2026-09-28 07:35:00,2026-09-28 07:35:00,MILAN,ITALY,3,78-99,D,ON TIME
984,2332,EMIRATES,2026-09-28 07:40:00,2026-09-28 07:40:00,DUBAI,UNITED ARAB EMIRATES,3,,,NOT FINAL
985,1541,FLYDUBAI,2026-09-28 07:40:00,2026-09-28 07:40:00,DUBAI,UNITED ARAB EMIRATES,3,,,NOT FINAL
986,596,ETIHAD AIRWAYS,2026-09-28 07:45:00,2026-09-28 07:45:00,ABU DHABI,UNITED ARAB EMIRATES,3,12-21,A,ON TIME
987,9606,EL AL ISRAEL AIRLINES,2026-09-28 07:45:00,2026-09-28 07:45:00,ABU DHABI,UNITED ARAB EMIRATES,3,12-21,A,ON TIME
988,729,ISRAIR AIRLINES,2026-09-28 07:45:00,2026-09-28 07:45:00,BOURGAS,BULGARIA,3,201-214,G,ON TIME
989,741,BLUE BIRD AIRWAYS,2026-09-28 07:50:00,2026-09-28 07:50:00,BOURGAS,BULGARIA,3,,,NOT FINAL
990,423,ARKIA  ISRAELI  AIRLINES,2026-09-28 07:50:00,2026-09-28 07:50:00,VIENNA,AUSTRIA,3,G1-G17,G,ON TIME
991,335,ARKIA  ISRAELI  AIRLINES,2026-09-28 07:00:00,2026-09-28 07:55:00,ROME,ITALY,1,332-342,B,ON TIME
992,234,TUS AIRWAYS,2026-09-28 07:55:00,2026-09-28 07:55:00,CORFU,GREECE,3,22-26,A,ON TIME
993,1071,ARKIA  ISRAELI  AIRLINES,2026-09-28 08:00:00,2026-09-28 08:00:00,RHODES,GREECE,1,332-342,B,CANCELED
994,165,ARKIA  ISRAELI  AIRLINES,2026-09-28 08:00:00,2026-09-28 08:00:00,LARNACA,CYPRUS,3,G1-G17,G,ON TIME
995,257,ARKIA  ISRAELI  AIRLINES,2026-09-28 08:00:00,2026-09-28 08:00:00,MADEIRA,PORTUGAL,3,G1-G15,G,ON TIME
996,5251,LOT POLISH AIRLINES,2026-09-28 07:00:00,2026-09-28 08:00:00,KRAKOW,POLAND,3,78-99,D,ON TIME
997,347,EL AL ISRAEL AIRLINES,2026-09-28 08:00:00,2026-09-28 08:00:00,ZURICH,SWITZERLAND,3,78-99,D,ON TIME
998,5119,EL AL ISRAEL AIRLINES,2026-09-28 07:00:00,2026-09-28 08:00:00,KRAKOW,POLAND,3,78-99,D,ON TIME
999,3189,SAS,2026-09-28 08:00:00,2026-09-28 08:00:00,ZURICH,SWITZERLAND,3,78-99,D,ON TIME
1000,575,ISRAIR AIRLINES,2026-09-28 08:00:00,2026-09-28 08:00:00,THESSALONIKI,GREECE,3,201-214,G,ON TIME
1001,3479,WIZZ AIR MALTA,2026-09-28 08:05:00,2026-09-28 08:05:00,CLUJ,ROMANIA,3,,,NOT FINAL
1002,487,AEGEAN  AIRLINES,2026-09-28 08:10:00,2026-09-28 08:10:00,RHODES,GREECE,3,53-55,B,ON TIME
1003,762,BLUE BIRD AIRWAYS,2026-09-28 08:10:00,2026-09-28 08:10:00,KHANIA,GREECE,3,34-36,B,ON TIME
1004,4547,WIZZAIR,2026-09-28 08:10:00,2026-09-28 08:10:00,VARNA,BULGARIA,3,,,NOT FINAL
1005,4604,WIZZAIR,2026-09-28 08:10:00,2026-09-28 08:10:00,LARNACA,CYPRUS,1,361-372,D,ON TIME
1006,121,ARKIA  ISRAELI  AIRLINES,2026-09-28 08:15:00,2026-09-28 08:15:00,MYKONOS,GREECE,3,G1-G17,G,ON TIME
1007,4427,WIZZAIR,2026-09-28 08:15:00,2026-09-28 08:15:00,SOFIA,BULGARIA,3,,,NOT FINAL
1008,595,ISRAIR AIRLINES,2026-09-28 08:20:00,2026-09-28 08:20:00,PAPHOS,CYPRUS,3,201-214,G,ON TIME
1009,141,ARKIA  ISRAELI  AIRLINES,2026-09-28 08:25:00,2026-09-28 08:25:00,KARPATHOS,GREECE,3,G1-G17,G,ON TIME
1010,3257,WIZZ AIR MALTA,2026-09-28 08:25:00,2026-09-28 08:25:00,BUCHAREST,ROMANIA,3,,,NOT FINAL
1011,883,ISRAIR AIRLINES,2026-09-28 08:30:00,2026-09-28 08:30:00,BATUMI,GEORGIA,3,201-214,G,ON TIME
1012,7449,DELTA AIRLINES,2026-09-28 08:35:00,2026-09-28 08:35:00,NEWARK,UNITED STATES,3,78-99,D,ON TIME
1013,023,EL AL ISRAEL AIRLINES,2026-09-28 08:35:00,2026-09-28 08:35:00,NEWARK,UNITED STATES,3,78-99,D,ON TIME
1014,2369,EL AL ISRAEL AIRLINES,2026-09-28 08:35:00,2026-09-28 08:35:00,BUDAPEST,HUNGARY,3,78-99,D,ON TIME
1015,249,ISRAIR AIRLINES,2026-09-28 08:35:00,2026-09-28 08:35:00,SALZBURG,AUSTRIA,1,306-312,A,ON TIME
1016,5517,AIR CANADA,2026-09-28 08:55:00,2026-09-28 08:40:00,NEWARK,UNITED STATES,3,,,FINAL
1017,562,BLUE BIRD AIRWAYS,2026-09-28 08:40:00,2026-09-28 08:40:00,BOURGAS,BULGARIA,3,37-39,B,ON TIME
1018,802,BLUE BIRD AIRWAYS,2026-09-28 08:40:00,2026-09-28 08:40:00,KOS,GREECE,3,45-47,B,ON TIME
1019,084,UNITED AIRLINES,2026-09-28 08:55:00,2026-09-28 08:40:00,NEWARK,UNITED STATES,3,,,FINAL
1020,802,ARKIA  ISRAELI  AIRLINES,2026-09-28 08:50:00,2026-09-28 08:50:00,RAMON,ISRAEL,1,,,NOT FINAL
1021,2120,EMIRATES,2026-09-28 08:55:00,2026-09-28 08:55:00,DUBAI,UNITED ARAB EMIRATES,3,,,NOT FINAL
1022,2333,EMIRATES,2026-09-28 08:55:00,2026-09-28 08:55:00,DUBAI,UNITED ARAB EMIRATES,3,56-59,C,ON TIME
1023,1073,FLYDUBAI,2026-09-28 08:55:00,2026-09-28 08:55:00,DUBAI,UNITED ARAB EMIRATES,3,,,NOT FINAL
1024,1542,FLYDUBAI,2026-09-28 08:55:00,2026-09-28 08:55:00,DUBAI,UNITED ARAB EMIRATES,3,56-59,C,ON TIME
1025,702,BLUE BIRD AIRWAYS,2026-09-28 09:00:00,2026-09-28 09:00:00,ATHENS,GREECE,3,43-45,B,ON TIME
1026,082,EL AL ISRAEL AIRLINES,2026-09-28 06:45:00,2026-09-28 09:00:00,BANGKOK,THAILAND,3,,,FINAL
1027,5017,QANTAS AIRWAYS,2026-09-28 06:45:00,2026-09-28 09:00:00,BANGKOK,THAILAND,3,,,FINAL
1028,4583,THAI AIRWAYS,2026-09-28 06:45:00,2026-09-28 09:00:00,BANGKOK,THAILAND,3,,,FINAL
1029,103,TUS AIRWAYS,2026-09-28 09:00:00,2026-09-28 09:00:00,LARNACA,CYPRUS,3,22-33,A,ON TIME
1030,152,TUS AIRWAYS,2026-09-28 09:00:00,2026-09-28 09:00:00,PAPHOS,CYPRUS,3,22-33,A,ON TIME
1031,3299,VIETNAM AIRLINES,2026-09-28 06:45:00,2026-09-28 09:00:00,BANGKOK,THAILAND,3,,,FINAL
1032,3480,WIZZ AIR MALTA,2026-09-28 09:00:00,2026-09-28 09:00:00,CLUJ,ROMANIA,1,361-372,D,ON TIME
1033,881,ISRAIR AIRLINES,2026-09-28 09:00:00,2026-09-28 09:00:00,BAKU,AZERBAIJAN,1,306-312,A,ON TIME
1034,6675,AIR BALTIC,2026-09-28 09:05:00,2026-09-28 09:05:00,ROME,ITALY,3,78-99,D,ON TIME
1035,285,EL AL ISRAEL AIRLINES,2026-09-28 09:05:00,2026-09-28 09:05:00,ROME,ITALY,3,78-99,D,ON TIME
1036,4548,WIZZAIR,2026-09-28 09:05:00,2026-09-28 09:05:00,VARNA,BULGARIA,1,361-372,D,ON TIME
1037,692,BLUE BIRD AIRWAYS,2026-09-28 09:10:00,2026-09-28 09:10:00,RHODES,GREECE,3,41-43,B,ON TIME
1038,356,TUS AIRWAYS,2026-09-28 09:10:00,2026-09-28 09:10:00,NAPLES,ITALY,3,22-33,A,ON TIME
1039,4428,WIZZAIR,2026-09-28 09:10:00,2026-09-28 09:10:00,SOFIA,BULGARIA,1,361-372,D,ON TIME
1040,2501,WIZZAIR,2026-09-28 09:15:00,2026-09-28 09:15:00,BUDAPEST,HUNGARY,3,,,NOT FINAL
1041,164,ARKIA  ISRAELI  AIRLINES,2026-09-28 09:20:00,2026-09-28 09:20:00,LARNACA,CYPRUS,3,,,NOT FINAL
1042,3258,WIZZ AIR MALTA,2026-09-28 09:20:00,2026-09-28 09:20:00,BUCHAREST,ROMANIA,1,361-372,D,ON TIME
1043,746,BLUE BIRD AIRWAYS,2026-09-28 09:25:00,2026-09-28 09:25:00,HERAKLION,GREECE,3,39-41,B,ON TIME
1044,4000,EL AL ISRAEL AIRLINES,2026-09-28 09:25:00,2026-09-28 09:46:00,NEW YORK,UNITED STATES,3,,,FINAL
1045,458,TUS AIRWAYS,2026-09-28 09:30:00,2026-09-28 09:30:00,BOLOGNA,ITALY,3,22-33,A,ON TIME
1046,044,ISRAIR AIRLINES,2026-09-28 09:30:00,2026-09-28 09:30:00,RAMON,ISRAEL,1,,,NOT FINAL
1047,349,ISRAIR AIRLINES,2026-09-28 09:30:00,2026-09-28 09:30:00,ROME,ITALY,3,201-214,G,ON TIME
1048,569,ISRAIR AIRLINES,2026-09-28 09:35:00,2026-09-28 09:35:00,ATHENS,GREECE,3,201-214,G,ON TIME
1049,7899,AERO MEXICO,2026-09-28 09:40:00,2026-09-28 09:40:00,LOS ANGELES,UNITED STATES,3,78-99,D,ON TIME
1050,7451,DELTA AIRLINES,2026-09-28 09:40:00,2026-09-28 09:40:00,LOS ANGELES,UNITED STATES,3,78-99,D,ON TIME
1051,2369,EMIRATES,2026-09-28 09:40:00,2026-09-28 09:40:00,DUBAI,UNITED ARAB EMIRATES,3,,,NOT FINAL
1052,1549,FLYDUBAI,2026-09-28 09:40:00,2026-09-28 09:40:00,DUBAI,UNITED ARAB EMIRATES,3,,,NOT FINAL
1053,105,EL AL ISRAEL AIRLINES,2026-09-28 09:40:00,2026-09-28 09:40:00,LOS ANGELES,UNITED STATES,3,78-99,D,ON TIME
1054,5462,EL AL ISRAEL AIRLINES,2026-09-28 09:45:00,2026-09-28 09:45:00,RHODES,GREECE,3,,,NOT FINAL
1055,234,DELTA AIRLINES,2026-09-28 09:25:00,2026-09-28 09:46:00,NEW YORK,UNITED STATES,3,,,FINAL
1056,807,ARKIA  ISRAELI  AIRLINES,2026-09-28 09:50:00,2026-09-28 09:50:00,RAMON,ISRAEL,1,349-354,C,ON TIME
1057,5132,EL AL ISRAEL AIRLINES,2026-09-28 09:50:00,2026-09-28 09:50:00,LARNACA,CYPRUS,3,,,NOT FINAL
1058,6405,WIZZ AIR MALTA,2026-09-28 09:55:00,2026-09-28 09:55:00,MILAN,ITALY,3,,,NOT FINAL
1059,7069,AIR FRANCE,2026-09-28 10:00:00,2026-09-28 10:00:00,PARIS,FRANCE,3,78-99,D,ON TIME
1060,7885,AERO MEXICO,2026-09-28 10:00:00,2026-09-28 10:00:00,PARIS,FRANCE,3,78-99,D,ON TIME
1061,415,ETHIOPIAN AIRLINES,2026-09-28 10:00:00,2026-09-28 10:00:00,ADDIS ABABA,ETHIOPIA,3,2-6,A,ON TIME
1062,323,EL AL ISRAEL AIRLINES,2026-09-28 10:00:00,2026-09-28 10:00:00,PARIS,FRANCE,3,78-99,D,ON TIME
1063,8805,EL AL ISRAEL AIRLINES,2026-09-28 10:00:00,2026-09-28 10:00:00,ADDIS ABABA,ETHIOPIA,3,2-6,A,ON TIME
1064,3163,SAS,2026-09-28 10:00:00,2026-09-28 10:00:00,PARIS,FRANCE,3,78-99,D,ON TIME
1065,6041,WIZZ AIR MALTA,2026-09-28 10:00:00,2026-09-28 10:00:00,ROME,ITALY,3,,,NOT FINAL
1066,7435,DELTA AIRLINES,2026-09-28 10:05:00,2026-09-28 10:05:00,BOSTON,UNITED STATES,3,78-99,D,ON TIME
1067,015,EL AL ISRAEL AIRLINES,2026-09-28 10:05:00,2026-09-28 10:05:00,BOSTON,UNITED STATES,3,78-99,D,ON TIME
1068,533,ISRAIR AIRLINES,2026-09-28 10:05:00,2026-09-28 10:05:00,CORFU,GREECE,1,306-314,A,ON TIME
1069,7850,AEROLINEAS ARGENTINAS S.A.,2026-09-28 09:30:00,2026-09-28 10:07:00,MIAMI,UNITED STATES,3,,,FINAL
1070,7438,DELTA AIRLINES,2026-09-28 09:30:00,2026-09-28 10:07:00,MIAMI,UNITED STATES,3,,,FINAL
1071,018,EL AL ISRAEL AIRLINES,2026-09-28 09:30:00,2026-09-28 10:07:00,MIAMI,UNITED STATES,3,,,FINAL
1072,7863,AERO MEXICO,2026-09-28 10:10:00,2026-09-28 10:10:00,LONDON,UNITED KINGDOM,3,78-99,D,ON TIME
1073,7434,DELTA AIRLINES,2026-09-28 10:10:00,2026-09-28 10:10:00,LONDON,UNITED KINGDOM,3,78-99,D,ON TIME
1074,315,EL AL ISRAEL AIRLINES,2026-09-28 10:10:00,2026-09-28 10:10:00,LONDON,UNITED KINGDOM,3,78-99,D,ON TIME
1075,3181,SAS,2026-09-28 10:10:00,2026-09-28 10:10:00,LONDON,UNITED KINGDOM,3,78-99,D,ON TIME
1076,7493,VIRGIN ATLANTIC AIRWAYS,2026-09-28 10:10:00,2026-09-28 10:10:00,LONDON,UNITED KINGDOM,3,78-99,D,ON TIME
1077,2097,WIZZAIR,2026-09-28 10:10:00,2026-09-28 10:10:00,KRAKOW,POLAND,3,,,NOT FINAL
1078,2502,WIZZAIR,2026-09-28 10:10:00,2026-09-28 10:10:00,BUDAPEST,HUNGARY,1,343-348,B,ON TIME
1079,2121,EMIRATES,2026-09-28 10:15:00,2026-09-28 10:15:00,DUBAI,UNITED ARAB EMIRATES,3,56-62,C,ON TIME
1080,1074,FLYDUBAI,2026-09-28 10:15:00,2026-09-28 10:15:00,DUBAI,UNITED ARAB EMIRATES,3,56-62,C,ON TIME
1081,6735,WIZZ AIR MALTA,2026-09-28 10:20:00,2026-09-28 10:20:00,VENICE,ITALY,3,,,NOT FINAL
1082,2268,EMIRATES,2026-09-28 10:25:00,2026-09-28 10:25:00,DUBAI,UNITED ARAB EMIRATES,3,,,NOT FINAL
1083,1635,FLYDUBAI,2026-09-28 10:25:00,2026-09-28 10:25:00,DUBAI,UNITED ARAB EMIRATES,3,,,NOT FINAL
1084,741,ARKIA  ISRAELI  AIRLINES,2026-09-28 10:30:00,2026-09-28 10:30:00,PARIS,FRANCE,3,G1-G5,G,ON TIME
1085,581,ISRAIR AIRLINES,2026-09-28 10:35:00,2026-09-28 10:35:00,LARNACA,CYPRUS,3,201-214,G,ON TIME
1086,156,LOT POLISH AIRLINES,2026-09-28 10:45:00,2026-09-28 10:45:00,WARSAW,POLAND,3,63-67,C,ON TIME
1087,9251,EL AL ISRAEL AIRLINES,2026-09-28 10:45:00,2026-09-28 10:45:00,WARSAW,POLAND,3,63-67,C,ON TIME
1088,106,TUS AIRWAYS,2026-09-28 10:45:00,2026-09-28 10:45:00,LARNACA,CYPRUS,3,,,NOT FINAL
1089,5114,EL AL ISRAEL AIRLINES,2026-09-28 10:50:00,2026-09-28 10:50:00,BATUMI,GEORGIA,3,,,NOT FINAL
1090,6406,WIZZ AIR MALTA,2026-09-28 10:50:00,2026-09-28 10:50:00,MILAN,ITALY,1,343-348,B,ON TIME
1091,2370,EMIRATES,2026-09-28 10:55:00,2026-09-28 10:55:00,DUBAI,UNITED ARAB EMIRATES,3,56-62,C,ON TIME
1092,1550,FLYDUBAI,2026-09-28 10:55:00,2026-09-28 10:55:00,DUBAI,UNITED ARAB EMIRATES,3,56-62,C,ON TIME
1093,1072,ARKIA  ISRAELI  AIRLINES,2026-09-28 10:55:00,2026-09-28 10:55:00,RHODES,GREECE,3,,,NOT FINAL
1094,6042,WIZZ AIR MALTA,2026-09-28 10:55:00,2026-09-28 10:55:00,ROME,ITALY,1,343-348,B,ON TIME
1095,1559,WIZZAIR,2026-09-28 10:55:00,2026-09-28 10:55:00,WARSAW,POLAND,3,,,NOT FINAL
1096,5518,AIR CANADA,2026-09-28 11:00:00,2026-09-28 11:00:00,NEWARK,UNITED STATES,3,12-19,A,ON TIME
1097,7874,AERO MEXICO,2026-09-28 10:15:00,2026-09-28 11:00:00,NEW YORK,UNITED STATES,3,78-99,D,DELAYED
1098,7430,DELTA AIRLINES,2026-09-28 10:15:00,2026-09-28 11:00:00,NEW YORK,UNITED STATES,3,78-99,D,DELAYED
1099,166,ARKIA  ISRAELI  AIRLINES,2026-09-28 11:00:00,2026-09-28 11:00:00,LARNACA,CYPRUS,3,,,NOT FINAL
1100,007,EL AL ISRAEL AIRLINES,2026-09-28 10:15:00,2026-09-28 11:00:00,NEW YORK,UNITED STATES,3,78-99,D,DELAYED
1101,085,UNITED AIRLINES,2026-09-28 11:00:00,2026-09-28 11:00:00,NEWARK,UNITED STATES,3,12-19,A,ON TIME
1102,047,ISRAIR AIRLINES,2026-09-28 11:00:00,2026-09-28 11:00:00,RAMON,ISRAEL,1,355-360,C,ON TIME
1103,2098,WIZZAIR,2026-09-28 11:05:00,2026-09-28 11:05:00,KRAKOW,POLAND,1,361-372,D,ON TIME
1104,593,ETIHAD AIRWAYS,2026-09-28 11:10:00,2026-09-28 11:10:00,ABU DHABI,UNITED ARAB EMIRATES,3,,,NOT FINAL
1105,9600,EL AL ISRAEL AIRLINES,2026-09-28 11:10:00,2026-09-28 11:10:00,ABU DHABI,UNITED ARAB EMIRATES,3,,,NOT FINAL
1106,6736,WIZZ AIR MALTA,2026-09-28 11:15:00,2026-09-28 11:15:00,VENICE,ITALY,1,361-372,D,ON TIME
1107,607,ETIHAD AIRWAYS,2026-09-28 11:20:00,2026-09-28 11:20:00,ABU DHABI,UNITED ARAB EMIRATES,3,,,NOT FINAL
1108,368,ARKIA  ISRAELI  AIRLINES,2026-09-28 11:20:00,2026-09-28 11:20:00,TIVAT,MONTENEGRO,3,,,NOT FINAL
1109,9614,EL AL ISRAEL AIRLINES,2026-09-28 11:20:00,2026-09-28 11:20:00,ABU DHABI,UNITED ARAB EMIRATES,3,,,NOT FINAL
1110,021,AZERBAIJAN AIRLINES,2026-09-28 11:30:00,2026-09-28 11:30:00,BAKU,AZERBAIJAN,3,,,NOT FINAL
1111,5108,EL AL ISRAEL AIRLINES,2026-09-28 11:30:00,2026-09-28 11:30:00,TBILISI,GEORGIA,3,,,NOT FINAL
1112,9950,EL AL ISRAEL AIRLINES,2026-09-28 11:30:00,2026-09-28 11:30:00,BAKU,AZERBAIJAN,3,,,NOT FINAL
1113,596,ISRAIR AIRLINES,2026-09-28 11:30:00,2026-09-28 11:30:00,PAPHOS,CYPRUS,3,,,NOT FINAL
1114,235,DELTA AIRLINES,2026-09-28 11:35:00,2026-09-28 11:35:00,NEW YORK,UNITED STATES,3,47-55,B,ON TIME
1115,301,UZBEKISTAN AIR,2026-09-28 11:35:00,2026-09-28 11:35:00,TASHKENT,UZBEKISTAN,3,,,NOT FINAL
1116,4001,EL AL ISRAEL AIRLINES,2026-09-28 11:35:00,2026-09-28 11:35:00,NEW YORK,UNITED STATES,3,47-55,B,ON TIME
1117,759,BLUE BIRD AIRWAYS,2026-09-28 07:55:00,2026-09-28 11:40:00,HERAKLION,GREECE,3,,,DELAYED
1118,2269,EMIRATES,2026-09-28 11:40:00,2026-09-28 11:40:00,DUBAI,UNITED ARAB EMIRATES,3,56-62,C,ON TIME
1119,1636,FLYDUBAI,2026-09-28 11:40:00,2026-09-28 11:40:00,DUBAI,UNITED ARAB EMIRATES,3,56-62,C,ON TIME
1120,5467,EL AL ISRAEL AIRLINES,2026-09-28 11:50:00,2026-09-28 11:50:00,TIVAT,MONTENEGRO,3,78-99,D,ON TIME
1121,1560,WIZZAIR,2026-09-28 11:50:00,2026-09-28 11:50:00,WARSAW,POLAND,1,361-372,D,ON TIME
1122,5184,EL AL ISRAEL AIRLINES,2026-09-28 11:55:00,2026-09-28 11:55:00,TIRANA,ALBANIA,3,,,NOT FINAL
1123,5246,EL AL ISRAEL AIRLINES,2026-09-28 11:55:00,2026-09-28 11:55:00,THESSALONIKI,GREECE,3,,,NOT FINAL
1124,576,ISRAIR AIRLINES,2026-09-28 11:55:00,2026-09-28 11:55:00,THESSALONIKI,GREECE,3,,,NOT FINAL
1125,7868,AERO MEXICO,2026-09-28 11:20:00,2026-09-28 11:57:00,NEW YORK,UNITED STATES,3,,,FINAL
1126,7425,DELTA AIRLINES,2026-09-28 11:20:00,2026-09-28 11:57:00,NEW YORK,UNITED STATES,3,,,FINAL
1127,002,EL AL ISRAEL AIRLINES,2026-09-28 11:20:00,2026-09-28 11:57:00,NEW YORK,UNITED STATES,3,,,FINAL
1128,753,BLUE BIRD AIRWAYS,2026-09-28 12:00:00,2026-09-28 12:00:00,HERAKLION,GREECE,3,,,NOT FINAL
1129,7512,WIZZ AIR MALTA,2026-09-28 12:00:00,2026-09-28 12:00:00,ATHENS,GREECE,3,,,NOT FINAL
1130,108,TUS AIRWAYS,2026-09-28 12:05:00,2026-09-28 12:05:00,LARNACA,CYPRUS,3,,,NOT FINAL
1131,7073,AIR FRANCE,2026-09-28 12:10:00,2026-09-28 12:10:00,PARIS,FRANCE,3,78-99,D,ON TIME
1132,7892,AERO MEXICO,2026-09-28 12:10:00,2026-09-28 12:10:00,PARIS,FRANCE,3,78-99,D,ON TIME
1133,486,AEGEAN  AIRLINES,2026-09-28 12:10:00,2026-09-28 12:10:00,RHODES,GREECE,3,,,NOT FINAL
1134,327,EL AL ISRAEL AIRLINES,2026-09-28 12:10:00,2026-09-28 12:10:00,PARIS,FRANCE,3,78-99,D,ON TIME
1135,3159,SAS,2026-09-28 12:10:00,2026-09-28 12:10:00,PARIS,FRANCE,3,78-99,D,ON TIME
1136,153,TUS AIRWAYS,2026-09-28 12:10:00,2026-09-28 12:10:00,PAPHOS,CYPRUS,3,,,NOT FINAL
1137,2363,EMIRATES,2026-09-28 12:20:00,2026-09-28 12:20:00,DUBAI,UNITED ARAB EMIRATES,3,,,NOT FINAL
1138,1211,FLYDUBAI,2026-09-28 12:20:00,2026-09-28 12:20:00,DUBAI,UNITED ARAB EMIRATES,3,,,NOT FINAL
1139,808,ARKIA  ISRAELI  AIRLINES,2026-09-28 12:20:00,2026-09-28 12:20:00,RAMON,ISRAEL,1,,,NOT FINAL
1140,112,CYPRUS AIRWAYS,2026-09-28 12:25:00,2026-09-28 12:25:00,LARNACA,CYPRUS,3,,,NOT FINAL
1141,142,ARKIA  ISRAELI  AIRLINES,2026-09-28 12:25:00,2026-09-28 12:25:00,KARPATHOS,GREECE,3,,,NOT FINAL
1142,5111,EL AL ISRAEL AIRLINES,2026-09-28 12:25:00,2026-09-28 12:25:00,NAPLES,ITALY,1,316-327,A,ON TIME
1143,911,ARKIA  ISRAELI  AIRLINES,2026-09-28 12:30:00,2026-09-28 12:30:00,STANSTED,UNITED KINGDOM,3,G1-G12,G,ON TIME
1144,022,AZERBAIJAN AIRLINES,2026-09-28 12:30:00,2026-09-28 12:30:00,BAKU,AZERBAIJAN,3,68-72,C,ON TIME
1145,5418,EL AL ISRAEL AIRLINES,2026-09-28 12:30:00,2026-09-28 12:30:00,TBILISI,GEORGIA,3,,,NOT FINAL
1146,9951,EL AL ISRAEL AIRLINES,2026-09-28 12:30:00,2026-09-28 12:30:00,BAKU,AZERBAIJAN,3,68-72,C,ON TIME
1147,801,BLUE BIRD AIRWAYS,2026-09-28 12:35:00,2026-09-28 12:35:00,KOS,GREECE,3,,,NOT FINAL
1148,414,ARKIA  ISRAELI  AIRLINES,2026-09-28 11:55:00,2026-09-28 12:35:00,BATUMI,GEORGIA,3,,,DELAYED
1149,115,ISRAIR AIRLINES,2026-09-28 12:35:00,2026-09-28 12:35:00,LONDON LUTON,UNITED KINGDOM,1,306-315,A,ON TIME
1150,521,ISRAIR AIRLINES,2026-09-28 12:35:00,2026-09-28 12:35:00,RHODES,GREECE,3,201-205,G,ON TIME
1151,212,ARKIA  ISRAELI  AIRLINES,2026-09-28 12:40:00,2026-09-28 12:40:00,ATHENS,GREECE,3,,,NOT FINAL
1152,542,EL AL ISRAEL AIRLINES,2026-09-28 12:40:00,2026-09-28 12:40:00,ATHENS,GREECE,3,,,NOT FINAL
1153,996,ARKIA  ISRAELI  AIRLINES,2026-09-28 13:00:00,2026-09-28 12:43:00,NEW YORK,UNITED STATES,3,,,FINAL
1154,924,AEGEAN  AIRLINES,2026-09-28 12:50:00,2026-09-28 12:50:00,ATHENS,GREECE,3,,,NOT FINAL
1155,7619,AIR SERBIA,2026-09-28 12:50:00,2026-09-28 12:50:00,ATHENS,GREECE,3,,,NOT FINAL
1156,612,BLUE BIRD AIRWAYS,2026-09-28 12:55:00,2026-09-28 12:55:00,AMSTERDAM,NETHERLANDS,3,39-41,B,ON TIME
1157,574,EL AL ISRAEL AIRLINES,2026-09-28 12:55:00,2026-09-28 12:55:00,BUCHAREST,ROMANIA,3,,,NOT FINAL
1158,9103,TAROM - ROMANIAN AIR TRANSPORT,2026-09-28 12:55:00,2026-09-28 12:55:00,BUCHAREST,ROMANIA,3,,,NOT FINAL
1159,7511,WIZZ AIR MALTA,2026-09-28 12:55:00,2026-09-28 12:55:00,ATHENS,GREECE,1,361-372,D,ON TIME
1160,754,BLUE BIRD AIRWAYS,2026-09-28 13:00:00,2026-09-28 13:00:00,HERAKLION,GREECE,3,44-46,B,ON TIME
1161,122,ARKIA  ISRAELI  AIRLINES,2026-09-28 13:00:00,2026-09-28 13:00:00,MYKONOS,GREECE,3,,,NOT FINAL
1162,235,TUS AIRWAYS,2026-09-28 13:00:00,2026-09-28 13:00:00,CORFU,GREECE,3,,,NOT FINAL
1163,336,ISRAIR AIRLINES,2026-09-28 13:00:00,2026-09-28 13:00:00,CATANIA,ITALY,3,,,CANCELED
1164,527,AEGEAN  AIRLINES,2026-09-28 13:05:00,2026-09-28 13:05:00,LARNACA,CYPRUS,3,20-23,A,ON TIME
1165,105,TUS AIRWAYS,2026-09-28 13:05:00,2026-09-28 13:05:00,LARNACA,CYPRUS,3,216-226,G,ON TIME
1166,213,ARKIA  ISRAELI  AIRLINES,2026-09-28 13:10:00,2026-09-28 13:10:00,ATHENS,GREECE,3,G1-G12,G,ON TIME
1167,730,ISRAIR AIRLINES,2026-09-28 11:15:00,2026-09-28 13:10:00,BOURGAS,BULGARIA,3,,,DELAYED
1168,6670,AIR BALTIC,2026-09-28 13:15:00,2026-09-28 13:15:00,BUDAPEST,HUNGARY,3,,,NOT FINAL
1169,2366,EL AL ISRAEL AIRLINES,2026-09-28 13:15:00,2026-09-28 13:15:00,BUDAPEST,HUNGARY,3,,,NOT FINAL
1170,5479,EL AL ISRAEL AIRLINES,2026-09-28 13:15:00,2026-09-28 13:15:00,MYKONOS,GREECE,3,78-99,D,ON TIME
1171,815,ARKIA  ISRAELI  AIRLINES,2026-09-28 13:20:00,2026-09-28 13:20:00,RAMON,ISRAEL,1,349-354,C,ON TIME
1172,1462,CYPRUS AIRWAYS,2026-09-28 13:25:00,2026-09-28 13:25:00,HERAKLION,GREECE,3,G16-G18,G,ON TIME
1173,322,ARKIA  ISRAELI  AIRLINES,2026-09-28 13:25:00,2026-09-28 13:25:00,BAKU,AZERBAIJAN,3,,,NOT FINAL
1174,513,ARKIA  ISRAELI  AIRLINES,2026-09-28 13:25:00,2026-09-28 13:25:00,AMSTERDAM,NETHERLANDS,1,332-346,B,ON TIME
1175,5194,EL AL ISRAEL AIRLINES,2026-09-28 13:25:00,2026-09-28 13:25:00,SALZBURG,AUSTRIA,3,,,NOT FINAL
1176,176,ISRAIR AIRLINES,2026-09-28 13:25:00,2026-09-28 13:25:00,TIVAT,MONTENEGRO,3,,,NOT FINAL
1177,806,ITALIA TRASPORTO AEREO,2026-09-28 13:30:00,2026-09-28 13:30:00,ROME,ITALY,3,,,NOT FINAL
1178,252,BLUE BIRD AIRWAYS,2026-09-28 11:00:00,2026-09-28 13:30:00,BARCELONA,SPAIN,3,42-44,B,DELAYED
1179,691,BLUE BIRD AIRWAYS,2026-09-28 13:30:00,2026-09-28 13:30:00,RHODES,GREECE,3,,,NOT FINAL
1180,552,EL AL ISRAEL AIRLINES,2026-09-28 13:30:00,2026-09-28 13:30:00,SOFIA,BULGARIA,3,,,NOT FINAL
1181,742,BLUE BIRD AIRWAYS,2026-09-28 13:35:00,2026-09-28 13:35:00,HERAKLION,GREECE,3,34-36,B,ON TIME
1182,2364,EMIRATES,2026-09-28 13:35:00,2026-09-28 13:35:00,DUBAI,UNITED ARAB EMIRATES,3,56-59,C,ON TIME
1183,1212,FLYDUBAI,2026-09-28 13:35:00,2026-09-28 13:35:00,DUBAI,UNITED ARAB EMIRATES,3,56-59,C,ON TIME
1184,302,UZBEKISTAN AIR,2026-09-28 13:35:00,2026-09-28 13:35:00,TASHKENT,UZBEKISTAN,3,12-16,A,ON TIME
1185,7874,AERO MEXICO,2026-09-28 13:50:00,2026-09-28 13:40:00,LOS ANGELES,UNITED STATES,3,,,FINAL
1186,7429,DELTA AIRLINES,2026-09-28 13:50:00,2026-09-28 13:40:00,LOS ANGELES,UNITED STATES,3,,,FINAL
1187,006,EL AL ISRAEL AIRLINES,2026-09-28 13:50:00,2026-09-28 13:40:00,LOS ANGELES,UNITED STATES,3,,,FINAL
1188,5115,EL AL ISRAEL AIRLINES,2026-09-28 13:45:00,2026-09-28 13:45:00,BATUMI,GEORGIA,1,316-327,A,ON TIME
1189,582,ISRAIR AIRLINES,2026-09-28 13:45:00,2026-09-28 13:45:00,LARNACA,CYPRUS,3,,,NOT FINAL
1190,925,AEGEAN  AIRLINES,2026-09-28 13:50:00,2026-09-28 13:50:00,ATHENS,GREECE,3,17-20,A,ON TIME
1191,4979,EMIRATES,2026-09-28 13:50:00,2026-09-28 13:50:00,ATHENS,GREECE,3,17-20,A,ON TIME
1192,235,HISKY EUROPE SRL,2026-09-28 13:50:00,2026-09-28 13:50:00,BUCHAREST,ROMANIA,3,,,NOT FINAL
1193,073,ARKIA  ISRAELI  AIRLINES,2026-09-28 13:50:00,2026-09-28 13:50:00,RHODES,GREECE,1,332-346,B,ON TIME
1194,761,BLUE BIRD AIRWAYS,2026-09-28 08:25:00,2026-09-28 13:55:00,KHANIA,GREECE,3,,,DELAYED
1195,513,ISRAIR AIRLINES,2026-09-28 13:55:00,2026-09-28 13:55:00,RHODES,GREECE,1,306-315,A,ON TIME
1196,316,BLUE BIRD AIRWAYS,2026-09-28 14:00:00,2026-09-28 14:00:00,VIENNA,AUSTRIA,3,36-38,B,ON TIME
1197,5031,EL AL ISRAEL AIRLINES,2026-09-28 14:00:00,2026-09-28 14:00:00,RHODES,GREECE,1,316-327,A,ON TIME
1198,5188,EL AL ISRAEL AIRLINES,2026-09-28 14:00:00,2026-09-28 14:00:00,DUBROVNIK,CROATIA,3,,,NOT FINAL
1199,048,ISRAIR AIRLINES,2026-09-28 14:00:00,2026-09-28 14:00:00,RAMON,ISRAEL,1,,,NOT FINAL
1200,561,BLUE BIRD AIRWAYS,2026-09-28 14:10:00,2026-09-28 14:10:00,HERAKLION,GREECE,3,,,NOT FINAL
1201,701,BLUE BIRD AIRWAYS,2026-09-28 14:10:00,2026-09-28 14:10:00,ATHENS,GREECE,3,,,NOT FINAL
1202,1301,AIR EUROPA,2026-09-28 14:10:00,2026-09-28 14:10:00,MADRID,SPAIN,3,,,NOT FINAL
1203,521,ARKIA  ISRAELI  AIRLINES,2026-09-28 14:15:00,2026-09-28 14:15:00,GENEVA,SWITZERLAND,3,G1-G12,G,ON TIME
1204,357,ISRAIR AIRLINES,2026-09-28 14:15:00,2026-09-28 14:15:00,VERONA,ITALY,1,306-315,A,ON TIME
1205,362,ISRAIR AIRLINES,2026-09-28 14:15:00,2026-09-28 14:15:00,BARI,ITALY,3,,,NOT FINAL
1206,884,ISRAIR AIRLINES,2026-09-28 14:15:00,2026-09-28 14:15:00,BATUMI,GEORGIA,3,,,NOT FINAL
1207,7858,AEROLINEAS ARGENTINAS S.A.,2026-09-28 14:20:00,2026-09-28 14:20:00,ROME,ITALY,3,,,NOT FINAL
1208,272,BLUE BIRD AIRWAYS,2026-09-28 14:20:00,2026-09-28 14:20:00,BERLIN,GERMANY,3,38-40,B,ON TIME
1209,694,BLUE BIRD AIRWAYS,2026-09-28 14:20:00,2026-09-28 14:20:00,RHODES,GREECE,3,40-42,B,ON TIME
1210,386,EL AL ISRAEL AIRLINES,2026-09-28 14:20:00,2026-09-28 14:20:00,ROME,ITALY,3,,,NOT FINAL
1211,8899,AIR PORTUGAL,2026-09-28 14:20:00,2026-09-28 14:20:00,ROME,ITALY,3,,,NOT FINAL
1212,7442,DELTA AIRLINES,2026-09-28 14:25:00,2026-09-28 14:25:00,NEWARK,UNITED STATES,3,,,NOT FINAL
1213,223,ARKIA  ISRAELI  AIRLINES,2026-09-28 14:25:00,2026-09-28 14:25:00,THESSALONIKI,GREECE,1,332-346,B,ON TIME
1214,026,EL AL ISRAEL AIRLINES,2026-09-28 14:25:00,2026-09-28 14:25:00,NEWARK,UNITED STATES,3,,,NOT FINAL
1215,807,ITALIA TRASPORTO AEREO,2026-09-28 14:30:00,2026-09-28 14:30:00,ROME,ITALY,3,7-11,A,ON TIME
1216,7379,AIR SERBIA,2026-09-28 14:30:00,2026-09-28 14:30:00,ROME,ITALY,3,7-11,A,ON TIME
1217,5233,LUFTHANSA,2026-09-28 14:30:00,2026-09-28 14:30:00,ROME,ITALY,3,7-11,A,ON TIME
1218,2448,EMIRATES,2026-09-28 14:35:00,2026-09-28 14:35:00,DUBAI,UNITED ARAB EMIRATES,3,,,NOT FINAL
1219,418,ETHIOPIAN AIRLINES,2026-09-28 14:35:00,2026-09-28 14:35:00,ADDIS ABABA,ETHIOPIA,3,,,NOT FINAL
1220,1081,FLYDUBAI,2026-09-28 14:35:00,2026-09-28 14:35:00,DUBAI,UNITED ARAB EMIRATES,3,,,NOT FINAL
1221,8808,EL AL ISRAEL AIRLINES,2026-09-28 14:35:00,2026-09-28 14:35:00,ADDIS ABABA,ETHIOPIA,3,,,NOT FINAL
1222,079,AUSTRIAN AIRLINES,2026-09-28 14:35:00,2026-09-28 14:35:00,VIENNA,AUSTRIA,3,,,NOT FINAL
1223,5301,WIZZ UK,2026-09-28 14:35:00,2026-09-28 14:35:00,LONDON LUTON,UNITED KINGDOM,3,,,NOT FINAL
1224,6172,AIR FRANCE,2026-09-28 14:45:00,2026-09-28 14:45:00,MARSEILLE,FRANCE,3,78-99,D,ON TIME
1225,966,AIR FRANCE,2026-09-28 14:45:00,2026-09-28 14:45:00,PARIS,FRANCE,3,,,NOT FINAL
1226,321,EL AL ISRAEL AIRLINES,2026-09-28 14:45:00,2026-09-28 14:45:00,MARSEILLE,FRANCE,3,78-99,D,ON TIME
1227,9842,EL AL ISRAEL AIRLINES,2026-09-28 14:45:00,2026-09-28 14:45:00,PARIS,FRANCE,3,,,NOT FINAL
1228,253,ISRAIR AIRLINES,2026-09-28 14:45:00,2026-09-28 14:45:00,BERLIN,GERMANY,3,201-204,G,ON TIME
1229,236,HISKY EUROPE SRL,2026-09-28 14:50:00,2026-09-28 14:50:00,BUCHAREST,ROMANIA,3,71-74,C,ON TIME
1230,501,ISRAIR AIRLINES,2026-09-28 17:10:00,2026-09-28 14:50:00,HERAKLION,GREECE,1,306-315,A,EARLY
1231,570,ISRAIR AIRLINES,2026-09-28 14:50:00,2026-09-28 14:50:00,ATHENS,GREECE,3,,,NOT FINAL
1232,723,ISRAIR AIRLINES,2026-09-28 17:10:00,2026-09-28 14:50:00,BUDAPEST,HUNGARY,1,306-315,A,EARLY
1233,110,CYPRUS AIRWAYS,2026-09-28 14:55:00,2026-09-28 14:55:00,LARNACA,CYPRUS,3,,,NOT FINAL
1234,373,EL AL ISRAEL AIRLINES,2026-09-28 14:55:00,2026-09-28 14:55:00,PORTO,PORTUGAL,3,78-99,D,ON TIME
1235,8294,AIR PORTUGAL,2026-09-28 14:55:00,2026-09-28 14:55:00,PORTO,PORTUGAL,3,78-99,D,ON TIME
1236,462,TUS AIRWAYS,2026-09-28 14:55:00,2026-09-28 14:55:00,PRAGUE,CZECH REPUBLIC,3,216-226,G,ON TIME
1237,6684,AIR BALTIC,2026-09-28 15:00:00,2026-09-28 15:00:00,MUNICH,GERMANY,3,,,NOT FINAL
1238,121,AZERBAIJAN AIRLINES,2026-09-28 15:00:00,2026-09-28 15:00:00,BAKU,AZERBAIJAN,3,,,NOT FINAL
1239,354,EL AL ISRAEL AIRLINES,2026-09-28 15:00:00,2026-09-28 15:00:00,MUNICH,GERMANY,3,,,NOT FINAL
1240,5063,EL AL ISRAEL AIRLINES,2026-09-28 15:00:00,2026-09-28 15:00:00,HERAKLION,GREECE,1,316-327,A,ON TIME
1241,9958,EL AL ISRAEL AIRLINES,2026-09-28 15:00:00,2026-09-28 15:00:00,BAKU,AZERBAIJAN,3,,,NOT FINAL
1242,045,ISRAIR AIRLINES,2026-09-28 15:00:00,2026-09-28 15:00:00,RAMON,ISRAEL,1,355-360,C,ON TIME
1243,594,ETIHAD AIRWAYS,2026-09-28 15:05:00,2026-09-28 15:05:00,ABU DHABI,UNITED ARAB EMIRATES,3,60-70,C,ON TIME
1244,9601,EL AL ISRAEL AIRLINES,2026-09-28 15:05:00,2026-09-28 15:05:00,ABU DHABI,UNITED ARAB EMIRATES,3,60-70,C,ON TIME
1245,4999,CHINA EASTERN AIRLINES Co. Ltd,2026-09-28 15:05:00,2026-09-28 15:05:00,ABU DHABI,UNITED ARAB EMIRATES,3,60-70,C,ON TIME
1246,2594,SRILANKA AIRLINES,2026-09-28 15:05:00,2026-09-28 15:05:00,ABU DHABI,UNITED ARAB EMIRATES,3,60-70,C,ON TIME
1247,132,TUS AIRWAYS,2026-09-28 15:10:00,2026-09-28 15:10:00,ROME,ITALY,3,216-226,G,ON TIME
1248,160,TUS AIRWAYS,2026-09-28 15:10:00,2026-09-28 15:10:00,PAPHOS,CYPRUS,3,216-226,G,ON TIME
1249,4433,WIZZAIR,2026-09-28 15:10:00,2026-09-28 15:10:00,SOFIA,BULGARIA,3,,,NOT FINAL
1250,561,ISRAIR AIRLINES,2026-09-28 15:10:00,2026-09-28 15:10:00,ATHENS,GREECE,1,306-315,A,ON TIME
1251,608,ETIHAD AIRWAYS,2026-09-28 15:15:00,2026-09-28 15:15:00,ABU DHABI,UNITED ARAB EMIRATES,3,60-70,C,ON TIME
1252,247,EL AL ISRAEL AIRLINES,2026-09-28 15:15:00,2026-09-28 15:15:00,ZURICH,SWITZERLAND,3,78-99,D,ON TIME
1253,9615,EL AL ISRAEL AIRLINES,2026-09-28 15:15:00,2026-09-28 15:15:00,ABU DHABI,UNITED ARAB EMIRATES,3,60-70,C,ON TIME
1254,3289,BRUSSELS AIRLINES,2026-09-28 15:15:00,2026-09-28 15:15:00,BRUSSELS,BELGIUM,3,,,NOT FINAL
1255,5254,LOT POLISH AIRLINES,2026-09-28 15:20:00,2026-09-28 15:20:00,KRAKOW,POLAND,3,,,NOT FINAL
1256,5120,EL AL ISRAEL AIRLINES,2026-09-28 15:20:00,2026-09-28 15:20:00,KRAKOW,POLAND,3,,,NOT FINAL
1257,686,LUFTHANSA,2026-09-28 15:25:00,2026-09-28 15:25:00,FRANKFURT,GERMANY,3,,,NOT FINAL
1258,281,EL AL ISRAEL AIRLINES,2026-09-28 15:30:00,2026-09-28 15:30:00,MILAN,ITALY,3,78-99,D,ON TIME
1259,080,AUSTRIAN AIRLINES,2026-09-28 15:30:00,2026-09-28 15:30:00,VIENNA,AUSTRIA,3,22-33,A,ON TIME
1260,3183,SAS,2026-09-28 15:30:00,2026-09-28 15:30:00,MILAN,ITALY,3,78-99,D,ON TIME
1261,8908,AIR PORTUGAL,2026-09-28 15:30:00,2026-09-28 15:30:00,MILAN,ITALY,3,78-99,D,ON TIME
1262,5302,WIZZ UK,2026-09-28 15:30:00,2026-09-28 15:30:00,LONDON LUTON,UNITED KINGDOM,3,211-215,G,ON TIME
1263,6174,AIR FRANCE,2026-09-28 15:40:00,2026-09-28 15:40:00,NICE,FRANCE,3,,,NOT FINAL
1264,419,ETHIOPIAN AIRLINES,2026-09-28 15:40:00,2026-09-28 15:40:00,ADDIS ABABA,ETHIOPIA,3,45-49,B,ON TIME
1265,224,EL AL ISRAEL AIRLINES,2026-09-28 15:40:00,2026-09-28 15:40:00,NICE,FRANCE,3,,,NOT FINAL
1266,2522,EL AL ISRAEL AIRLINES,2026-09-28 15:40:00,2026-09-28 15:40:00,PRAGUE,CZECH REPUBLIC,3,,,NOT FINAL
1267,8809,EL AL ISRAEL AIRLINES,2026-09-28 15:40:00,2026-09-28 15:40:00,ADDIS ABABA,ETHIOPIA,3,45-49,B,ON TIME
1268,718,ISRAIR AIRLINES,2026-09-28 15:40:00,2026-09-28 15:40:00,BUDAPEST,HUNGARY,3,,,NOT FINAL
1269,1338,ARKIA  ISRAELI  AIRLINES,2026-09-28 15:45:00,2026-09-28 15:45:00,MILAN,ITALY,3,,,NOT FINAL
1270,351,EL AL ISRAEL AIRLINES,2026-09-28 15:45:00,2026-09-28 15:45:00,MUNICH,GERMANY,3,78-99,D,ON TIME
1271,3173,SAS,2026-09-28 15:45:00,2026-09-28 15:45:00,MUNICH,GERMANY,3,78-99,D,ON TIME
1272,3452,TRANSAVIA FRANCE,2026-09-28 15:45:00,2026-09-28 15:45:00,PARIS,FRANCE,3,,,NOT FINAL
1273,6690,AIR BALTIC,2026-09-28 15:50:00,2026-09-28 15:50:00,BERLIN,GERMANY,3,,,NOT FINAL
1274,2449,EMIRATES,2026-09-28 15:50:00,2026-09-28 15:50:00,DUBAI,UNITED ARAB EMIRATES,3,56-59,C,ON TIME
1275,448,ETHIOPIAN AIRLINES,2026-09-28 15:50:00,2026-09-28 15:50:00,ADDIS ABABA,ETHIOPIA,3,,,NOT FINAL
1276,1082,FLYDUBAI,2026-09-28 15:50:00,2026-09-28 15:50:00,DUBAI,UNITED ARAB EMIRATES,3,56-59,C,ON TIME
1277,816,ARKIA  ISRAELI  AIRLINES,2026-09-28 15:50:00,2026-09-28 15:50:00,RAMON,ISRAEL,1,,,NOT FINAL
1278,2372,EL AL ISRAEL AIRLINES,2026-09-28 15:50:00,2026-09-28 15:50:00,BERLIN,GERMANY,3,,,NOT FINAL
1279,3156,SAS,2026-09-28 15:50:00,2026-09-28 15:50:00,BERLIN,GERMANY,3,,,NOT FINAL
1280,3263,WIZZ AIR MALTA,2026-09-28 15:50:00,2026-09-28 15:50:00,BUCHAREST,ROMANIA,3,,,NOT FINAL
1281,345,ISRAIR AIRLINES,2026-09-28 15:50:00,2026-09-28 15:50:00,NAPLES,ITALY,1,306-315,A,ON TIME
1282,111,CYPRUS AIRWAYS,2026-09-28 15:55:00,2026-09-28 15:55:00,LARNACA,CYPRUS,3,G16-G18,G,ON TIME
1283,336,ARKIA  ISRAELI  AIRLINES,2026-09-28 15:20:00,2026-09-28 15:55:00,ROME,ITALY,3,,,DELAYED
1284,6686,AIR BALTIC,2026-09-28 16:00:00,2026-09-28 16:00:00,FRANKFURT,GERMANY,3,,,NOT FINAL
1285,7713,IBERIA,2026-09-28 16:00:00,2026-09-28 16:00:00,BARCELONA,SPAIN,3,,,NOT FINAL
1286,122,AZERBAIJAN AIRLINES,2026-09-28 16:00:00,2026-09-28 16:00:00,BAKU,AZERBAIJAN,3,18-21,A,ON TIME
1287,680,LUFTHANSA,2026-09-28 16:00:00,2026-09-28 16:00:00,MUNICH,GERMANY,3,,,NOT FINAL
1288,358,EL AL ISRAEL AIRLINES,2026-09-28 16:00:00,2026-09-28 16:00:00,FRANKFURT,GERMANY,3,,,NOT FINAL
1289,394,EL AL ISRAEL AIRLINES,2026-09-28 16:00:00,2026-09-28 16:00:00,BARCELONA,SPAIN,3,,,NOT FINAL
1290,9957,EL AL ISRAEL AIRLINES,2026-09-28 16:00:00,2026-09-28 16:00:00,BAKU,AZERBAIJAN,3,18-21,A,ON TIME
1291,1302,AIR EUROPA,2026-09-28 16:05:00,2026-09-28 16:05:00,MADRID,SPAIN,3,50-55,B,ON TIME
1292,4434,WIZZAIR,2026-09-28 16:05:00,2026-09-28 16:05:00,SOFIA,BULGARIA,1,361-372,D,ON TIME
1293,7851,AERO MEXICO,2026-09-28 16:10:00,2026-09-28 16:10:00,AMSTERDAM,NETHERLANDS,3,78-99,D,ON TIME
1294,2475,K.L.M.,2026-09-28 16:10:00,2026-09-28 16:10:00,AMSTERDAM,NETHERLANDS,3,78-99,D,ON TIME
1295,313,EL AL ISRAEL AIRLINES,2026-09-28 16:10:00,2026-09-28 16:10:00,LONDON LUTON,UNITED KINGDOM,3,78-99,D,ON TIME
1296,339,EL AL ISRAEL AIRLINES,2026-09-28 16:10:00,2026-09-28 16:10:00,AMSTERDAM,NETHERLANDS,3,78-99,D,ON TIME
1297,3151,SAS,2026-09-28 16:10:00,2026-09-28 16:10:00,AMSTERDAM,NETHERLANDS,3,78-99,D,ON TIME
1298,534,ISRAIR AIRLINES,2026-09-28 16:10:00,2026-09-28 16:10:00,CORFU,GREECE,3,,,NOT FINAL
1299,2450,EMIRATES,2026-09-28 16:15:00,2026-09-28 16:15:00,DUBAI,UNITED ARAB EMIRATES,3,,,NOT FINAL
1300,1625,FLYDUBAI,2026-09-28 16:15:00,2026-09-28 16:15:00,DUBAI,UNITED ARAB EMIRATES,3,,,NOT FINAL
1301,2360,EL AL ISRAEL AIRLINES,2026-09-28 16:15:00,2026-09-28 16:15:00,BUDAPEST,HUNGARY,3,,,NOT FINAL
1302,3290,BRUSSELS AIRLINES,2026-09-28 16:15:00,2026-09-28 16:15:00,BRUSSELS,BELGIUM,3,22-33,A,ON TIME
1303,5519,AIR CANADA,2026-09-28 16:20:00,2026-09-28 16:20:00,NEWARK,UNITED STATES,3,,,NOT FINAL
1304,090,UNITED AIRLINES,2026-09-28 16:20:00,2026-09-28 16:20:00,NEWARK,UNITED STATES,3,,,NOT FINAL
1305,357,TUS AIRWAYS,2026-09-28 16:20:00,2026-09-28 16:20:00,NAPLES,ITALY,3,,,NOT FINAL
1306,715,ISRAIR AIRLINES,2026-09-28 16:20:00,2026-09-28 16:20:00,VARNA,BULGARIA,3,201-209,G,ON TIME
1307,7859,AERO MEXICO,2026-09-28 16:25:00,2026-09-28 16:25:00,MADRID,SPAIN,3,,,NOT FINAL
1308,7854,AEROLINEAS ARGENTINAS S.A.,2026-09-28 16:25:00,2026-09-28 16:25:00,MADRID,SPAIN,3,,,NOT FINAL
1309,7715,IBERIA,2026-09-28 16:25:00,2026-09-28 16:25:00,MADRID,SPAIN,3,,,NOT FINAL
1310,396,EL AL ISRAEL AIRLINES,2026-09-28 16:25:00,2026-09-28 16:25:00,MADRID,SPAIN,3,,,NOT FINAL
1311,963,AIR FRANCE,2026-09-28 16:30:00,2026-09-28 16:30:00,PARIS,FRANCE,3,12-17,A,ON TIME
1312,687,LUFTHANSA,2026-09-28 16:30:00,2026-09-28 16:30:00,FRANKFURT,GERMANY,3,22-33,A,ON TIME
1313,9843,EL AL ISRAEL AIRLINES,2026-09-28 16:30:00,2026-09-28 16:30:00,PARIS,FRANCE,3,12-17,A,ON TIME
1314,882,ISRAIR AIRLINES,2026-09-28 16:30:00,2026-09-28 16:30:00,BAKU,AZERBAIJAN,3,,,NOT FINAL
1315,053,ARKIA  ISRAELI  AIRLINES,2026-09-28 16:35:00,2026-09-28 16:35:00,CORFU,GREECE,3,G1-G12,G,ON TIME
1316,7068,AIR FRANCE,2026-09-28 16:40:00,2026-09-28 16:40:00,PARIS,FRANCE,3,,,NOT FINAL
1317,7898,AERO MEXICO,2026-09-28 16:40:00,2026-09-28 16:40:00,PARIS,FRANCE,3,,,NOT FINAL
1318,312,EL AL ISRAEL AIRLINES,2026-09-28 16:40:00,2026-09-28 16:40:00,LONDON LUTON,UNITED KINGDOM,3,,,NOT FINAL
1319,320,EL AL ISRAEL AIRLINES,2026-09-28 16:40:00,2026-09-28 16:40:00,PARIS,FRANCE,3,,,NOT FINAL
1320,343,EL AL ISRAEL AIRLINES,2026-09-28 16:40:00,2026-09-28 16:40:00,ZURICH,SWITZERLAND,3,78-99,D,ON TIME
1321,3162,SAS,2026-09-28 16:40:00,2026-09-28 16:40:00,PARIS,FRANCE,3,,,NOT FINAL
1322,3191,SAS,2026-09-28 16:40:00,2026-09-28 16:40:00,ZURICH,SWITZERLAND,3,78-99,D,ON TIME
1323,343,ISRAIR AIRLINES,2026-09-28 16:40:00,2026-09-28 16:40:00,ROME,ITALY,3,201-209,G,ON TIME
1324,3453,TRANSAVIA FRANCE,2026-09-28 16:45:00,2026-09-28 16:45:00,PARIS,FRANCE,1,345-348,B,ON TIME
1325,3264,WIZZ AIR MALTA,2026-09-28 16:45:00,2026-09-28 16:45:00,BUCHAREST,ROMANIA,1,361-372,D,ON TIME
1326,250,ISRAIR AIRLINES,2026-09-28 16:45:00,2026-09-28 16:45:00,SALZBURG,AUSTRIA,3,,,NOT FINAL
1327,449,ETHIOPIAN AIRLINES,2026-09-28 16:50:00,2026-09-28 16:50:00,ADDIS ABABA,ETHIOPIA,3,7-11,A,ON TIME
1328,597,ETIHAD AIRWAYS,2026-09-28 16:50:00,2026-09-28 16:50:00,ABU DHABI,UNITED ARAB EMIRATES,3,,,NOT FINAL
1329,424,ARKIA  ISRAELI  AIRLINES,2026-09-28 16:50:00,2026-09-28 16:50:00,VIENNA,AUSTRIA,3,,,NOT FINAL
1330,821,ARKIA  ISRAELI  AIRLINES,2026-09-28 16:50:00,2026-09-28 16:50:00,RAMON,ISRAEL,1,349-354,C,ON TIME
1331,382,EL AL ISRAEL AIRLINES,2026-09-28 16:50:00,2026-09-28 16:50:00,MILAN,ITALY,3,,,NOT FINAL
1332,9605,EL AL ISRAEL AIRLINES,2026-09-28 16:50:00,2026-09-28 16:50:00,ABU DHABI,UNITED ARAB EMIRATES,3,,,NOT FINAL
1333,3184,SAS,2026-09-28 16:50:00,2026-09-28 16:50:00,MILAN,ITALY,3,,,NOT FINAL
1334,7865,AERO MEXICO,2026-09-28 16:55:00,2026-09-28 16:55:00,NEW YORK,UNITED STATES,3,78-99,D,ON TIME
1335,7432,DELTA AIRLINES,2026-09-28 16:55:00,2026-09-28 16:55:00,NEW YORK,UNITED STATES,3,78-99,D,ON TIME
1336,011,EL AL ISRAEL AIRLINES,2026-09-28 16:55:00,2026-09-28 16:55:00,NEW YORK,UNITED STATES,3,78-99,D,ON TIME
1337,375,EL AL ISRAEL AIRLINES,2026-09-28 16:55:00,2026-09-28 16:55:00,LISBON,PORTUGAL,3,78-99,D,ON TIME
1338,8920,AIR PORTUGAL,2026-09-28 16:55:00,2026-09-28 16:55:00,LISBON,PORTUGAL,3,78-99,D,ON TIME
1339,7877,AERO MEXICO,2026-09-28 17:00:00,2026-09-28 17:00:00,LONDON,UNITED KINGDOM,3,78-99,D,ON TIME
1340,025,ARKIA  ISRAELI  AIRLINES,2026-09-28 17:00:00,2026-09-28 17:00:00,MARRAKESH,MOROCCO,3,G1-G12,G,ON TIME
1341,252,SWISS INT`L  AIRLINES,2026-09-28 17:00:00,2026-09-28 17:00:00,ZURICH,SWITZERLAND,3,,,NOT FINAL
1342,317,EL AL ISRAEL AIRLINES,2026-09-28 17:00:00,2026-09-28 17:00:00,LONDON,UNITED KINGDOM,3,78-99,D,ON TIME
1343,5141,EL AL ISRAEL AIRLINES,2026-09-28 17:00:00,2026-09-28 17:00:00,LARNACA,CYPRUS,1,316-327,A,ON TIME
1344,5414,EL AL ISRAEL AIRLINES,2026-09-28 17:00:00,2026-09-28 17:00:00,BASEL,SWITZERLAND,3,,,NOT FINAL
1345,7495,VIRGIN ATLANTIC AIRWAYS,2026-09-28 17:00:00,2026-09-28 17:00:00,LONDON,UNITED KINGDOM,3,78-99,D,ON TIME
1346,681,LUFTHANSA,2026-09-28 17:05:00,2026-09-28 17:05:00,MUNICH,GERMANY,3,22-33,A,ON TIME
1347,7071,AIR FRANCE,2026-09-28 17:10:00,2026-09-28 17:10:00,PARIS,FRANCE,3,78-99,D,ON TIME
1348,7853,AERO MEXICO,2026-09-28 17:10:00,2026-09-28 17:10:00,PARIS,FRANCE,3,78-99,D,ON TIME
1349,283,ARKIA  ISRAELI  AIRLINES,2026-09-28 17:10:00,2026-09-28 17:10:00,PRAGUE,CZECH REPUBLIC,3,G1-G12,G,ON TIME
1350,325,EL AL ISRAEL AIRLINES,2026-09-28 17:10:00,2026-09-28 17:10:00,PARIS,FRANCE,3,78-99,D,ON TIME
1351,7866,AERO MEXICO,2026-09-28 17:15:00,2026-09-28 17:15:00,MADRID,SPAIN,3,78-99,D,ON TIME
1352,7855,AEROLINEAS ARGENTINAS S.A.,2026-09-28 17:15:00,2026-09-28 17:15:00,MADRID,SPAIN,3,78-99,D,ON TIME
1353,7716,IBERIA,2026-09-28 17:15:00,2026-09-28 17:15:00,MADRID,SPAIN,3,78-99,D,ON TIME
1354,397,EL AL ISRAEL AIRLINES,2026-09-28 17:15:00,2026-09-28 17:15:00,MADRID,SPAIN,3,78-99,D,ON TIME
1355,522,ISRAIR AIRLINES,2026-09-28 17:15:00,2026-09-28 17:15:00,RHODES,GREECE,3,,,NOT FINAL
1356,704,BLUE BIRD AIRWAYS,2026-09-28 17:20:00,2026-09-28 17:20:00,ATHENS,GREECE,3,34-36,B,ON TIME
1357,286,EL AL ISRAEL AIRLINES,2026-09-28 17:20:00,2026-09-28 17:20:00,ROME,ITALY,3,,,NOT FINAL
1358,3172,SAS,2026-09-28 17:20:00,2026-09-28 17:20:00,ROME,ITALY,3,,,NOT FINAL
1359,163,ISRAIR AIRLINES,2026-09-28 17:20:00,2026-09-28 17:20:00,TIRANA,ALBANIA,1,306-315,A,ON TIME
1360,2451,EMIRATES,2026-09-28 17:25:00,2026-09-28 17:25:00,DUBAI,UNITED ARAB EMIRATES,3,56-59,C,ON TIME
1361,1626,FLYDUBAI,2026-09-28 17:25:00,2026-09-28 17:25:00,DUBAI,UNITED ARAB EMIRATES,3,56-59,C,ON TIME
1362,348,EL AL ISRAEL AIRLINES,2026-09-28 17:25:00,2026-09-28 17:25:00,ZURICH,SWITZERLAND,3,,,NOT FINAL
1363,3188,SAS,2026-09-28 17:25:00,2026-09-28 17:25:00,ZURICH,SWITZERLAND,3,,,NOT FINAL
1364,6043,WIZZ AIR MALTA,2026-09-28 17:25:00,2026-09-28 17:25:00,ROME,ITALY,3,,,NOT FINAL
1365,755,BLUE BIRD AIRWAYS,2026-09-28 17:30:00,2026-09-28 17:30:00,HERAKLION,GREECE,3,,,NOT FINAL
1366,093,ARKIA  ISRAELI  AIRLINES,2026-09-28 15:20:00,2026-09-28 17:30:00,HERAKLION,GREECE,1,332-344,B,DELAYED
1367,363,EL AL ISRAEL AIRLINES,2026-09-28 17:30:00,2026-09-28 17:30:00,VIENNA,AUSTRIA,3,78-99,D,ON TIME
1368,5101,EL AL ISRAEL AIRLINES,2026-09-28 17:30:00,2026-09-28 17:30:00,WARSAW,POLAND,3,78-99,D,ON TIME
1369,3458,TRANSAVIA FRANCE,2026-09-28 17:35:00,2026-09-28 17:35:00,PARIS,FRANCE,3,,,NOT FINAL
1370,7710,IBERIA,2026-09-28 17:45:00,2026-09-28 17:45:00,BARCELONA,SPAIN,3,78-99,D,ON TIME
1371,074,ARKIA  ISRAELI  AIRLINES,2026-09-28 17:45:00,2026-09-28 17:45:00,RHODES,GREECE,3,,,NOT FINAL
1372,391,EL AL ISRAEL AIRLINES,2026-09-28 17:45:00,2026-09-28 17:45:00,BARCELONA,SPAIN,3,78-99,D,ON TIME
1373,081,AUSTRIAN AIRLINES,2026-09-28 17:45:00,2026-09-28 17:45:00,VIENNA,AUSTRIA,3,,,NOT FINAL
1374,046,ISRAIR AIRLINES,2026-09-28 17:45:00,2026-09-28 17:45:00,RAMON,ISRAEL,1,,,NOT FINAL
1375,6678,AIR BALTIC,2026-09-28 17:50:00,2026-09-28 17:50:00,AMSTERDAM,NETHERLANDS,3,,,NOT FINAL
1376,2472,K.L.M.,2026-09-28 17:50:00,2026-09-28 17:50:00,AMSTERDAM,NETHERLANDS,3,,,NOT FINAL
1377,338,EL AL ISRAEL AIRLINES,2026-09-28 17:50:00,2026-09-28 17:50:00,AMSTERDAM,NETHERLANDS,3,,,NOT FINAL
1378,545,EL AL ISRAEL AIRLINES,2026-09-28 17:50:00,2026-09-28 17:50:00,ATHENS,GREECE,3,78-99,D,ON TIME
1379,3150,SAS,2026-09-28 17:50:00,2026-09-28 17:50:00,AMSTERDAM,NETHERLANDS,3,,,NOT FINAL
1380,1463,CYPRUS AIRWAYS,2026-09-28 17:55:00,2026-09-28 17:55:00,HERAKLION,GREECE,3,,,NOT FINAL
1381,2523,EL AL ISRAEL AIRLINES,2026-09-28 17:55:00,2026-09-28 17:55:00,PRAGUE,CZECH REPUBLIC,3,78-99,D,ON TIME
1382,2327,WIZZAIR,2026-09-28 17:55:00,2026-09-28 17:55:00,BUDAPEST,HUNGARY,3,,,NOT FINAL
1383,7859,AEROLINEAS ARGENTINAS S.A.,2026-09-28 18:00:00,2026-09-28 18:00:00,ROME,ITALY,3,78-99,D,ON TIME
1384,289,EL AL ISRAEL AIRLINES,2026-09-28 18:00:00,2026-09-28 18:00:00,VENICE,ITALY,3,78-99,D,ON TIME
1385,383,EL AL ISRAEL AIRLINES,2026-09-28 18:00:00,2026-09-28 18:00:00,ROME,ITALY,3,78-99,D,ON TIME
1386,3169,SAS,2026-09-28 18:00:00,2026-09-28 18:00:00,ROME,ITALY,3,78-99,D,ON TIME
1387,8900,AIR PORTUGAL,2026-09-28 18:00:00,2026-09-28 18:00:00,ROME,ITALY,3,78-99,D,ON TIME
1388,6403,WIZZ AIR MALTA,2026-09-28 18:00:00,2026-09-28 18:00:00,MILAN,ITALY,3,,,NOT FINAL
1389,350,ISRAIR AIRLINES,2026-09-28 18:00:00,2026-09-28 18:00:00,ROME,ITALY,3,,,NOT FINAL
1390,597,ISRAIR AIRLINES,2026-09-28 18:00:00,2026-09-28 18:00:00,PAPHOS,CYPRUS,3,201-210,G,ON TIME
1391,514,ISRAIR AIRLINES,2026-09-28 18:05:00,2026-09-28 18:05:00,RHODES,GREECE,3,,,NOT FINAL
1392,154,BLUE BIRD AIRWAYS,2026-09-28 14:50:00,2026-09-28 18:10:00,BERGAMO,ITALY,3,38-40,B,DELAYED
1393,2470,EMIRATES,2026-09-28 18:15:00,2026-09-28 18:15:00,DUBAI,UNITED ARAB EMIRATES,3,,,NOT FINAL
1394,1125,FLYDUBAI,2026-09-28 18:15:00,2026-09-28 18:15:00,DUBAI,UNITED ARAB EMIRATES,3,,,NOT FINAL
1395,253,SWISS INT`L  AIRLINES,2026-09-28 18:15:00,2026-09-28 18:15:00,ZURICH,SWITZERLAND,3,22-33,A,ON TIME
1396,885,ISRAIR AIRLINES,2026-09-28 18:15:00,2026-09-28 18:15:00,BATUMI,GEORGIA,3,201-210,G,ON TIME
1397,6175,AIR FRANCE,2026-09-28 18:20:00,2026-09-28 18:20:00,PARIS,FRANCE,3,,,NOT FINAL
1398,7855,AERO MEXICO,2026-09-28 18:20:00,2026-09-28 18:20:00,PARIS,FRANCE,3,,,NOT FINAL
1399,222,EL AL ISRAEL AIRLINES,2026-09-28 18:20:00,2026-09-28 18:20:00,PARIS,FRANCE,3,,,NOT FINAL
1400,5480,EL AL ISRAEL AIRLINES,2026-09-28 18:20:00,2026-09-28 18:20:00,MYKONOS,GREECE,3,,,NOT FINAL
1401,3196,SAS,2026-09-28 18:20:00,2026-09-28 18:20:00,PARIS,FRANCE,3,,,NOT FINAL
1402,6044,WIZZ AIR MALTA,2026-09-28 18:20:00,2026-09-28 18:20:00,ROME,ITALY,1,361-372,D,ON TIME
1403,5032,EL AL ISRAEL AIRLINES,2026-09-28 18:25:00,2026-09-28 18:25:00,RHODES,GREECE,3,,,NOT FINAL
1404,693,BLUE BIRD AIRWAYS,2026-09-28 18:30:00,2026-09-28 18:30:00,RHODES,GREECE,3,,,NOT FINAL
1405,756,BLUE BIRD AIRWAYS,2026-09-28 18:30:00,2026-09-28 18:30:00,HERAKLION,GREECE,3,36-38,B,ON TIME
1406,387,EL AL ISRAEL AIRLINES,2026-09-28 18:30:00,2026-09-28 18:30:00,MILAN,ITALY,3,78-99,D,ON TIME
1407,571,EL AL ISRAEL AIRLINES,2026-09-28 18:30:00,2026-09-28 18:30:00,BUCHAREST,ROMANIA,3,78-99,D,ON TIME
1408,9100,TAROM - ROMANIAN AIR TRANSPORT,2026-09-28 18:30:00,2026-09-28 18:30:00,BUCHAREST,ROMANIA,3,78-99,D,ON TIME
1409,8912,AIR PORTUGAL,2026-09-28 18:30:00,2026-09-28 18:30:00,MILAN,ITALY,3,78-99,D,ON TIME
1410,3459,TRANSAVIA FRANCE,2026-09-28 18:35:00,2026-09-28 18:35:00,PARIS,FRANCE,1,345-348,B,ON TIME
1411,082,AUSTRIAN AIRLINES,2026-09-28 18:40:00,2026-09-28 18:40:00,VIENNA,AUSTRIA,3,22-33,A,ON TIME
1412,457,TUS AIRWAYS,2026-09-28 18:40:00,2026-09-28 18:40:00,BOLOGNA,ITALY,3,,,NOT FINAL
1413,762,ISRAIR AIRLINES,2026-09-28 18:40:00,2026-09-28 18:40:00,PRAGUE,CZECH REPUBLIC,3,,,NOT FINAL
1414,214,ARKIA  ISRAELI  AIRLINES,2026-09-28 18:45:00,2026-09-28 18:45:00,ATHENS,GREECE,3,,,NOT FINAL
1415,5468,EL AL ISRAEL AIRLINES,2026-09-28 18:45:00,2026-09-28 18:45:00,TIVAT,MONTENEGRO,3,,,NOT FINAL
1416,055,ISRAIR AIRLINES,2026-09-28 18:45:00,2026-09-28 18:45:00,RAMON,ISRAEL,1,355-360,C,ON TIME
1417,696,BLUE BIRD AIRWAYS,2026-09-28 18:50:00,2026-09-28 18:50:00,RHODES,GREECE,3,40-42,B,ON TIME
1418,2328,WIZZAIR,2026-09-28 18:50:00,2026-09-28 18:50:00,BUDAPEST,HUNGARY,1,361-372,D,ON TIME
1419,4309,CONDOR  FLUGDIENST,2026-09-28 18:55:00,2026-09-28 18:55:00,FRANKFURT,GERMANY,3,,,NOT FINAL
1420,107,TUS AIRWAYS,2026-09-28 18:55:00,2026-09-28 18:55:00,LARNACA,CYPRUS,3,223-226,G,ON TIME
1421,6404,WIZZ AIR MALTA,2026-09-28 18:55:00,2026-09-28 18:55:00,MILAN,ITALY,1,361-372,D,ON TIME
1422,6923,WIZZ AIR MALTA,2026-09-28 18:55:00,2026-09-28 18:55:00,NAPLES,ITALY,3,,,NOT FINAL
1423,926,AEGEAN  AIRLINES,2026-09-28 19:00:00,2026-09-28 19:00:00,ATHENS,GREECE,3,,,NOT FINAL
1424,738,BLUE BIRD AIRWAYS,2026-09-28 19:00:00,2026-09-28 19:00:00,HERAKLION,GREECE,3,,,CANCELED
1425,113,CYPRUS AIRWAYS,2026-09-28 19:00:00,2026-09-28 19:00:00,LARNACA,CYPRUS,3,45-47,B,ON TIME
1426,4976,EMIRATES,2026-09-28 19:00:00,2026-09-28 19:00:00,ATHENS,GREECE,3,,,NOT FINAL
1427,7620,AIR SERBIA,2026-09-28 19:00:00,2026-09-28 19:00:00,ATHENS,GREECE,3,,,NOT FINAL
1428,565,ISRAIR AIRLINES,2026-09-28 19:10:00,2026-09-28 19:10:00,ATHENS,GREECE,3,201-210,G,ON TIME
1429,822,ARKIA  ISRAELI  AIRLINES,2026-09-28 19:20:00,2026-09-28 19:20:00,RAMON,ISRAEL,1,,,NOT FINAL
1430,5116,EL AL ISRAEL AIRLINES,2026-09-28 19:20:00,2026-09-28 19:20:00,BATUMI,GEORGIA,3,,,NOT FINAL
1431,087,EL AL ISRAEL AIRLINES,2026-09-28 19:25:00,2026-09-28 19:25:00,PHUKET,THAILAND,3,78-99,D,ON TIME
1432,4580,THAI AIRWAYS,2026-09-28 19:25:00,2026-09-28 19:25:00,PHUKET,THAILAND,3,78-99,D,ON TIME
1433,502,ISRAIR AIRLINES,2026-09-28 19:25:00,2026-09-28 19:25:00,HERAKLION,GREECE,3,,,NOT FINAL
1434,2345,EMIRATES,2026-09-28 19:30:00,2026-09-28 19:30:00,DUBAI,UNITED ARAB EMIRATES,3,,,NOT FINAL
1435,1807,FLYDUBAI,2026-09-28 19:30:00,2026-09-28 19:30:00,DUBAI,UNITED ARAB EMIRATES,3,,,NOT FINAL
1436,543,EL AL ISRAEL AIRLINES,2026-09-28 19:30:00,2026-09-28 19:30:00,ATHENS,GREECE,3,78-99,D,ON TIME
1437,517,SKY UP NISTRU,2026-09-28 19:30:00,2026-09-28 19:30:00,CHISINAU,MOLDOVA,3,,,NOT FINAL
1438,887,ISRAIR AIRLINES,2026-09-28 17:35:00,2026-09-28 19:30:00,BATUMI,GEORGIA,3,201-210,G,DELAYED
1439,7872,AERO MEXICO,2026-09-28 19:35:00,2026-09-28 19:35:00,NEW YORK,UNITED STATES,3,,,NOT FINAL
1440,7433,DELTA AIRLINES,2026-09-28 19:35:00,2026-09-28 19:35:00,NEW YORK,UNITED STATES,3,,,NOT FINAL
1441,411,ARKIA  ISRAELI  AIRLINES,2026-09-28 19:35:00,2026-09-28 19:35:00,TIRANA,ALBANIA,1,332-336,B,ON TIME
1442,012,EL AL ISRAEL AIRLINES,2026-09-28 19:35:00,2026-09-28 19:35:00,NEW YORK,UNITED STATES,3,,,NOT FINAL
1443,2367,EL AL ISRAEL AIRLINES,2026-09-28 19:40:00,2026-09-28 19:40:00,BUDAPEST,HUNGARY,3,78-99,D,ON TIME
1444,5133,EL AL ISRAEL AIRLINES,2026-09-28 19:40:00,2026-09-28 19:40:00,LARNACA,CYPRUS,1,316-327,A,ON TIME
1445,897,ISRAIR AIRLINES,2026-09-28 19:40:00,2026-09-28 19:40:00,TBILISI,GEORGIA,1,306-310,A,ON TIME
1446,2471,EMIRATES,2026-09-28 19:45:00,2026-09-28 19:45:00,DUBAI,UNITED ARAB EMIRATES,3,56-61,C,ON TIME
1447,1126,FLYDUBAI,2026-09-28 19:45:00,2026-09-28 19:45:00,DUBAI,UNITED ARAB EMIRATES,3,56-61,C,ON TIME
1448,091,EL AL ISRAEL AIRLINES,2026-09-28 19:45:00,2026-09-28 19:45:00,TOKYO,JAPAN,3,78-99,D,ON TIME
1449,5064,EL AL ISRAEL AIRLINES,2026-09-28 19:45:00,2026-09-28 19:45:00,HERAKLION,GREECE,3,,,NOT FINAL
1450,5014,QANTAS AIRWAYS,2026-09-28 19:45:00,2026-09-28 19:45:00,TOKYO,JAPAN,3,78-99,D,ON TIME
1451,592,ARKIA  ISRAELI  AIRLINES,2026-09-28 19:50:00,2026-09-28 19:50:00,BANGKOK,THAILAND,3,,,NOT FINAL
1452,155,LOT POLISH AIRLINES,2026-09-28 19:50:00,2026-09-28 19:50:00,WARSAW,POLAND,3,,,NOT FINAL
1453,5425,EL AL ISRAEL AIRLINES,2026-09-28 19:50:00,2026-09-28 19:50:00,CATANIA,ITALY,3,78-99,D,ON TIME
1454,9252,EL AL ISRAEL AIRLINES,2026-09-28 19:50:00,2026-09-28 19:50:00,WARSAW,POLAND,3,,,NOT FINAL
1455,927,AEGEAN  AIRLINES,2026-09-28 19:55:00,2026-09-28 19:55:00,ATHENS,GREECE,3,18-21,A,ON TIME
1456,4978,EMIRATES,2026-09-28 19:55:00,2026-09-28 19:55:00,ATHENS,GREECE,3,18-21,A,ON TIME
1457,7614,AIR SERBIA,2026-09-28 19:55:00,2026-09-28 19:55:00,ATHENS,GREECE,3,18-21,A,ON TIME
1458,4311,RED WINGS AIRLINES,2026-09-28 19:55:00,2026-09-28 19:55:00,SOCHI,RUSSIAN FEDERATION,3,,,NOT FINAL
1459,161,TUS AIRWAYS,2026-09-28 20:00:00,2026-09-28 20:00:00,PAPHOS,CYPRUS,3,,,NOT FINAL
1460,2515,WIZZAIR,2026-09-28 20:00:00,2026-09-28 20:00:00,BUDAPEST,HUNGARY,3,,,NOT FINAL
1461,583,ISRAIR AIRLINES,2026-09-28 20:00:00,2026-09-28 20:00:00,LARNACA,CYPRUS,3,201-210,G,ON TIME
1462,598,ETIHAD AIRWAYS,2026-09-28 20:10:00,2026-09-28 20:10:00,ABU DHABI,UNITED ARAB EMIRATES,3,12-17,A,ON TIME
1463,1224,ARKIA  ISRAELI  AIRLINES,2026-09-28 20:10:00,2026-09-28 20:10:00,THESSALONIKI,GREECE,3,,,NOT FINAL
1464,224,ARKIA  ISRAELI  AIRLINES,2026-09-28 20:10:00,2026-09-28 20:10:00,THESSALONIKI,GREECE,3,,,CANCELED
1465,9607,EL AL ISRAEL AIRLINES,2026-09-28 20:10:00,2026-09-28 20:10:00,ABU DHABI,UNITED ARAB EMIRATES,3,12-17,A,ON TIME
1466,5112,EL AL ISRAEL AIRLINES,2026-09-28 20:15:00,2026-09-28 20:15:00,NAPLES,ITALY,3,,,NOT FINAL
1467,6924,WIZZ AIR MALTA,2026-09-28 20:15:00,2026-09-28 20:15:00,NAPLES,ITALY,1,361-372,D,ON TIME
1468,827,ARKIA  ISRAELI  AIRLINES,2026-09-28 20:20:00,2026-09-28 20:20:00,RAMON,ISRAEL,1,349-354,C,ON TIME
1469,5142,EL AL ISRAEL AIRLINES,2026-09-28 20:20:00,2026-09-28 20:20:00,LARNACA,CYPRUS,3,,,NOT FINAL
1470,1169,ARKIA  ISRAELI  AIRLINES,2026-09-28 20:25:00,2026-09-28 20:25:00,LARNACA,CYPRUS,3,G1-G7,G,ON TIME
1471,562,ISRAIR AIRLINES,2026-09-28 20:25:00,2026-09-28 20:25:00,ATHENS,GREECE,3,,,NOT FINAL
1472,518,SKY UP NISTRU,2026-09-28 20:30:00,2026-09-28 20:30:00,CHISINAU,MOLDOVA,3,52-55,B,ON TIME
1473,6639,WIZZ AIR MALTA,2026-09-28 20:40:00,2026-09-28 20:40:00,PALERMO,ITALY,3,,,NOT FINAL
1474,2346,EMIRATES,2026-09-28 20:45:00,2026-09-28 20:45:00,DUBAI,UNITED ARAB EMIRATES,3,56-61,C,ON TIME
1475,1808,FLYDUBAI,2026-09-28 20:45:00,2026-09-28 20:45:00,DUBAI,UNITED ARAB EMIRATES,3,56-61,C,ON TIME
1476,215,ARKIA  ISRAELI  AIRLINES,2026-09-28 20:45:00,2026-09-28 20:45:00,ATHENS,GREECE,3,G1-G7,G,ON TIME
1477,5109,EL AL ISRAEL AIRLINES,2026-09-28 20:50:00,2026-09-28 20:50:00,TBILISI,GEORGIA,1,316-327,A,ON TIME
1478,7070,AIR FRANCE,2026-09-28 20:55:00,2026-09-28 20:55:00,PARIS,FRANCE,3,,,NOT FINAL
1479,7862,AERO MEXICO,2026-09-28 20:55:00,2026-09-28 20:55:00,PARIS,FRANCE,3,,,NOT FINAL
1480,258,ARKIA  ISRAELI  AIRLINES,2026-09-28 20:55:00,2026-09-28 20:55:00,MADEIRA,PORTUGAL,3,,,NOT FINAL
1481,324,EL AL ISRAEL AIRLINES,2026-09-28 20:55:00,2026-09-28 20:55:00,PARIS,FRANCE,3,,,NOT FINAL
1482,3160,SAS,2026-09-28 20:55:00,2026-09-28 20:55:00,PARIS,FRANCE,3,,,NOT FINAL
1483,2516,WIZZAIR,2026-09-28 20:55:00,2026-09-28 20:55:00,BUDAPEST,HUNGARY,1,361-370,D,ON TIME
1484,695,BLUE BIRD AIRWAYS,2026-09-28 21:05:00,2026-09-28 21:05:00,RHODES,GREECE,3,,,NOT FINAL
1485,414,ETHIOPIAN AIRLINES,2026-09-28 21:10:00,2026-09-28 21:10:00,ADDIS ABABA,ETHIOPIA,3,,,NOT FINAL
1486,8806,EL AL ISRAEL AIRLINES,2026-09-28 21:10:00,2026-09-28 21:10:00,ADDIS ABABA,ETHIOPIA,3,,,NOT FINAL
1487,598,ISRAIR AIRLINES,2026-09-28 21:10:00,2026-09-28 21:10:00,PAPHOS,CYPRUS,3,,,NOT FINAL
1488,4312,RED WINGS AIRLINES,2026-09-28 21:15:00,2026-09-28 21:15:00,SOCHI,RUSSIAN FEDERATION,3,G11-G13,G,ON TIME
1489,056,ISRAIR AIRLINES,2026-09-28 21:15:00,2026-09-28 21:15:00,RAMON,ISRAEL,1,,,NOT FINAL
1490,094,ARKIA  ISRAELI  AIRLINES,2026-09-28 21:20:00,2026-09-28 21:20:00,HERAKLION,GREECE,3,,,NOT FINAL
1491,5137,EL AL ISRAEL AIRLINES,2026-09-28 21:35:00,2026-09-28 21:35:00,PAPHOS,CYPRUS,1,316-327,A,ON TIME
1492,6640,WIZZ AIR MALTA,2026-09-28 21:35:00,2026-09-28 21:35:00,PALERMO,ITALY,1,361-372,D,ON TIME
1493,7061,WIZZAIR,2026-09-28 21:35:00,2026-09-28 21:35:00,BRATISLAVA,SLOVAKIA,3,,,NOT FINAL
1494,2167,EMIRATES,2026-09-28 21:40:00,2026-09-28 21:40:00,DUBAI,UNITED ARAB EMIRATES,3,,,NOT FINAL
1495,1053,FLYDUBAI,2026-09-28 21:40:00,2026-09-28 21:40:00,DUBAI,UNITED ARAB EMIRATES,3,,,NOT FINAL
1496,461,TUS AIRWAYS,2026-09-28 21:40:00,2026-09-28 21:40:00,PRAGUE,CZECH REPUBLIC,3,,,NOT FINAL
1497,742,ARKIA  ISRAELI  AIRLINES,2026-09-28 21:45:00,2026-09-28 21:45:00,PARIS,FRANCE,3,,,NOT FINAL
1498,102,TUS AIRWAYS,2026-09-28 21:45:00,2026-09-28 21:45:00,LARNACA,CYPRUS,3,,,NOT FINAL
1499,1161,ARKIA  ISRAELI  AIRLINES,2026-09-28 21:50:00,2026-09-28 21:50:00,LARNACA,CYPRUS,1,332-336,B,ON TIME
1500,611,BLUE BIRD AIRWAYS,2026-09-28 21:55:00,2026-09-28 21:55:00,AMSTERDAM,NETHERLANDS,3,,,NOT FINAL
1501,716,ISRAIR AIRLINES,2026-09-28 21:55:00,2026-09-28 21:55:00,VARNA,BULGARIA,3,,,NOT FINAL
1502,1357,BLUE BIRD AIRWAYS,2026-09-28 22:00:00,2026-09-28 22:00:00,MILAN,ITALY,3,,,CANCELED
1503,7448,DELTA AIRLINES,2026-09-28 22:00:00,2026-09-28 22:00:00,LONDON,UNITED KINGDOM,3,,,NOT FINAL
1504,316,EL AL ISRAEL AIRLINES,2026-09-28 22:00:00,2026-09-28 22:00:00,LONDON,UNITED KINGDOM,3,,,NOT FINAL
1505,3176,SAS,2026-09-28 22:00:00,2026-09-28 22:00:00,LONDON,UNITED KINGDOM,3,,,NOT FINAL
1506,7494,VIRGIN ATLANTIC AIRWAYS,2026-09-28 22:00:00,2026-09-28 22:00:00,LONDON,UNITED KINGDOM,3,,,NOT FINAL
1507,057,ISRAIR AIRLINES,2026-09-28 22:00:00,2026-09-28 22:00:00,RAMON,ISRAEL,1,355-360,C,ON TIME
1508,317,BLUE BIRD AIRWAYS,2026-09-28 22:10:00,2026-09-28 22:10:00,VIENNA,AUSTRIA,3,,,NOT FINAL
1509,271,BLUE BIRD AIRWAYS,2026-09-28 22:15:00,2026-09-28 22:15:00,BERLIN,GERMANY,3,,,NOT FINAL
1510,321,AZERBAIJAN AIRLINES,2026-09-28 22:15:00,2026-09-28 22:15:00,BAKU,AZERBAIJAN,3,,,NOT FINAL
1511,9956,EL AL ISRAEL AIRLINES,2026-09-28 22:15:00,2026-09-28 22:15:00,BAKU,AZERBAIJAN,3,,,NOT FINAL
1512,081,EL AL ISRAEL AIRLINES,2026-09-28 22:20:00,2026-09-28 22:20:00,BANGKOK,THAILAND,3,78-99,D,ON TIME
1513,5020,QANTAS AIRWAYS,2026-09-28 22:20:00,2026-09-28 22:20:00,BANGKOK,THAILAND,3,78-99,D,ON TIME
1514,4584,THAI AIRWAYS,2026-09-28 22:20:00,2026-09-28 22:20:00,BANGKOK,THAILAND,3,78-99,D,ON TIME
1515,3298,VIETNAM AIRLINES,2026-09-28 22:20:00,2026-09-28 22:20:00,BANGKOK,THAILAND,3,78-99,D,ON TIME
1516,703,BLUE BIRD AIRWAYS,2026-09-28 22:30:00,2026-09-28 22:30:00,ATHENS,GREECE,3,,,NOT FINAL
1517,720,SKY EXPRESS S.A.,2026-09-28 22:30:00,2026-09-28 22:30:00,ATHENS,GREECE,3,,,NOT FINAL
1518,595,ARKIA  ISRAELI  AIRLINES,2026-09-28 22:30:00,2026-09-28 22:30:00,HANOI,VIETNAM,3,34-39,B,ON TIME
1519,7062,WIZZAIR,2026-09-28 22:30:00,2026-09-28 22:30:00,BRATISLAVA,SLOVAKIA,1,361-372,D,ON TIME
1520,054,ARKIA  ISRAELI  AIRLINES,2026-09-28 22:15:00,2026-09-28 22:35:00,CORFU,GREECE,3,,,DELAYED
1521,457,HISKY,2026-09-28 22:40:00,2026-09-28 22:40:00,CHISINAU,MOLDOVA,3,,,NOT FINAL
1522,358,ISRAIR AIRLINES,2026-09-28 22:40:00,2026-09-28 22:40:00,VERONA,ITALY,3,,,NOT FINAL
1523,075,EL AL ISRAEL AIRLINES,2026-09-28 22:45:00,2026-09-28 22:45:00,TOKYO,JAPAN,3,78-99,D,ON TIME
1524,131,TUS AIRWAYS,2026-09-28 21:25:00,2026-09-28 22:49:00,ROME,ITALY,3,,,DELAYED
1525,2168,EMIRATES,2026-09-28 22:50:00,2026-09-28 22:50:00,DUBAI,UNITED ARAB EMIRATES,3,56-59,C,ON TIME
1526,1054,FLYDUBAI,2026-09-28 22:50:00,2026-09-28 22:50:00,DUBAI,UNITED ARAB EMIRATES,3,56-59,C,ON TIME
1527,828,ARKIA  ISRAELI  AIRLINES,2026-09-28 22:50:00,2026-09-28 22:50:00,RAMON,ISRAEL,1,,,NOT FINAL
1528,7074,AIR FRANCE,2026-09-28 22:55:00,2026-09-28 22:55:00,PARIS,FRANCE,3,,,NOT FINAL
1529,7890,AERO MEXICO,2026-09-28 22:55:00,2026-09-28 22:55:00,PARIS,FRANCE,3,,,NOT FINAL
1530,084,EL AL ISRAEL AIRLINES,2026-09-28 22:55:00,2026-09-28 22:55:00,BANGKOK,THAILAND,3,,,NOT FINAL
1531,328,EL AL ISRAEL AIRLINES,2026-09-28 22:55:00,2026-09-28 22:55:00,PARIS,FRANCE,3,,,NOT FINAL
1532,5019,QANTAS AIRWAYS,2026-09-28 22:55:00,2026-09-28 22:55:00,BANGKOK,THAILAND,3,,,NOT FINAL
1533,4585,THAI AIRWAYS,2026-09-28 22:55:00,2026-09-28 22:55:00,BANGKOK,THAILAND,3,,,NOT FINAL
1534,3295,VIETNAM AIRLINES,2026-09-28 22:55:00,2026-09-28 22:55:00,BANGKOK,THAILAND,3,,,NOT FINAL
1535,888,ISRAIR AIRLINES,2026-09-28 22:55:00,2026-09-28 22:55:00,BATUMI,GEORGIA,3,,,NOT FINAL
1536,737,BLUE BIRD AIRWAYS,2026-09-28 23:00:00,2026-09-28 23:00:00,HERAKLION,GREECE,3,,,CANCELED
1537,5134,EL AL ISRAEL AIRLINES,2026-09-28 23:00:00,2026-09-28 23:00:00,LARNACA,CYPRUS,3,,,NOT FINAL
1538,015,RED WINGS AIRLINES,2026-09-28 23:00:00,2026-09-28 23:00:00,MOSCOW,RUSSIAN FEDERATION,3,,,NOT FINAL
1539,599,ETIHAD AIRWAYS,2026-09-28 23:05:00,2026-09-28 23:05:00,ABU DHABI,UNITED ARAB EMIRATES,3,,,NOT FINAL
1540,9611,EL AL ISRAEL AIRLINES,2026-09-28 23:05:00,2026-09-28 23:05:00,ABU DHABI,UNITED ARAB EMIRATES,3,,,NOT FINAL
1541,751,BLUE BIRD AIRWAYS,2026-09-28 23:10:00,2026-09-28 23:10:00,HERAKLION,GREECE,3,,,NOT FINAL
1542,546,EL AL ISRAEL AIRLINES,2026-09-28 23:10:00,2026-09-28 23:10:00,ATHENS,GREECE,3,,,NOT FINAL
1543,346,ISRAIR AIRLINES,2026-09-28 23:10:00,2026-09-28 23:10:00,NAPLES,ITALY,3,,,NOT FINAL
1544,584,ISRAIR AIRLINES,2026-09-28 23:10:00,2026-09-28 23:10:00,LARNACA,CYPRUS,3,,,LANDING
1545,322,AZERBAIJAN AIRLINES,2026-09-28 23:15:00,2026-09-28 23:15:00,BAKU,AZERBAIJAN,3,G14-G18,G,ON TIME
1546,690,LUFTHANSA,2026-09-28 23:15:00,2026-09-28 23:15:00,FRANKFURT,GERMANY,3,,,NOT FINAL
1547,9955,EL AL ISRAEL AIRLINES,2026-09-28 23:15:00,2026-09-28 23:15:00,BAKU,AZERBAIJAN,3,G14-G18,G,ON TIME
1548,9490,EL AL ISRAEL AIRLINES,2026-09-28 23:20:00,2026-09-28 23:20:00,BUCHAREST,ROMANIA,3,,,NOT FINAL
1549,155,TAROM - ROMANIAN AIR TRANSPORT,2026-09-28 23:20:00,2026-09-28 23:20:00,BUCHAREST,ROMANIA,3,,,NOT FINAL
1550,5520,AIR CANADA,2026-09-28 23:25:00,2026-09-28 23:25:00,NEWARK,UNITED STATES,3,12-19,A,ON TIME
1551,170,ARKIA  ISRAELI  AIRLINES,2026-09-28 23:25:00,2026-09-28 23:25:00,LARNACA,CYPRUS,3,,,NOT FINAL
1552,091,UNITED AIRLINES,2026-09-28 23:25:00,2026-09-28 23:25:00,NEWARK,UNITED STATES,3,12-19,A,ON TIME
1553,251,BLUE BIRD AIRWAYS,2026-09-28 23:30:00,2026-09-28 23:30:00,BARCELONA,SPAIN,3,,,NOT FINAL
1554,721,SKY EXPRESS S.A.,2026-09-28 23:30:00,2026-09-28 23:30:00,ATHENS,GREECE,3,223-226,G,ON TIME
1555,458,HISKY,2026-09-28 23:40:00,2026-09-28 23:40:00,CHISINAU,MOLDOVA,3,G6-G9,G,ON TIME
1556,724,ISRAIR AIRLINES,2026-09-28 23:40:00,2026-09-28 23:40:00,BUDAPEST,HUNGARY,3,,,NOT FINAL
1557,912,ARKIA  ISRAELI  AIRLINES,2026-09-28 23:55:00,2026-09-28 23:55:00,STANSTED,UNITED KINGDOM,3,,,NOT FINAL
1558,682,LUFTHANSA,2026-09-29 00:00:00,2026-09-29 00:00:00,MUNICH,GERMANY,3,,,NOT FINAL
1559,886,ISRAIR AIRLINES,2026-09-29 00:00:00,2026-09-29 00:00:00,BATUMI,GEORGIA,3,,,NOT FINAL
1560,991,ARKIA  ISRAELI  AIRLINES,2026-09-29 00:05:00,2026-09-29 00:05:00,NEW YORK,UNITED STATES,3,47-55,B,ON TIME
1561,116,ISRAIR AIRLINES,2026-09-29 00:05:00,2026-09-29 00:05:00,LONDON LUTON,UNITED KINGDOM,3,,,NOT FINAL
1562,164,ISRAIR AIRLINES,2026-09-29 00:05:00,2026-09-29 00:05:00,TIRANA,ALBANIA,3,,,NOT FINAL
1563,6170,AIR FRANCE,2026-09-29 00:10:00,2026-09-29 00:10:00,MARSEILLE,FRANCE,3,,,NOT FINAL
1564,322,EL AL ISRAEL AIRLINES,2026-09-29 00:10:00,2026-09-29 00:10:00,MARSEILLE,FRANCE,3,,,NOT FINAL
1565,8907,AIR PORTUGAL,2026-09-29 00:10:00,2026-09-29 00:10:00,MARSEILLE,FRANCE,3,,,NOT FINAL
1566,7851,AEROLINEAS ARGENTINAS S.A.,2026-09-29 00:15:00,2026-09-29 00:15:00,MIAMI,UNITED STATES,3,78-99,D,ON TIME
1567,7437,DELTA AIRLINES,2026-09-29 00:15:00,2026-09-29 00:15:00,MIAMI,UNITED STATES,3,78-99,D,ON TIME
1568,017,EL AL ISRAEL AIRLINES,2026-09-29 00:15:00,2026-09-29 00:15:00,MIAMI,UNITED STATES,3,78-99,D,ON TIME
1569,016,RED WINGS AIRLINES,2026-09-29 00:15:00,2026-09-29 00:15:00,MOSCOW,RUSSIAN FEDERATION,3,G10-G13,G,ON TIME
1570,9491,EL AL ISRAEL AIRLINES,2026-09-29 00:20:00,2026-09-29 00:20:00,BUCHAREST,ROMANIA,3,218-220,G,ON TIME
1571,156,TAROM - ROMANIAN AIR TRANSPORT,2026-09-29 00:20:00,2026-09-29 00:20:00,BUCHAREST,ROMANIA,3,218-220,G,ON TIME
1572,7443,DELTA AIRLINES,2026-09-29 00:30:00,2026-09-29 00:30:00,NEWARK,UNITED STATES,3,78-99,D,ON TIME
1573,514,ARKIA  ISRAELI  AIRLINES,2026-09-29 00:30:00,2026-09-29 00:30:00,AMSTERDAM,NETHERLANDS,3,,,NOT FINAL
1574,027,EL AL ISRAEL AIRLINES,2026-09-29 00:30:00,2026-09-29 00:30:00,NEWARK,UNITED STATES,3,78-99,D,ON TIME
1575,6682,AIR BALTIC,2026-09-29 00:40:00,2026-09-29 00:40:00,MILAN,ITALY,3,,,NOT FINAL
1576,248,EL AL ISRAEL AIRLINES,2026-09-29 00:40:00,2026-09-29 00:40:00,ZURICH,SWITZERLAND,3,,,NOT FINAL
1577,282,EL AL ISRAEL AIRLINES,2026-09-29 00:40:00,2026-09-29 00:40:00,MILAN,ITALY,3,,,NOT FINAL
1578,3164,SAS,2026-09-29 00:40:00,2026-09-29 00:40:00,MILAN,ITALY,3,,,NOT FINAL
1579,8911,AIR PORTUGAL,2026-09-29 00:40:00,2026-09-29 00:40:00,MILAN,ITALY,3,,,NOT FINAL
1580,254,ISRAIR AIRLINES,2026-09-29 00:40:00,2026-09-29 00:40:00,BERLIN,GERMANY,3,,,NOT FINAL
1581,352,EL AL ISRAEL AIRLINES,2026-09-29 00:45:00,2026-09-29 00:45:00,MUNICH,GERMANY,3,,,NOT FINAL
1582,162,ARKIA  ISRAELI  AIRLINES,2026-09-29 00:50:00,2026-09-29 00:50:00,LARNACA,CYPRUS,3,,,NOT FINAL
1583,544,EL AL ISRAEL AIRLINES,2026-09-29 00:50:00,2026-09-29 00:50:00,ATHENS,GREECE,3,,,NOT FINAL
1584,572,EL AL ISRAEL AIRLINES,2026-09-29 00:50:00,2026-09-29 00:50:00,BUCHAREST,ROMANIA,3,,,NOT FINAL
1585,9101,TAROM - ROMANIAN AIR TRANSPORT,2026-09-29 00:50:00,2026-09-29 00:50:00,BUCHAREST,ROMANIA,3,,,NOT FINAL
1586,600,ETIHAD AIRWAYS,2026-09-29 00:55:00,2026-09-29 00:55:00,ABU DHABI,UNITED ARAB EMIRATES,3,20-25,A,ON TIME
1587,083,EL AL ISRAEL AIRLINES,2026-09-29 00:55:00,2026-09-29 00:55:00,BANGKOK,THAILAND,3,78-99,D,ON TIME
1588,9612,EL AL ISRAEL AIRLINES,2026-09-29 00:55:00,2026-09-29 00:55:00,ABU DHABI,UNITED ARAB EMIRATES,3,20-25,A,ON TIME
1589,5018,QANTAS AIRWAYS,2026-09-29 00:55:00,2026-09-29 00:55:00,BANGKOK,THAILAND,3,78-99,D,ON TIME
1590,4586,THAI AIRWAYS,2026-09-29 00:55:00,2026-09-29 00:55:00,BANGKOK,THAILAND,3,78-99,D,ON TIME
1591,3294,VIETNAM AIRLINES,2026-09-29 00:55:00,2026-09-29 00:55:00,BANGKOK,THAILAND,3,78-99,D,ON TIME
1592,7869,AERO MEXICO,2026-09-29 01:00:00,2026-09-29 01:00:00,NEW YORK,UNITED STATES,3,78-99,D,ON TIME
1593,7424,DELTA AIRLINES,2026-09-29 01:00:00,2026-09-29 01:00:00,NEW YORK,UNITED STATES,3,78-99,D,ON TIME
1594,405,ETHIOPIAN AIRLINES,2026-09-29 01:00:00,2026-09-29 01:00:00,ADDIS ABABA,ETHIOPIA,3,34-40,B,ON TIME
1595,522,ARKIA  ISRAELI  AIRLINES,2026-09-29 01:00:00,2026-09-29 01:00:00,GENEVA,SWITZERLAND,3,,,NOT FINAL
1596,001,EL AL ISRAEL AIRLINES,2026-09-29 01:00:00,2026-09-29 01:00:00,NEW YORK,UNITED STATES,3,78-99,D,ON TIME
1597,5138,EL AL ISRAEL AIRLINES,2026-09-29 01:00:00,2026-09-29 01:00:00,PAPHOS,CYPRUS,3,,,NOT FINAL
1598,8807,EL AL ISRAEL AIRLINES,2026-09-29 01:00:00,2026-09-29 01:00:00,ADDIS ABABA,ETHIOPIA,3,34-40,B,ON TIME
1599,566,ISRAIR AIRLINES,2026-09-29 01:00:00,2026-09-29 01:00:00,ATHENS,GREECE,3,,,NOT FINAL
1600,7875,AERO MEXICO,2026-09-29 01:05:00,2026-09-29 01:05:00,LOS ANGELES,UNITED STATES,3,78-99,D,ON TIME
1601,7428,DELTA AIRLINES,2026-09-29 01:05:00,2026-09-29 01:05:00,LOS ANGELES,UNITED STATES,3,78-99,D,ON TIME
1602,005,EL AL ISRAEL AIRLINES,2026-09-29 01:05:00,2026-09-29 01:05:00,LOS ANGELES,UNITED STATES,3,78-99,D,ON TIME
1603,691,LUFTHANSA,2026-09-29 01:10:00,2026-09-29 01:10:00,ATHENS,GREECE,3,27-33,A,ON TIME
1604,683,LUFTHANSA,2026-09-29 01:45:00,2026-09-29 01:45:00,LARNACA,CYPRUS,3,27-33,A,ON TIME
1605,458,AEGEAN  AIRLINES,2026-09-29 01:50:00,2026-09-29 01:50:00,HERAKLION,GREECE,3,,,NOT FINAL
1606,216,ARKIA  ISRAELI  AIRLINES,2026-09-29 01:55:00,2026-09-29 01:55:00,ATHENS,GREECE,3,,,NOT FINAL
1607,6672,AIR BALTIC,2026-09-29 02:00:00,2026-09-29 02:00:00,VIENNA,AUSTRIA,3,,,NOT FINAL
1608,155,BLUE BIRD AIRWAYS,2026-09-29 02:00:00,2026-09-29 02:00:00,BERGAMO,ITALY,3,,,NOT FINAL
1609,571,BULGARIA  AIR,2026-09-29 02:00:00,2026-09-29 02:00:00,SOFIA,BULGARIA,3,,,NOT FINAL
1610,364,EL AL ISRAEL AIRLINES,2026-09-29 02:00:00,2026-09-29 02:00:00,VIENNA,AUSTRIA,3,,,NOT FINAL
1611,7856,AEROLINEAS ARGENTINAS S.A.,2026-09-29 02:10:00,2026-09-29 02:10:00,ROME,ITALY,3,,,NOT FINAL
1612,6688,AIR BALTIC,2026-09-29 02:10:00,2026-09-29 02:10:00,ZURICH,SWITZERLAND,3,,,NOT FINAL
1613,344,EL AL ISRAEL AIRLINES,2026-09-29 02:10:00,2026-09-29 02:10:00,ZURICH,SWITZERLAND,3,,,NOT FINAL
1614,384,EL AL ISRAEL AIRLINES,2026-09-29 02:10:00,2026-09-29 02:10:00,ROME,ITALY,3,,,NOT FINAL
1615,3166,SAS,2026-09-29 02:10:00,2026-09-29 02:10:00,ROME,ITALY,3,,,NOT FINAL
1616,3190,SAS,2026-09-29 02:10:00,2026-09-29 02:10:00,ZURICH,SWITZERLAND,3,,,NOT FINAL
1617,8897,AIR PORTUGAL,2026-09-29 02:10:00,2026-09-29 02:10:00,ROME,ITALY,3,,,NOT FINAL
1618,4266,AEGEAN  AIRLINES,2026-09-29 02:15:00,2026-09-29 02:15:00,HERAKLION,GREECE,3,,,NOT FINAL
1619,284,ARKIA  ISRAELI  AIRLINES,2026-09-29 02:25:00,2026-09-29 02:25:00,PRAGUE,CZECH REPUBLIC,3,,,NOT FINAL
1620,5256,LOT POLISH AIRLINES,2026-09-29 02:25:00,2026-09-29 02:25:00,WARSAW,POLAND,3,,,NOT FINAL
1621,5258,LOT POLISH AIRLINES,2026-09-29 02:25:00,2026-09-29 02:25:00,WARSAW,POLAND,3,,,NOT FINAL
1622,290,EL AL ISRAEL AIRLINES,2026-09-29 02:25:00,2026-09-29 02:25:00,VENICE,ITALY,3,,,NOT FINAL
1623,5102,EL AL ISRAEL AIRLINES,2026-09-29 02:25:00,2026-09-29 02:25:00,WARSAW,POLAND,3,,,NOT FINAL
1624,528,AEGEAN  AIRLINES,2026-09-29 02:30:00,2026-09-29 02:30:00,LARNACA,CYPRUS,3,,,NOT FINAL
1625,101,ELECTRA AIRWAYS,2026-09-29 02:30:00,2026-09-29 02:30:00,BOURGAS,BULGARIA,3,,,NOT FINAL
1626,1412,ARKIA  ISRAELI  AIRLINES,2026-09-29 02:40:00,2026-09-29 02:40:00,TIRANA,ALBANIA,3,,,NOT FINAL
1627,928,AEGEAN  AIRLINES,2026-09-29 02:55:00,2026-09-29 02:55:00,ATHENS,GREECE,3,,,NOT FINAL
1628,4977,EMIRATES,2026-09-29 02:55:00,2026-09-29 02:55:00,ATHENS,GREECE,3,,,NOT FINAL
1629,461,K.L.M.,2026-09-29 02:55:00,2026-09-29 02:55:00,AMSTERDAM,NETHERLANDS,3,,,NOT FINAL
1630,7850,AERO MEXICO,2026-09-29 03:05:00,2026-09-29 03:05:00,AMSTERDAM,NETHERLANDS,3,,,NOT FINAL
1631,6680,AIR BALTIC,2026-09-29 03:05:00,2026-09-29 03:05:00,AMSTERDAM,NETHERLANDS,3,,,NOT FINAL
1632,2474,K.L.M.,2026-09-29 03:05:00,2026-09-29 03:05:00,AMSTERDAM,NETHERLANDS,3,,,NOT FINAL
1633,2524,EL AL ISRAEL AIRLINES,2026-09-29 03:05:00,2026-09-29 03:05:00,PRAGUE,CZECH REPUBLIC,3,,,NOT FINAL
1634,336,EL AL ISRAEL AIRLINES,2026-09-29 03:05:00,2026-09-29 03:05:00,AMSTERDAM,NETHERLANDS,3,,,NOT FINAL
1635,5426,EL AL ISRAEL AIRLINES,2026-09-29 03:05:00,2026-09-29 03:05:00,CATANIA,ITALY,3,,,NOT FINAL
1636,3152,SAS,2026-09-29 03:05:00,2026-09-29 03:05:00,AMSTERDAM,NETHERLANDS,3,,,NOT FINAL
1637,5110,EL AL ISRAEL AIRLINES,2026-09-29 03:10:00,2026-09-29 03:10:00,TBILISI,GEORGIA,3,,,NOT FINAL
1638,2368,EL AL ISRAEL AIRLINES,2026-09-29 03:20:00,2026-09-29 03:20:00,BUDAPEST,HUNGARY,3,,,NOT FINAL
1639,256,SWISS INT`L  AIRLINES,2026-09-29 03:35:00,2026-09-29 03:35:00,ZURICH,SWITZERLAND,3,,,NOT FINAL
1640,7711,IBERIA,2026-09-29 03:40:00,2026-09-29 03:40:00,BARCELONA,SPAIN,3,,,NOT FINAL
1641,388,EL AL ISRAEL AIRLINES,2026-09-29 03:40:00,2026-09-29 03:40:00,MILAN,ITALY,3,,,NOT FINAL
1642,392,EL AL ISRAEL AIRLINES,2026-09-29 03:40:00,2026-09-29 03:40:00,BARCELONA,SPAIN,3,,,NOT FINAL
1643,3180,SAS,2026-09-29 03:40:00,2026-09-29 03:40:00,MILAN,ITALY,3,,,NOT FINAL
1644,8901,AIR PORTUGAL,2026-09-29 03:40:00,2026-09-29 03:40:00,MILAN,ITALY,3,,,NOT FINAL
1645,374,EL AL ISRAEL AIRLINES,2026-09-29 03:45:00,2026-09-29 03:45:00,PORTO,PORTUGAL,3,,,NOT FINAL
1646,8924,AIR PORTUGAL,2026-09-29 03:45:00,2026-09-29 03:45:00,PORTO,PORTUGAL,3,,,NOT FINAL
1647,7858,AERO MEXICO,2026-09-29 03:50:00,2026-09-29 03:50:00,NEW YORK,UNITED STATES,3,,,NOT FINAL
1648,7427,DELTA AIRLINES,2026-09-29 03:50:00,2026-09-29 03:50:00,NEW YORK,UNITED STATES,3,,,NOT FINAL
1649,151,LOT POLISH AIRLINES,2026-09-29 03:50:00,2026-09-29 03:50:00,WARSAW,POLAND,3,,,NOT FINAL
1650,004,EL AL ISRAEL AIRLINES,2026-09-29 03:50:00,2026-09-29 03:50:00,NEW YORK,UNITED STATES,3,,,NOT FINAL
1651,9256,EL AL ISRAEL AIRLINES,2026-09-29 03:50:00,2026-09-29 03:50:00,WARSAW,POLAND,3,,,NOT FINAL
1652,1382,NEOS,2026-09-29 03:50:00,2026-09-29 03:50:00,MILAN,ITALY,3,,,NOT FINAL
1653,810,ITALIA TRASPORTO AEREO,2026-09-29 03:55:00,2026-09-29 03:55:00,ROME,ITALY,3,,,NOT FINAL
1654,7072,AIR FRANCE,2026-09-29 04:00:00,2026-09-29 04:00:00,PARIS,FRANCE,3,,,NOT FINAL
1655,7854,AERO MEXICO,2026-09-29 04:00:00,2026-09-29 04:00:00,PARIS,FRANCE,3,,,NOT FINAL
1656,404,ETHIOPIAN AIRLINES,2026-09-29 04:00:00,2026-09-29 04:00:00,ADDIS ABABA,ETHIOPIA,3,,,NOT FINAL
1657,326,EL AL ISRAEL AIRLINES,2026-09-29 04:00:00,2026-09-29 04:00:00,PARIS,FRANCE,3,,,NOT FINAL
1658,8804,EL AL ISRAEL AIRLINES,2026-09-29 04:00:00,2026-09-29 04:00:00,ADDIS ABABA,ETHIOPIA,3,,,NOT FINAL
1659,3158,SAS,2026-09-29 04:00:00,2026-09-29 04:00:00,PARIS,FRANCE,3,,,NOT FINAL
1660,344,ISRAIR AIRLINES,2026-09-29 04:15:00,2026-09-29 04:15:00,ROME,ITALY,3,,,NOT FINAL
1661,314,EL AL ISRAEL AIRLINES,2026-09-29 04:20:00,2026-09-29 04:20:00,LONDON LUTON,UNITED KINGDOM,3,,,NOT FINAL
1662,7878,AERO MEXICO,2026-09-29 04:25:00,2026-09-29 04:25:00,MADRID,SPAIN,3,,,NOT FINAL
1663,7852,AEROLINEAS ARGENTINAS S.A.,2026-09-29 04:25:00,2026-09-29 04:25:00,MADRID,SPAIN,3,,,NOT FINAL
1664,7450,DELTA AIRLINES,2026-09-29 04:25:00,2026-09-29 04:25:00,NEWARK,UNITED STATES,3,,,NOT FINAL
1665,7717,IBERIA,2026-09-29 04:25:00,2026-09-29 04:25:00,MADRID,SPAIN,3,,,NOT FINAL
1666,367,ARKIA  ISRAELI  AIRLINES,2026-09-29 04:25:00,2026-09-29 04:25:00,TIVAT,MONTENEGRO,3,G1-G12,G,ON TIME
1667,2111,LOT POLISH AIRLINES,2026-09-29 04:25:00,2026-09-29 04:25:00,KRAKOW,POLAND,3,,,NOT FINAL
1668,024,EL AL ISRAEL AIRLINES,2026-09-29 04:25:00,2026-09-29 04:25:00,NEWARK,UNITED STATES,3,,,NOT FINAL
1669,398,EL AL ISRAEL AIRLINES,2026-09-29 04:25:00,2026-09-29 04:25:00,MADRID,SPAIN,3,,,NOT FINAL
1670,9292,EL AL ISRAEL AIRLINES,2026-09-29 04:25:00,2026-09-29 04:25:00,KRAKOW,POLAND,3,,,NOT FINAL
1671,762,BLUE BIRD AIRWAYS,2026-09-29 04:35:00,2026-09-29 04:35:00,KHANIA,GREECE,3,34-36,B,ON TIME
1672,1286,SMARTWINGS,2026-09-29 04:35:00,2026-09-29 04:35:00,PRAGUE,CZECH REPUBLIC,3,,,NOT FINAL
1673,2549,ARKIA  ISRAELI  AIRLINES,2026-09-29 04:45:00,2026-09-29 04:45:00,VILNIUS,LITHUANIA,3,G1-G12,G,ON TIME
1674,462,K.L.M.,2026-09-29 04:45:00,2026-09-29 04:45:00,LARNACA,CYPRUS,3,12-16,A,ON TIME
1675,8855,EL AL ISRAEL AIRLINES,2026-09-29 04:45:00,2026-09-29 04:45:00,LARNACA,CYPRUS,3,12-16,A,ON TIME
1676,572,BULGARIA  AIR,2026-09-29 04:50:00,2026-09-29 04:50:00,SOFIA,BULGARIA,3,G13-G15,G,ON TIME
1677,257,SWISS INT`L  AIRLINES,2026-09-29 04:50:00,2026-09-29 04:50:00,LARNACA,CYPRUS,3,27-33,A,ON TIME
1678,311,EL AL ISRAEL AIRLINES,2026-09-29 04:50:00,2026-09-29 04:50:00,LONDON LUTON,UNITED KINGDOM,3,78-99,D,ON TIME
1679,1383,NEOS,2026-09-29 04:50:00,2026-09-29 04:50:00,MILAN,ITALY,3,22-25,A,ON TIME
1680,102,ELECTRA AIRWAYS,2026-09-29 04:50:00,2026-09-29 04:50:00,BOURGAS,BULGARIA,3,53-55,B,ON TIME
1681,1083,AUSTRIAN AIRLINES,2026-09-29 04:55:00,2026-09-29 04:55:00,VIENNA,AUSTRIA,3,,,NOT FINAL
1682,7879,AERO MEXICO,2026-09-29 05:00:00,2026-09-29 05:00:00,MADRID,SPAIN,3,78-99,D,ON TIME
1683,7853,AEROLINEAS ARGENTINAS S.A.,2026-09-29 05:00:00,2026-09-29 05:00:00,MADRID,SPAIN,3,78-99,D,ON TIME
1684,929,AEGEAN  AIRLINES,2026-09-29 05:00:00,2026-09-29 05:00:00,ATHENS,GREECE,3,217-226,G,ON TIME
1685,7714,IBERIA,2026-09-29 05:00:00,2026-09-29 05:00:00,MADRID,SPAIN,3,78-99,D,ON TIME
1686,1417,ARKIA  ISRAELI  AIRLINES,2026-09-29 05:00:00,2026-09-29 05:00:00,TBILISI,GEORGIA,3,G1-G12,G,ON TIME
1687,7616,AIR SERBIA,2026-09-29 05:00:00,2026-09-29 05:00:00,ATHENS,GREECE,3,217-226,G,ON TIME
1688,395,EL AL ISRAEL AIRLINES,2026-09-29 05:00:00,2026-09-29 05:00:00,MADRID,SPAIN,3,78-99,D,ON TIME
1689,5461,EL AL ISRAEL AIRLINES,2026-09-29 05:00:00,2026-09-29 05:00:00,RHODES,GREECE,3,78-99,D,ON TIME
1690,7876,AERO MEXICO,2026-09-29 05:05:00,2026-09-29 05:05:00,LONDON,UNITED KINGDOM,3,,,NOT FINAL
1691,152,LOT POLISH AIRLINES,2026-09-29 05:05:00,2026-09-29 05:05:00,WARSAW,POLAND,3,37-40,B,ON TIME
1692,318,EL AL ISRAEL AIRLINES,2026-09-29 05:05:00,2026-09-29 05:05:00,LONDON,UNITED KINGDOM,3,,,NOT FINAL
1693,9255,EL AL ISRAEL AIRLINES,2026-09-29 05:05:00,2026-09-29 05:05:00,WARSAW,POLAND,3,37-40,B,ON TIME
1694,3174,SAS,2026-09-29 05:05:00,2026-09-29 05:05:00,LONDON,UNITED KINGDOM,3,,,NOT FINAL
1695,7496,VIRGIN ATLANTIC AIRWAYS,2026-09-29 05:05:00,2026-09-29 05:05:00,LONDON,UNITED KINGDOM,3,,,NOT FINAL
1696,4308,CONDOR  FLUGDIENST,2026-09-29 05:10:00,2026-09-29 05:10:00,FRANKFURT,GERMANY,3,49-52,B,ON TIME
1697,609,ETIHAD AIRWAYS,2026-09-29 05:10:00,2026-09-29 05:10:00,ABU DHABI,UNITED ARAB EMIRATES,3,,,NOT FINAL
1698,5107,EL AL ISRAEL AIRLINES,2026-09-29 05:10:00,2026-09-29 05:10:00,TBILISI,GEORGIA,1,316-327,A,ON TIME
1699,9610,EL AL ISRAEL AIRLINES,2026-09-29 05:10:00,2026-09-29 05:10:00,ABU DHABI,UNITED ARAB EMIRATES,3,,,NOT FINAL
1700,5113,EL AL ISRAEL AIRLINES,2026-09-29 05:15:00,2026-09-29 05:15:00,BATUMI,GEORGIA,1,316-327,A,ON TIME
1701,5245,EL AL ISRAEL AIRLINES,2026-09-29 05:15:00,2026-09-29 05:15:00,THESSALONIKI,GREECE,1,316-327,A,ON TIME
1702,898,ISRAIR AIRLINES,2026-09-29 05:15:00,2026-09-29 05:15:00,TBILISI,GEORGIA,3,,,NOT FINAL
1703,529,AEGEAN  AIRLINES,2026-09-29 05:20:00,2026-09-29 05:20:00,LARNACA,CYPRUS,3,217-226,G,ON TIME
1704,6172,AIR FRANCE,2026-09-29 05:25:00,2026-09-29 05:25:00,MARSEILLE,FRANCE,3,78-99,D,ON TIME
1705,321,EL AL ISRAEL AIRLINES,2026-09-29 05:25:00,2026-09-29 05:25:00,MARSEILLE,FRANCE,3,78-99,D,ON TIME
1706,376,EL AL ISRAEL AIRLINES,2026-09-29 05:25:00,2026-09-29 05:25:00,LISBON,PORTUGAL,3,,,NOT FINAL
1707,8913,AIR PORTUGAL,2026-09-29 05:25:00,2026-09-29 05:25:00,LISBON,PORTUGAL,3,,,NOT FINAL
1708,7067,AIR FRANCE,2026-09-29 05:35:00,2026-09-29 05:35:00,PARIS,FRANCE,3,78-99,D,ON TIME
1709,7867,AERO MEXICO,2026-09-29 05:35:00,2026-09-29 05:35:00,PARIS,FRANCE,3,78-99,D,ON TIME
1710,2365,EL AL ISRAEL AIRLINES,2026-09-29 05:35:00,2026-09-29 05:35:00,BUDAPEST,HUNGARY,3,78-99,D,ON TIME
1711,319,EL AL ISRAEL AIRLINES,2026-09-29 05:35:00,2026-09-29 05:35:00,PARIS,FRANCE,3,78-99,D,ON TIME
1712,1287,SMARTWINGS,2026-09-29 05:35:00,2026-09-29 05:35:00,PRAGUE,CZECH REPUBLIC,3,G15-G18,G,ON TIME
1713,3161,SAS,2026-09-29 05:35:00,2026-09-29 05:35:00,PARIS,FRANCE,3,78-99,D,ON TIME
1714,7712,IBERIA,2026-09-29 05:45:00,2026-09-29 05:45:00,BARCELONA,SPAIN,3,78-99,D,ON TIME
1715,393,EL AL ISRAEL AIRLINES,2026-09-29 05:45:00,2026-09-29 05:45:00,BARCELONA,SPAIN,3,78-99,D,ON TIME
1716,501,ISRAIR AIRLINES,2026-09-29 05:45:00,2026-09-29 05:45:00,HERAKLION,GREECE,1,306-310,A,ON TIME
1717,727,ISRAIR AIRLINES,2026-09-29 05:45:00,2026-09-29 05:45:00,BUDAPEST,HUNGARY,3,201-212,G,ON TIME
1718,595,ETIHAD AIRWAYS,2026-09-29 05:50:00,2026-09-29 05:50:00,ABU DHABI,UNITED ARAB EMIRATES,3,,,NOT FINAL
1719,2112,LOT POLISH AIRLINES,2026-09-29 05:50:00,2026-09-29 05:50:00,KRAKOW,POLAND,3,41-44,B,ON TIME
1720,9291,EL AL ISRAEL AIRLINES,2026-09-29 05:50:00,2026-09-29 05:50:00,KRAKOW,POLAND,3,41-44,B,ON TIME
1721,9604,EL AL ISRAEL AIRLINES,2026-09-29 05:50:00,2026-09-29 05:50:00,ABU DHABI,UNITED ARAB EMIRATES,3,,,NOT FINAL
1722,4998,CHINA EASTERN AIRLINES Co. Ltd,2026-09-29 05:50:00,2026-09-29 05:50:00,ABU DHABI,UNITED ARAB EMIRATES,3,,,NOT FINAL
1723,2593,SRILANKA AIRLINES,2026-09-29 05:50:00,2026-09-29 05:50:00,ABU DHABI,UNITED ARAB EMIRATES,3,,,NOT FINAL
1724,7873,AERO MEXICO,2026-09-29 05:55:00,2026-09-29 05:55:00,NEW YORK,UNITED STATES,3,78-99,D,ON TIME
1725,7446,DELTA AIRLINES,2026-09-29 05:55:00,2026-09-29 05:55:00,NEW YORK,UNITED STATES,3,78-99,D,ON TIME
1726,009,EL AL ISRAEL AIRLINES,2026-09-29 05:55:00,2026-09-29 05:55:00,NEW YORK,UNITED STATES,3,78-99,D,ON TIME
1727,9915,AIR CANADA,2026-09-29 06:00:00,2026-09-29 06:00:00,ROME,ITALY,3,7-11,A,ON TIME
1728,809,ITALIA TRASPORTO AEREO,2026-09-29 06:00:00,2026-09-29 06:00:00,ROME,ITALY,3,7-11,A,ON TIME
1729,4267,AEGEAN  AIRLINES,2026-09-29 06:00:00,2026-09-29 06:00:00,HERAKLION,GREECE,3,217-226,G,ON TIME
1730,337,ARKIA  ISRAELI  AIRLINES,2026-09-29 06:00:00,2026-09-29 06:00:00,MILAN,ITALY,3,G1-G12,G,ON TIME
1731,7380,AIR SERBIA,2026-09-29 06:00:00,2026-09-29 06:00:00,ROME,ITALY,3,7-11,A,ON TIME
1732,5235,LUFTHANSA,2026-09-29 06:00:00,2026-09-29 06:00:00,ROME,ITALY,3,7-11,A,ON TIME
1733,353,EL AL ISRAEL AIRLINES,2026-09-29 06:00:00,2026-09-29 06:00:00,MUNICH,GERMANY,3,78-99,D,ON TIME
1734,084,AUSTRIAN AIRLINES,2026-09-29 06:00:00,2026-09-29 06:00:00,VIENNA,AUSTRIA,3,27-33,A,ON TIME
1735,3165,SAS,2026-09-29 06:00:00,2026-09-29 06:00:00,MUNICH,GERMANY,3,78-99,D,ON TIME
1736,7857,AEROLINEAS ARGENTINAS S.A.,2026-09-29 06:05:00,2026-09-29 06:05:00,ROME,ITALY,3,78-99,D,ON TIME
1737,385,EL AL ISRAEL AIRLINES,2026-09-29 06:05:00,2026-09-29 06:05:00,ROME,ITALY,3,78-99,D,ON TIME
1738,3167,SAS,2026-09-29 06:05:00,2026-09-29 06:05:00,ROME,ITALY,3,78-99,D,ON TIME
1739,8898,AIR PORTUGAL,2026-09-29 06:05:00,2026-09-29 06:05:00,ROME,ITALY,3,78-99,D,ON TIME
1740,5183,EL AL ISRAEL AIRLINES,2026-09-29 06:10:00,2026-09-29 06:10:00,TIRANA,ALBANIA,1,316-327,A,ON TIME
1741,801,ARKIA  ISRAELI  AIRLINES,2026-09-29 06:20:00,2026-09-29 06:20:00,RAMON,ISRAEL,1,349-354,C,ON TIME
1742,2371,EL AL ISRAEL AIRLINES,2026-09-29 06:20:00,2026-09-29 06:20:00,BERLIN,GERMANY,3,78-99,D,ON TIME
1743,3157,SAS,2026-09-29 06:20:00,2026-09-29 06:20:00,BERLIN,GERMANY,3,78-99,D,ON TIME
1744,026,ARKIA  ISRAELI  AIRLINES,2026-09-29 06:25:00,2026-09-29 06:25:00,MARRAKESH,MOROCCO,3,,,NOT FINAL
1745,6173,AIR FRANCE,2026-09-29 06:30:00,2026-09-29 06:30:00,NICE,FRANCE,3,78-99,D,ON TIME
1746,223,EL AL ISRAEL AIRLINES,2026-09-29 06:30:00,2026-09-29 06:30:00,NICE,FRANCE,3,78-99,D,ON TIME
1747,5131,EL AL ISRAEL AIRLINES,2026-09-29 06:30:00,2026-09-29 06:30:00,LARNACA,CYPRUS,1,316-327,A,ON TIME
1748,573,EL AL ISRAEL AIRLINES,2026-09-29 06:30:00,2026-09-29 06:30:00,BUCHAREST,ROMANIA,3,78-99,D,ON TIME
1749,9102,TAROM - ROMANIAN AIR TRANSPORT,2026-09-29 06:30:00,2026-09-29 06:30:00,BUCHAREST,ROMANIA,3,78-99,D,ON TIME
1750,043,ISRAIR AIRLINES,2026-09-29 06:30:00,2026-09-29 06:30:00,RAMON,ISRAEL,1,355-360,C,ON TIME
1751,6677,AIR BALTIC,2026-09-29 06:40:00,2026-09-29 06:40:00,PRAGUE,CZECH REPUBLIC,3,78-99,D,ON TIME
1752,2521,EL AL ISRAEL AIRLINES,2026-09-29 06:40:00,2026-09-29 06:40:00,PRAGUE,CZECH REPUBLIC,3,78-99,D,ON TIME
1753,082,EL AL ISRAEL AIRLINES,2026-09-29 06:45:00,2026-09-29 06:45:00,BANGKOK,THAILAND,3,,,NOT FINAL
1754,5017,QANTAS AIRWAYS,2026-09-29 06:45:00,2026-09-29 06:45:00,BANGKOK,THAILAND,3,,,NOT FINAL
1755,4583,THAI AIRWAYS,2026-09-29 06:45:00,2026-09-29 06:45:00,BANGKOK,THAILAND,3,,,NOT FINAL
1756,3299,VIETNAM AIRLINES,2026-09-29 06:45:00,2026-09-29 06:45:00,BANGKOK,THAILAND,3,,,NOT FINAL
1757,7864,AERO MEXICO,2026-09-29 06:50:00,2026-09-29 06:50:00,AMSTERDAM,NETHERLANDS,3,78-99,D,ON TIME
1758,6673,AIR BALTIC,2026-09-29 06:50:00,2026-09-29 06:50:00,AMSTERDAM,NETHERLANDS,3,78-99,D,ON TIME
1759,7447,DELTA AIRLINES,2026-09-29 06:50:00,2026-09-29 06:50:00,NEW YORK,UNITED STATES,3,,,NOT FINAL
1760,2473,K.L.M.,2026-09-29 06:50:00,2026-09-29 06:50:00,AMSTERDAM,NETHERLANDS,3,78-99,D,ON TIME
1761,010,EL AL ISRAEL AIRLINES,2026-09-29 06:50:00,2026-09-29 06:50:00,NEW YORK,UNITED STATES,3,,,NOT FINAL
1762,337,EL AL ISRAEL AIRLINES,2026-09-29 06:50:00,2026-09-29 06:50:00,AMSTERDAM,NETHERLANDS,3,78-99,D,ON TIME
1763,3155,SAS,2026-09-29 06:50:00,2026-09-29 06:50:00,AMSTERDAM,NETHERLANDS,3,78-99,D,ON TIME
1764,693,BLUE BIRD AIRWAYS,2026-09-29 06:55:00,2026-09-29 06:55:00,RHODES,GREECE,3,,,NOT FINAL
1765,7444,DELTA AIRLINES,2026-09-29 06:55:00,2026-09-29 06:55:00,NEWARK,UNITED STATES,3,,,NOT FINAL
1766,413,ARKIA  ISRAELI  AIRLINES,2026-09-29 06:55:00,2026-09-29 06:55:00,BATUMI,GEORGIA,1,332-348,B,ON TIME
1767,028,EL AL ISRAEL AIRLINES,2026-09-29 06:55:00,2026-09-29 06:55:00,NEWARK,UNITED STATES,3,,,NOT FINAL
1768,589,ISRAIR AIRLINES,2026-09-29 06:55:00,2026-09-29 06:55:00,LARNACA,CYPRUS,3,201-212,G,ON TIME
1769,7850,AEROLINEAS ARGENTINAS S.A.,2026-09-29 07:00:00,2026-09-29 07:00:00,MIAMI,UNITED STATES,3,,,NOT FINAL
1770,459,AEGEAN  AIRLINES,2026-09-29 07:00:00,2026-09-29 07:00:00,HERAKLION,GREECE,3,217-226,G,ON TIME
1771,757,BLUE BIRD AIRWAYS,2026-09-29 07:00:00,2026-09-29 07:00:00,HERAKLION,GREECE,3,,,NOT FINAL
1772,7438,DELTA AIRLINES,2026-09-29 07:00:00,2026-09-29 07:00:00,MIAMI,UNITED STATES,3,,,NOT FINAL
1773,610,ETIHAD AIRWAYS,2026-09-29 07:00:00,2026-09-29 07:00:00,ABU DHABI,UNITED ARAB EMIRATES,3,12-21,A,ON TIME
1774,018,EL AL ISRAEL AIRLINES,2026-09-29 07:00:00,2026-09-29 07:00:00,MIAMI,UNITED STATES,3,,,NOT FINAL
1775,5411,EL AL ISRAEL AIRLINES,2026-09-29 07:00:00,2026-09-29 07:00:00,COPENHAGEN,DENMARK,3,78-99,D,ON TIME
1776,9613,EL AL ISRAEL AIRLINES,2026-09-29 07:00:00,2026-09-29 07:00:00,ABU DHABI,UNITED ARAB EMIRATES,3,12-21,A,ON TIME
1777,541,EL AL ISRAEL AIRLINES,2026-09-29 07:05:00,2026-09-29 07:05:00,ATHENS,GREECE,3,78-99,D,ON TIME
1778,4603,WIZZAIR,2026-09-29 07:05:00,2026-09-29 07:05:00,LARNACA,CYPRUS,3,,,NOT FINAL
1779,347,EL AL ISRAEL AIRLINES,2026-09-29 07:10:00,2026-09-29 07:10:00,ZURICH,SWITZERLAND,3,78-99,D,ON TIME
1780,3189,SAS,2026-09-29 07:10:00,2026-09-29 07:10:00,ZURICH,SWITZERLAND,3,78-99,D,ON TIME
1781,763,ISRAIR AIRLINES,2026-09-29 07:10:00,2026-09-29 07:10:00,PRAGUE,CZECH REPUBLIC,3,201-212,G,ON TIME
1782,5101,EL AL ISRAEL AIRLINES,2026-09-29 07:15:00,2026-09-29 07:15:00,WARSAW,POLAND,3,78-99,D,ON TIME
1783,5155,EL AL ISRAEL AIRLINES,2026-09-29 07:15:00,2026-09-29 07:15:00,VARNA,BULGARIA,1,316-326,A,ON TIME
1784,551,EL AL ISRAEL AIRLINES,2026-09-29 07:15:00,2026-09-29 07:15:00,SOFIA,BULGARIA,3,78-99,D,ON TIME
1785,211,ARKIA  ISRAELI  AIRLINES,2026-09-29 07:20:00,2026-09-29 07:20:00,ATHENS,GREECE,1,332-348,B,ON TIME
1786,6176,AIR FRANCE,2026-09-29 07:25:00,2026-09-29 07:25:00,PARIS,FRANCE,3,78-99,D,ON TIME
1787,7897,AERO MEXICO,2026-09-29 07:25:00,2026-09-29 07:25:00,PARIS,FRANCE,3,78-99,D,ON TIME
1788,221,EL AL ISRAEL AIRLINES,2026-09-29 07:25:00,2026-09-29 07:25:00,PARIS,FRANCE,3,78-99,D,ON TIME
1789,3195,SAS,2026-09-29 07:25:00,2026-09-29 07:25:00,PARIS,FRANCE,3,78-99,D,ON TIME
1790,058,ISRAIR AIRLINES,2026-09-29 07:30:00,2026-09-29 07:30:00,RAMON,ISRAEL,1,,,NOT FINAL
1791,381,EL AL ISRAEL AIRLINES,2026-09-29 07:35:00,2026-09-29 07:35:00,MILAN,ITALY,3,78-99,D,ON TIME
1792,3185,SAS,2026-09-29 07:35:00,2026-09-29 07:35:00,MILAN,ITALY,3,78-99,D,ON TIME
1793,8910,AIR PORTUGAL,2026-09-29 07:35:00,2026-09-29 07:35:00,MILAN,ITALY,3,78-99,D,ON TIME
1794,2332,EMIRATES,2026-09-29 07:40:00,2026-09-29 07:40:00,DUBAI,UNITED ARAB EMIRATES,3,,,NOT FINAL
1795,1541,FLYDUBAI,2026-09-29 07:40:00,2026-09-29 07:40:00,DUBAI,UNITED ARAB EMIRATES,3,,,NOT FINAL
1796,596,ETIHAD AIRWAYS,2026-09-29 07:45:00,2026-09-29 07:45:00,ABU DHABI,UNITED ARAB EMIRATES,3,12-21,A,ON TIME
1797,9606,EL AL ISRAEL AIRLINES,2026-09-29 07:45:00,2026-09-29 07:45:00,ABU DHABI,UNITED ARAB EMIRATES,3,12-21,A,ON TIME
1798,110,TUS AIRWAYS,2026-09-29 07:45:00,2026-09-29 07:45:00,LARNACA,CYPRUS,3,,,NOT FINAL
1799,563,ISRAIR AIRLINES,2026-09-29 07:45:00,2026-09-29 07:45:00,ATHENS,GREECE,3,201-212,G,ON TIME
1800,562,BLUE BIRD AIRWAYS,2026-09-29 07:50:00,2026-09-29 07:50:00,BOURGAS,BULGARIA,3,34-36,B,ON TIME
1801,702,BLUE BIRD AIRWAYS,2026-09-29 07:50:00,2026-09-29 07:50:00,ATHENS,GREECE,3,46-48,B,ON TIME
1802,159,TUS AIRWAYS,2026-09-29 07:50:00,2026-09-29 07:50:00,PAPHOS,CYPRUS,3,,,NOT FINAL
1803,243,TUS AIRWAYS,2026-09-29 07:50:00,2026-09-29 07:50:00,PREVEZA,GREECE,3,,,NOT FINAL
1804,1071,ARKIA  ISRAELI  AIRLINES,2026-09-29 08:00:00,2026-09-29 08:00:00,RHODES,GREECE,1,332-348,B,ON TIME
1805,4604,WIZZAIR,2026-09-29 08:00:00,2026-09-29 08:00:00,LARNACA,CYPRUS,1,361-372,D,ON TIME
1806,515,ISRAIR AIRLINES,2026-09-29 08:00:00,2026-09-29 08:00:00,RHODES,GREECE,1,306-315,A,ON TIME
1807,519,ISRAIR AIRLINES,2026-09-29 08:00:00,2026-09-29 08:00:00,RHODES,GREECE,3,201-212,G,ON TIME
1808,748,BLUE BIRD AIRWAYS,2026-09-29 08:15:00,2026-09-29 08:15:00,HERAKLION,GREECE,3,44-46,B,ON TIME
1809,242,TUS AIRWAYS,2026-09-29 08:15:00,2026-09-29 08:15:00,PREVEZA,GREECE,3,22-33,A,ON TIME
1810,4427,WIZZAIR,2026-09-29 08:15:00,2026-09-29 08:15:00,SOFIA,BULGARIA,3,,,NOT FINAL
1811,752,BLUE BIRD AIRWAYS,2026-09-29 08:20:00,2026-09-29 08:20:00,HERAKLION,GREECE,3,36-38,B,ON TIME
1812,177,ISRAIR AIRLINES,2026-09-29 08:20:00,2026-09-29 08:20:00,TIVAT,MONTENEGRO,3,201-212,G,ON TIME
1813,3257,WIZZ AIR MALTA,2026-09-29 08:25:00,2026-09-29 08:25:00,BUCHAREST,ROMANIA,3,,,NOT FINAL
1814,737,BLUE BIRD AIRWAYS,2026-09-29 08:30:00,2026-09-29 08:30:00,HERAKLION,GREECE,3,,,NOT FINAL
1815,5433,EL AL ISRAEL AIRLINES,2026-09-29 08:30:00,2026-09-29 08:30:00,LARNACA,CYPRUS,3,78-99,D,ON TIME
1816,2369,EL AL ISRAEL AIRLINES,2026-09-29 08:35:00,2026-09-29 08:35:00,BUDAPEST,HUNGARY,3,78-99,D,ON TIME
1817,247,ISRAIR AIRLINES,2026-09-29 08:35:00,2026-09-29 08:35:00,SALZBURG,AUSTRIA,1,306-315,A,ON TIME
1818,113,TUS AIRWAYS,2026-09-29 08:40:00,2026-09-29 08:40:00,LARNACA,CYPRUS,3,22-33,A,ON TIME
1819,111,ONE CLICK,2026-09-29 08:40:00,2026-09-29 08:40:00,BATUMI,GEORGIA,3,,,NOT FINAL
1820,751,BLUE BIRD AIRWAYS,2026-09-29 08:45:00,2026-09-29 08:45:00,HERAKLION,GREECE,3,,,NOT FINAL
1821,235,TUS AIRWAYS,2026-09-29 08:45:00,2026-09-29 08:45:00,CORFU,GREECE,3,,,NOT FINAL
1822,972,ISRAIR AIRLINES,2026-09-29 08:45:00,2026-09-29 08:45:00,NEW YORK,UNITED STATES,3,,,NOT FINAL
1823,802,ARKIA  ISRAELI  AIRLINES,2026-09-29 08:50:00,2026-09-29 08:50:00,RAMON,ISRAEL,1,,,NOT FINAL
1824,5517,AIR CANADA,2026-09-29 08:55:00,2026-09-29 08:55:00,NEWARK,UNITED STATES,3,,,NOT FINAL
1825,561,BLUE BIRD AIRWAYS,2026-09-29 08:55:00,2026-09-29 08:55:00,BOURGAS,BULGARIA,3,,,NOT FINAL
1826,2120,EMIRATES,2026-09-29 08:55:00,2026-09-29 08:55:00,DUBAI,UNITED ARAB EMIRATES,3,,,NOT FINAL
1827,2333,EMIRATES,2026-09-29 08:55:00,2026-09-29 08:55:00,DUBAI,UNITED ARAB EMIRATES,3,56-59,C,ON TIME
1828,1073,FLYDUBAI,2026-09-29 08:55:00,2026-09-29 08:55:00,DUBAI,UNITED ARAB EMIRATES,3,,,NOT FINAL
1829,1542,FLYDUBAI,2026-09-29 08:55:00,2026-09-29 08:55:00,DUBAI,UNITED ARAB EMIRATES,3,56-59,C,ON TIME
1830,273,ARKIA  ISRAELI  AIRLINES,2026-09-29 08:55:00,2026-09-29 08:55:00,BARCELONA,SPAIN,3,,,ON TIME
1831,084,UNITED AIRLINES,2026-09-29 08:55:00,2026-09-29 08:55:00,NEWARK,UNITED STATES,3,,,NOT FINAL
1832,165,ARKIA  ISRAELI  AIRLINES,2026-09-29 09:00:00,2026-09-29 09:00:00,LARNACA,CYPRUS,3,G1-G18,G,ON TIME
1833,103,TUS AIRWAYS,2026-09-29 09:00:00,2026-09-29 09:00:00,LARNACA,CYPRUS,3,22-33,A,ON TIME
1834,152,TUS AIRWAYS,2026-09-29 09:00:00,2026-09-29 09:00:00,PAPHOS,CYPRUS,3,22-33,A,ON TIME
1835,889,ISRAIR AIRLINES,2026-09-29 09:00:00,2026-09-29 09:00:00,BATUMI,GEORGIA,1,306-315,A,ON TIME
1836,285,EL AL ISRAEL AIRLINES,2026-09-29 09:05:00,2026-09-29 09:05:00,ROME,ITALY,3,78-99,D,ON TIME
1837,802,BLUE BIRD AIRWAYS,2026-09-29 09:10:00,2026-09-29 09:10:00,KOS,GREECE,3,38-40,B,ON TIME
1838,4428,WIZZAIR,2026-09-29 09:10:00,2026-09-29 09:10:00,SOFIA,BULGARIA,1,361-372,D,ON TIME
1839,121,ARKIA  ISRAELI  AIRLINES,2026-09-29 09:15:00,2026-09-29 09:15:00,MYKONOS,GREECE,3,G1-G18,G,ON TIME
1840,2503,WIZZAIR,2026-09-29 09:15:00,2026-09-29 09:15:00,BUDAPEST,HUNGARY,3,,,NOT FINAL
1841,692,BLUE BIRD AIRWAYS,2026-09-29 09:20:00,2026-09-29 09:20:00,RHODES,GREECE,3,42-44,B,ON TIME
1842,3258,WIZZ AIR MALTA,2026-09-29 09:20:00,2026-09-29 09:20:00,BUCHAREST,ROMANIA,1,361-372,D,ON TIME
1843,756,BLUE BIRD AIRWAYS,2026-09-29 09:25:00,2026-09-29 09:25:00,HERAKLION,GREECE,3,40-42,B,ON TIME
1844,234,DELTA AIRLINES,2026-09-29 09:25:00,2026-09-29 09:25:00,NEW YORK,UNITED STATES,3,,,NOT FINAL
1845,4000,EL AL ISRAEL AIRLINES,2026-09-29 09:25:00,2026-09-29 09:25:00,NEW YORK,UNITED STATES,3,,,NOT FINAL
1846,5462,EL AL ISRAEL AIRLINES,2026-09-29 09:25:00,2026-09-29 09:25:00,RHODES,GREECE,3,,,NOT FINAL
1847,111,TUS AIRWAYS,2026-09-29 09:30:00,2026-09-29 09:30:00,LARNACA,CYPRUS,3,22-33,A,ON TIME
1848,234,TUS AIRWAYS,2026-09-29 09:30:00,2026-09-29 09:30:00,CORFU,GREECE,3,22-33,A,ON TIME
1849,044,ISRAIR AIRLINES,2026-09-29 09:30:00,2026-09-29 09:30:00,RAMON,ISRAEL,1,,,NOT FINAL
1850,533,ISRAIR AIRLINES,2026-09-29 09:30:00,2026-09-29 09:30:00,CORFU,GREECE,1,306-315,A,ON TIME
1851,6671,AIR BALTIC,2026-09-29 09:35:00,2026-09-29 09:35:00,AMSTERDAM,NETHERLANDS,3,78-99,D,ON TIME
1852,2471,K.L.M.,2026-09-29 09:35:00,2026-09-29 09:35:00,AMSTERDAM,NETHERLANDS,3,78-99,D,ON TIME
1853,237,EL AL ISRAEL AIRLINES,2026-09-29 09:35:00,2026-09-29 09:35:00,AMSTERDAM,NETHERLANDS,3,78-99,D,ON TIME
1854,3153,SAS,2026-09-29 09:35:00,2026-09-29 09:35:00,AMSTERDAM,NETHERLANDS,3,78-99,D,ON TIME
1855,2369,EMIRATES,2026-09-29 09:40:00,2026-09-29 09:40:00,DUBAI,UNITED ARAB EMIRATES,3,,,NOT FINAL
1856,1549,FLYDUBAI,2026-09-29 09:40:00,2026-09-29 09:40:00,DUBAI,UNITED ARAB EMIRATES,3,,,NOT FINAL
1857,807,ARKIA  ISRAELI  AIRLINES,2026-09-29 09:50:00,2026-09-29 09:50:00,RAMON,ISRAEL,1,349-354,C,ON TIME
1858,5132,EL AL ISRAEL AIRLINES,2026-09-29 09:50:00,2026-09-29 09:50:00,LARNACA,CYPRUS,3,,,NOT FINAL
1859,873,FLYONE ARMENIA LLC,2026-09-29 09:50:00,2026-09-29 09:50:00,YEREVAN,ARMENIA,3,,,NOT FINAL
1860,6405,WIZZ AIR MALTA,2026-09-29 09:55:00,2026-09-29 09:55:00,MILAN,ITALY,3,,,NOT FINAL
1861,7069,AIR FRANCE,2026-09-29 10:00:00,2026-09-29 10:00:00,PARIS,FRANCE,3,78-99,D,ON TIME
1862,7885,AERO MEXICO,2026-09-29 10:00:00,2026-09-29 10:00:00,PARIS,FRANCE,3,78-99,D,ON TIME
1863,415,ETHIOPIAN AIRLINES,2026-09-29 10:00:00,2026-09-29 10:00:00,ADDIS ABABA,ETHIOPIA,3,7-11,A,ON TIME
1864,323,EL AL ISRAEL AIRLINES,2026-09-29 10:00:00,2026-09-29 10:00:00,PARIS,FRANCE,3,78-99,D,ON TIME
1865,8805,EL AL ISRAEL AIRLINES,2026-09-29 10:00:00,2026-09-29 10:00:00,ADDIS ABABA,ETHIOPIA,3,7-11,A,ON TIME
1866,3163,SAS,2026-09-29 10:00:00,2026-09-29 10:00:00,PARIS,FRANCE,3,78-99,D,ON TIME
1867,6041,WIZZ AIR MALTA,2026-09-29 10:00:00,2026-09-29 10:00:00,ROME,ITALY,3,,,NOT FINAL
1868,713,ISRAIR AIRLINES,2026-09-29 10:00:00,2026-09-29 10:00:00,VARNA,BULGARIA,3,201-212,G,ON TIME
1869,6923,WIZZ AIR MALTA,2026-09-29 10:05:00,2026-09-29 10:05:00,NAPLES,ITALY,3,,,NOT FINAL
1870,590,ISRAIR AIRLINES,2026-09-29 10:05:00,2026-09-29 10:05:00,LARNACA,CYPRUS,3,,,NOT FINAL
1871,7863,AERO MEXICO,2026-09-29 10:10:00,2026-09-29 10:10:00,LONDON,UNITED KINGDOM,3,78-99,D,ON TIME
1872,7434,DELTA AIRLINES,2026-09-29 10:10:00,2026-09-29 10:10:00,LONDON,UNITED KINGDOM,3,78-99,D,ON TIME
1873,315,EL AL ISRAEL AIRLINES,2026-09-29 10:10:00,2026-09-29 10:10:00,LONDON,UNITED KINGDOM,3,78-99,D,ON TIME
1874,3181,SAS,2026-09-29 10:10:00,2026-09-29 10:10:00,LONDON,UNITED KINGDOM,3,78-99,D,ON TIME
1875,7493,VIRGIN ATLANTIC AIRWAYS,2026-09-29 10:10:00,2026-09-29 10:10:00,LONDON,UNITED KINGDOM,3,78-99,D,ON TIME
1876,2097,WIZZAIR,2026-09-29 10:10:00,2026-09-29 10:10:00,KRAKOW,POLAND,3,,,NOT FINAL
1877,2504,WIZZAIR,2026-09-29 10:10:00,2026-09-29 10:10:00,BUDAPEST,HUNGARY,1,361-372,D,ON TIME
1878,7874,AERO MEXICO,2026-09-29 10:15:00,2026-09-29 10:15:00,NEW YORK,UNITED STATES,3,78-99,D,ON TIME
1879,7430,DELTA AIRLINES,2026-09-29 10:15:00,2026-09-29 10:15:00,NEW YORK,UNITED STATES,3,78-99,D,ON TIME
1880,2121,EMIRATES,2026-09-29 10:15:00,2026-09-29 10:15:00,DUBAI,UNITED ARAB EMIRATES,3,56-62,C,ON TIME
1881,1074,FLYDUBAI,2026-09-29 10:15:00,2026-09-29 10:15:00,DUBAI,UNITED ARAB EMIRATES,3,56-62,C,ON TIME
1882,007,EL AL ISRAEL AIRLINES,2026-09-29 10:15:00,2026-09-29 10:15:00,NEW YORK,UNITED STATES,3,78-99,D,ON TIME
1883,1965,WIZZAIR,2026-09-29 10:15:00,2026-09-29 10:15:00,VILNIUS,LITHUANIA,3,,,NOT FINAL
1884,345,ISRAIR AIRLINES,2026-09-29 10:15:00,2026-09-29 10:15:00,NAPLES,ITALY,1,306-315,A,ON TIME
1885,747,BELAVIA AIRLINE,2026-09-29 10:20:00,2026-09-29 10:20:00,MINSK,BELARUS,3,,,NOT FINAL
1886,502,ISRAIR AIRLINES,2026-09-29 10:20:00,2026-09-29 10:20:00,HERAKLION,GREECE,3,,,NOT FINAL
1887,597,ISRAIR AIRLINES,2026-09-29 10:20:00,2026-09-29 10:20:00,PAPHOS,CYPRUS,3,201-212,G,ON TIME
1888,2268,EMIRATES,2026-09-29 10:25:00,2026-09-29 10:25:00,DUBAI,UNITED ARAB EMIRATES,3,,,NOT FINAL
1889,1635,FLYDUBAI,2026-09-29 10:25:00,2026-09-29 10:25:00,DUBAI,UNITED ARAB EMIRATES,3,,,NOT FINAL
1890,741,ARKIA  ISRAELI  AIRLINES,2026-09-29 10:30:00,2026-09-29 10:30:00,PARIS,FRANCE,3,G1-G18,G,ON TIME
1891,587,ISRAIR AIRLINES,2026-09-29 10:30:00,2026-09-29 10:30:00,LARNACA,CYPRUS,3,201-212,G,ON TIME
1892,151,ARKIA  ISRAELI  AIRLINES,2026-09-29 10:35:00,2026-09-29 10:35:00,PAPHOS,CYPRUS,3,G1-G17,G,ON TIME
1893,697,BLUE BIRD AIRWAYS,2026-09-29 10:45:00,2026-09-29 10:45:00,RHODES,GREECE,3,,,NOT FINAL
1894,761,BLUE BIRD AIRWAYS,2026-09-29 10:45:00,2026-09-29 10:45:00,KHANIA,GREECE,3,,,NOT FINAL
1895,1072,ARKIA  ISRAELI  AIRLINES,2026-09-29 10:45:00,2026-09-29 10:45:00,RHODES,GREECE,3,,,NOT FINAL
1896,156,LOT POLISH AIRLINES,2026-09-29 10:45:00,2026-09-29 10:45:00,WARSAW,POLAND,3,63-67,C,ON TIME
1897,9251,EL AL ISRAEL AIRLINES,2026-09-29 10:45:00,2026-09-29 10:45:00,WARSAW,POLAND,3,63-67,C,ON TIME
1898,7868,AERO MEXICO,2026-09-29 10:50:00,2026-09-29 10:50:00,NEW YORK,UNITED STATES,3,,,NOT FINAL
1899,7425,DELTA AIRLINES,2026-09-29 10:50:00,2026-09-29 10:50:00,NEW YORK,UNITED STATES,3,,,NOT FINAL
1900,002,EL AL ISRAEL AIRLINES,2026-09-29 10:50:00,2026-09-29 10:50:00,NEW YORK,UNITED STATES,3,,,NOT FINAL
1901,5114,EL AL ISRAEL AIRLINES,2026-09-29 10:50:00,2026-09-29 10:50:00,BATUMI,GEORGIA,3,,,NOT FINAL
1902,6406,WIZZ AIR MALTA,2026-09-29 10:50:00,2026-09-29 10:50:00,MILAN,ITALY,1,341-348,B,ON TIME
1903,874,FLYONE ARMENIA LLC,2026-09-29 10:50:00,2026-09-29 10:50:00,YEREVAN,ARMENIA,3,218-222,G,ON TIME
1904,2370,EMIRATES,2026-09-29 10:55:00,2026-09-29 10:55:00,DUBAI,UNITED ARAB EMIRATES,3,56-62,C,ON TIME
1905,1550,FLYDUBAI,2026-09-29 10:55:00,2026-09-29 10:55:00,DUBAI,UNITED ARAB EMIRATES,3,56-62,C,ON TIME
1906,6042,WIZZ AIR MALTA,2026-09-29 10:55:00,2026-09-29 10:55:00,ROME,ITALY,1,341-348,B,ON TIME
1907,5518,AIR CANADA,2026-09-29 11:00:00,2026-09-29 11:00:00,NEWARK,UNITED STATES,3,12-19,A,ON TIME
1908,085,UNITED AIRLINES,2026-09-29 11:00:00,2026-09-29 11:00:00,NEWARK,UNITED STATES,3,12-19,A,ON TIME
1909,6924,WIZZ AIR MALTA,2026-09-29 11:00:00,2026-09-29 11:00:00,NAPLES,ITALY,1,341-348,B,ON TIME
1910,047,ISRAIR AIRLINES,2026-09-29 11:00:00,2026-09-29 11:00:00,RAMON,ISRAEL,1,355-360,C,ON TIME
1911,883,ISRAIR AIRLINES,2026-09-29 11:00:00,2026-09-29 11:00:00,BATUMI,GEORGIA,3,201-212,G,ON TIME
1912,158,TUS AIRWAYS,2026-09-29 11:05:00,2026-09-29 11:05:00,PAPHOS,CYPRUS,3,22-25,A,ON TIME
1913,2098,WIZZAIR,2026-09-29 11:05:00,2026-09-29 11:05:00,KRAKOW,POLAND,1,361-372,D,ON TIME
1914,593,ETIHAD AIRWAYS,2026-09-29 11:10:00,2026-09-29 11:10:00,ABU DHABI,UNITED ARAB EMIRATES,3,,,NOT FINAL
1915,9600,EL AL ISRAEL AIRLINES,2026-09-29 11:10:00,2026-09-29 11:10:00,ABU DHABI,UNITED ARAB EMIRATES,3,,,NOT FINAL
1916,1966,WIZZAIR,2026-09-29 11:10:00,2026-09-29 11:10:00,VILNIUS,LITHUANIA,1,341-348,B,ON TIME
1917,723,ISRAIR AIRLINES,2026-09-29 11:15:00,2026-09-29 11:15:00,BUDAPEST,HUNGARY,1,306-315,A,ON TIME
1918,748,BELAVIA AIRLINE,2026-09-29 11:20:00,2026-09-29 11:20:00,MINSK,BELARUS,3,2-5,A,ON TIME
1919,607,ETIHAD AIRWAYS,2026-09-29 11:20:00,2026-09-29 11:20:00,ABU DHABI,UNITED ARAB EMIRATES,3,,,NOT FINAL
1920,9614,EL AL ISRAEL AIRLINES,2026-09-29 11:20:00,2026-09-29 11:20:00,ABU DHABI,UNITED ARAB EMIRATES,3,,,NOT FINAL
1921,1418,ARKIA  ISRAELI  AIRLINES,2026-09-29 11:25:00,2026-09-29 11:25:00,TBILISI,GEORGIA,3,,,NOT FINAL
1922,5246,EL AL ISRAEL AIRLINES,2026-09-29 11:25:00,2026-09-29 11:25:00,THESSALONIKI,GREECE,3,,,NOT FINAL
1923,9974,EUROWINGS,2026-09-29 11:30:00,2026-09-29 11:30:00,DUSSELDORF,GERMANY,3,,,NOT FINAL
1924,099,ARKIA  ISRAELI  AIRLINES,2026-09-29 11:30:00,2026-09-29 11:30:00,HERAKLION,GREECE,3,G1-G17,G,ON TIME
1925,021,AZERBAIJAN AIRLINES,2026-09-29 11:30:00,2026-09-29 11:30:00,BAKU,AZERBAIJAN,3,,,NOT FINAL
1926,5108,EL AL ISRAEL AIRLINES,2026-09-29 11:30:00,2026-09-29 11:30:00,TBILISI,GEORGIA,3,,,NOT FINAL
1927,9950,EL AL ISRAEL AIRLINES,2026-09-29 11:30:00,2026-09-29 11:30:00,BAKU,AZERBAIJAN,3,,,NOT FINAL
1928,235,DELTA AIRLINES,2026-09-29 11:35:00,2026-09-29 11:35:00,NEW YORK,UNITED STATES,3,47-55,B,ON TIME
1929,4001,EL AL ISRAEL AIRLINES,2026-09-29 11:35:00,2026-09-29 11:35:00,NEW YORK,UNITED STATES,3,47-55,B,ON TIME
1930,2269,EMIRATES,2026-09-29 11:40:00,2026-09-29 11:40:00,DUBAI,UNITED ARAB EMIRATES,3,56-62,C,ON TIME
1931,1636,FLYDUBAI,2026-09-29 11:40:00,2026-09-29 11:40:00,DUBAI,UNITED ARAB EMIRATES,3,56-62,C,ON TIME
1932,747,BLUE BIRD AIRWAYS,2026-09-29 11:45:00,2026-09-29 11:45:00,HERAKLION,GREECE,3,,,NOT FINAL
1933,5434,EL AL ISRAEL AIRLINES,2026-09-29 11:50:00,2026-09-29 11:50:00,LARNACA,CYPRUS,3,,,NOT FINAL
1934,5467,EL AL ISRAEL AIRLINES,2026-09-29 11:50:00,2026-09-29 11:50:00,TIVAT,MONTENEGRO,3,78-99,D,ON TIME
1935,734,BLUE BIRD AIRWAYS,2026-09-29 11:55:00,2026-09-29 11:55:00,HERAKLION,GREECE,3,41-43,B,ON TIME
1936,166,ARKIA  ISRAELI  AIRLINES,2026-09-29 11:55:00,2026-09-29 11:55:00,LARNACA,CYPRUS,3,,,NOT FINAL
1937,368,ARKIA  ISRAELI  AIRLINES,2026-09-29 11:55:00,2026-09-29 11:55:00,TIVAT,MONTENEGRO,3,,,NOT FINAL
1938,108,TUS AIRWAYS,2026-09-29 11:55:00,2026-09-29 11:55:00,LARNACA,CYPRUS,3,,,NOT FINAL
1939,698,BLUE BIRD AIRWAYS,2026-09-29 12:00:00,2026-09-29 12:00:00,RHODES,GREECE,3,43-45,B,ON TIME
1940,7512,WIZZ AIR MALTA,2026-09-29 12:00:00,2026-09-29 12:00:00,ATHENS,GREECE,3,,,NOT FINAL
1941,243,ISRAIR AIRLINES,2026-09-29 12:00:00,2026-09-29 12:00:00,SALZBURG,AUSTRIA,3,201-212,G,ON TIME
1942,992,ARKIA  ISRAELI  AIRLINES,2026-09-29 12:05:00,2026-09-29 12:05:00,NEW YORK,UNITED STATES,3,,,NOT FINAL
1943,7073,AIR FRANCE,2026-09-29 12:10:00,2026-09-29 12:10:00,PARIS,FRANCE,3,78-99,D,ON TIME
1944,7892,AERO MEXICO,2026-09-29 12:10:00,2026-09-29 12:10:00,PARIS,FRANCE,3,78-99,D,ON TIME
1945,327,EL AL ISRAEL AIRLINES,2026-09-29 12:10:00,2026-09-29 12:10:00,PARIS,FRANCE,3,78-99,D,ON TIME
1946,3159,SAS,2026-09-29 12:10:00,2026-09-29 12:10:00,PARIS,FRANCE,3,78-99,D,ON TIME
1947,153,TUS AIRWAYS,2026-09-29 12:10:00,2026-09-29 12:10:00,PAPHOS,CYPRUS,3,,,NOT FINAL
1948,112,ONE CLICK,2026-09-29 12:10:00,2026-09-29 12:10:00,BATUMI,GEORGIA,3,27-30,A,ON TIME
1949,520,ISRAIR AIRLINES,2026-09-29 12:10:00,2026-09-29 12:10:00,RHODES,GREECE,3,,,NOT FINAL
1950,516,ISRAIR AIRLINES,2026-09-29 12:15:00,2026-09-29 12:15:00,RHODES,GREECE,3,,,NOT FINAL
1951,2363,EMIRATES,2026-09-29 12:20:00,2026-09-29 12:20:00,DUBAI,UNITED ARAB EMIRATES,3,,,NOT FINAL
1952,1211,FLYDUBAI,2026-09-29 12:20:00,2026-09-29 12:20:00,DUBAI,UNITED ARAB EMIRATES,3,,,NOT FINAL
1953,808,ARKIA  ISRAELI  AIRLINES,2026-09-29 12:20:00,2026-09-29 12:20:00,RAMON,ISRAEL,1,,,NOT FINAL
1954,9975,EUROWINGS,2026-09-29 12:30:00,2026-09-29 12:30:00,DUSSELDORF,GERMANY,3,214-217,G,ON TIME
1955,911,ARKIA  ISRAELI  AIRLINES,2026-09-29 12:30:00,2026-09-29 12:30:00,STANSTED,UNITED KINGDOM,3,G1-G17,G,ON TIME
1956,022,AZERBAIJAN AIRLINES,2026-09-29 12:30:00,2026-09-29 12:30:00,BAKU,AZERBAIJAN,3,,,ON TIME
1957,9951,EL AL ISRAEL AIRLINES,2026-09-29 12:30:00,2026-09-29 12:30:00,BAKU,AZERBAIJAN,3,,,ON TIME
1958,414,ARKIA  ISRAELI  AIRLINES,2026-09-29 12:35:00,2026-09-29 12:35:00,BATUMI,GEORGIA,3,,,NOT FINAL
1959,542,EL AL ISRAEL AIRLINES,2026-09-29 12:35:00,2026-09-29 12:35:00,ATHENS,GREECE,3,,,NOT FINAL
1960,115,ISRAIR AIRLINES,2026-09-29 12:35:00,2026-09-29 12:35:00,LONDON LUTON,UNITED KINGDOM,1,306-315,A,ON TIME
1961,4288,AEGEAN  AIRLINES,2026-09-29 12:40:00,2026-09-29 12:40:00,HERAKLION,GREECE,3,,,NOT FINAL
1962,212,ARKIA  ISRAELI  AIRLINES,2026-09-29 12:40:00,2026-09-29 12:40:00,ATHENS,GREECE,3,,,NOT FINAL
1963,261,ARKIA  ISRAELI  AIRLINES,2026-09-29 12:40:00,2026-09-29 12:40:00,MALAGA,SPAIN,3,G1-G17,G,ON TIME
1964,612,BLUE BIRD AIRWAYS,2026-09-29 12:45:00,2026-09-29 12:45:00,AMSTERDAM,NETHERLANDS,3,36-38,B,ON TIME
1965,105,TUS AIRWAYS,2026-09-29 12:45:00,2026-09-29 12:45:00,LARNACA,CYPRUS,3,223-226,G,ON TIME
1966,924,AEGEAN  AIRLINES,2026-09-29 12:50:00,2026-09-29 12:50:00,ATHENS,GREECE,3,,,NOT FINAL
1967,691,BLUE BIRD AIRWAYS,2026-09-29 12:55:00,2026-09-29 12:55:00,RHODES,GREECE,3,,,NOT FINAL
1968,701,BLUE BIRD AIRWAYS,2026-09-29 12:55:00,2026-09-29 12:55:00,ATHENS,GREECE,3,,,NOT FINAL
1969,574,EL AL ISRAEL AIRLINES,2026-09-29 12:55:00,2026-09-29 12:55:00,BUCHAREST,ROMANIA,3,,,NOT FINAL
1970,9103,TAROM - ROMANIAN AIR TRANSPORT,2026-09-29 12:55:00,2026-09-29 12:55:00,BUCHAREST,ROMANIA,3,,,NOT FINAL
1971,7511,WIZZ AIR MALTA,2026-09-29 12:55:00,2026-09-29 12:55:00,ATHENS,GREECE,1,361-372,D,ON TIME
1972,564,ISRAIR AIRLINES,2026-09-29 13:00:00,2026-09-29 13:00:00,ATHENS,GREECE,3,,,NOT FINAL
1973,5141,EL AL ISRAEL AIRLINES,2026-09-29 13:05:00,2026-09-29 13:05:00,LARNACA,CYPRUS,1,316-327,A,ON TIME
1974,5184,EL AL ISRAEL AIRLINES,2026-09-29 13:05:00,2026-09-29 13:05:00,TIRANA,ALBANIA,3,,,NOT FINAL
1975,5449,EL AL ISRAEL AIRLINES,2026-09-29 13:05:00,2026-09-29 13:05:00,PREVEZA,GREECE,3,78-99,D,ON TIME
1976,694,BLUE BIRD AIRWAYS,2026-09-29 13:10:00,2026-09-29 13:10:00,RHODES,GREECE,3,34-36,B,ON TIME
1977,6670,AIR BALTIC,2026-09-29 13:15:00,2026-09-29 13:15:00,BUDAPEST,HUNGARY,3,,,NOT FINAL
1978,7449,DELTA AIRLINES,2026-09-29 13:15:00,2026-09-29 13:15:00,NEWARK,UNITED STATES,3,78-99,D,ON TIME
1979,023,EL AL ISRAEL AIRLINES,2026-09-29 13:15:00,2026-09-29 13:15:00,NEWARK,UNITED STATES,3,78-99,D,ON TIME
1980,2366,EL AL ISRAEL AIRLINES,2026-09-29 13:15:00,2026-09-29 13:15:00,BUDAPEST,HUNGARY,3,,,NOT FINAL
1981,7874,AERO MEXICO,2026-09-29 13:20:00,2026-09-29 13:20:00,LOS ANGELES,UNITED STATES,3,,,NOT FINAL
1982,7429,DELTA AIRLINES,2026-09-29 13:20:00,2026-09-29 13:20:00,LOS ANGELES,UNITED STATES,3,,,NOT FINAL
1983,152,ARKIA  ISRAELI  AIRLINES,2026-09-29 13:20:00,2026-09-29 13:20:00,PAPHOS,CYPRUS,3,,,NOT FINAL
1984,815,ARKIA  ISRAELI  AIRLINES,2026-09-29 13:20:00,2026-09-29 13:20:00,RAMON,ISRAEL,1,349-354,C,ON TIME
1985,006,EL AL ISRAEL AIRLINES,2026-09-29 13:20:00,2026-09-29 13:20:00,LOS ANGELES,UNITED STATES,3,,,NOT FINAL
1986,114,TUS AIRWAYS,2026-09-29 13:20:00,2026-09-29 13:20:00,LARNACA,CYPRUS,3,,,NOT FINAL
1987,806,ITALIA TRASPORTO AEREO,2026-09-29 13:30:00,2026-09-29 13:30:00,ROME,ITALY,3,,,NOT FINAL
1988,4289,AEGEAN  AIRLINES,2026-09-29 13:30:00,2026-09-29 13:30:00,HERAKLION,GREECE,3,,,ON TIME
1989,704,BLUE BIRD AIRWAYS,2026-09-29 13:30:00,2026-09-29 13:30:00,ATHENS,GREECE,3,45-47,B,ON TIME
1990,552,EL AL ISRAEL AIRLINES,2026-09-29 13:30:00,2026-09-29 13:30:00,SOFIA,BULGARIA,3,,,NOT FINAL
1991,598,ISRAIR AIRLINES,2026-09-29 13:30:00,2026-09-29 13:30:00,PAPHOS,CYPRUS,3,,,NOT FINAL
1992,754,BLUE BIRD AIRWAYS,2026-09-29 13:35:00,2026-09-29 13:35:00,HERAKLION,GREECE,3,49-51,B,ON TIME
1993,2364,EMIRATES,2026-09-29 13:35:00,2026-09-29 13:35:00,DUBAI,UNITED ARAB EMIRATES,3,56-59,C,ON TIME
1994,1212,FLYDUBAI,2026-09-29 13:35:00,2026-09-29 13:35:00,DUBAI,UNITED ARAB EMIRATES,3,56-59,C,ON TIME
1995,801,BLUE BIRD AIRWAYS,2026-09-29 13:40:00,2026-09-29 13:40:00,KOS,GREECE,3,,,NOT FINAL
1996,1213,ARKIA  ISRAELI  AIRLINES,2026-09-29 13:40:00,2026-09-29 13:40:00,ATHENS,GREECE,3,G1-G18,G,ON TIME
1997,121,AZERBAIJAN AIRLINES,2026-09-29 13:40:00,2026-09-29 13:40:00,BAKU,AZERBAIJAN,3,,,NOT FINAL
1998,9958,EL AL ISRAEL AIRLINES,2026-09-29 13:40:00,2026-09-29 13:40:00,BAKU,AZERBAIJAN,3,,,NOT FINAL
1999,5063,EL AL ISRAEL AIRLINES,2026-09-29 13:45:00,2026-09-29 13:45:00,HERAKLION,GREECE,1,316-327,A,ON TIME
2000,5417,EL AL ISRAEL AIRLINES,2026-09-29 13:45:00,2026-09-29 13:45:00,TBILISI,GEORGIA,3,78-99,D,ON TIME
2001,925,AEGEAN  AIRLINES,2026-09-29 13:50:00,2026-09-29 13:50:00,ATHENS,GREECE,3,18-21,A,ON TIME
2002,4979,EMIRATES,2026-09-29 13:50:00,2026-09-29 13:50:00,ATHENS,GREECE,3,18-21,A,ON TIME
2003,262,BLUE BIRD AIRWAYS,2026-09-29 13:55:00,2026-09-29 13:55:00,MUNICH,GERMANY,3,38-40,B,ON TIME
2004,742,BLUE BIRD AIRWAYS,2026-09-29 13:55:00,2026-09-29 13:55:00,HERAKLION,GREECE,3,40-42,B,ON TIME
2005,7436,DELTA AIRLINES,2026-09-29 13:55:00,2026-09-29 13:55:00,BOSTON,UNITED STATES,3,,,NOT FINAL
2006,122,ARKIA  ISRAELI  AIRLINES,2026-09-29 13:55:00,2026-09-29 13:55:00,MYKONOS,GREECE,3,,,NOT FINAL
2007,016,EL AL ISRAEL AIRLINES,2026-09-29 13:55:00,2026-09-29 13:55:00,BOSTON,UNITED STATES,3,,,NOT FINAL
2008,371,EL AL ISRAEL AIRLINES,2026-09-29 13:55:00,2026-09-29 13:55:00,LISBON,PORTUGAL,3,78-99,D,ON TIME
2009,8914,AIR PORTUGAL,2026-09-29 13:55:00,2026-09-29 13:55:00,LISBON,PORTUGAL,3,78-99,D,ON TIME
2010,048,ISRAIR AIRLINES,2026-09-29 13:55:00,2026-09-29 13:55:00,RAMON,ISRAEL,1,,,NOT FINAL
2011,272,BLUE BIRD AIRWAYS,2026-09-29 14:00:00,2026-09-29 14:00:00,BERLIN,GERMANY,3,47-49,B,ON TIME
2012,621,ARKIA  ISRAELI  AIRLINES,2026-09-29 14:00:00,2026-09-29 14:00:00,ZANZIBAR,TANZANIA,3,,,ON TIME
2013,5031,EL AL ISRAEL AIRLINES,2026-09-29 14:00:00,2026-09-29 14:00:00,RHODES,GREECE,1,316-327,A,ON TIME
2014,5156,EL AL ISRAEL AIRLINES,2026-09-29 14:00:00,2026-09-29 14:00:00,VARNA,BULGARIA,3,,,NOT FINAL
2015,593,ISRAIR AIRLINES,2026-09-29 14:00:00,2026-09-29 14:00:00,PAPHOS,CYPRUS,3,201-208,G,ON TIME
2016,581,ISRAIR AIRLINES,2026-09-29 14:05:00,2026-09-29 14:05:00,LARNACA,CYPRUS,3,201-208,G,ON TIME
2017,316,BLUE BIRD AIRWAYS,2026-09-29 14:10:00,2026-09-29 14:10:00,VIENNA,AUSTRIA,3,43-45,B,ON TIME
2018,803,ARKIA  ISRAELI  AIRLINES,2026-09-29 14:10:00,2026-09-29 14:10:00,RAMON,ISRAEL,1,349-354,C,ON TIME
2019,1301,AIR EUROPA,2026-09-29 14:10:00,2026-09-29 14:10:00,MADRID,SPAIN,3,,,NOT FINAL
2020,9075,NEOS,2026-09-29 14:15:00,2026-09-29 14:15:00,BOURGAS,BULGARIA,3,,,NOT FINAL
2021,7858,AEROLINEAS ARGENTINAS S.A.,2026-09-29 14:20:00,2026-09-29 14:20:00,ROME,ITALY,3,,,NOT FINAL
2022,386,EL AL ISRAEL AIRLINES,2026-09-29 14:20:00,2026-09-29 14:20:00,ROME,ITALY,3,,,NOT FINAL
2023,8899,AIR PORTUGAL,2026-09-29 14:20:00,2026-09-29 14:20:00,ROME,ITALY,3,,,NOT FINAL
2024,7442,DELTA AIRLINES,2026-09-29 14:25:00,2026-09-29 14:25:00,NEWARK,UNITED STATES,3,,,NOT FINAL
2025,073,ARKIA  ISRAELI  AIRLINES,2026-09-29 14:25:00,2026-09-29 14:25:00,RHODES,GREECE,1,332-343,B,ON TIME
2026,026,EL AL ISRAEL AIRLINES,2026-09-29 14:25:00,2026-09-29 14:25:00,NEWARK,UNITED STATES,3,,,NOT FINAL
2027,807,ITALIA TRASPORTO AEREO,2026-09-29 14:30:00,2026-09-29 14:30:00,ROME,ITALY,3,7-11,A,ON TIME
2028,252,BLUE BIRD AIRWAYS,2026-09-29 14:30:00,2026-09-29 14:30:00,BARCELONA,SPAIN,3,36-38,B,ON TIME
2029,5233,LUFTHANSA,2026-09-29 14:30:00,2026-09-29 14:30:00,ROME,ITALY,3,7-11,A,ON TIME
2030,2448,EMIRATES,2026-09-29 14:35:00,2026-09-29 14:35:00,DUBAI,UNITED ARAB EMIRATES,3,,,NOT FINAL
2031,418,ETHIOPIAN AIRLINES,2026-09-29 14:35:00,2026-09-29 14:35:00,ADDIS ABABA,ETHIOPIA,3,,,NOT FINAL
2032,1081,FLYDUBAI,2026-09-29 14:35:00,2026-09-29 14:35:00,DUBAI,UNITED ARAB EMIRATES,3,,,NOT FINAL
2033,8808,EL AL ISRAEL AIRLINES,2026-09-29 14:35:00,2026-09-29 14:35:00,ADDIS ABABA,ETHIOPIA,3,,,NOT FINAL
2034,079,AUSTRIAN AIRLINES,2026-09-29 14:35:00,2026-09-29 14:35:00,VIENNA,AUSTRIA,3,,,NOT FINAL
2035,5301,WIZZ UK,2026-09-29 14:35:00,2026-09-29 14:35:00,LONDON LUTON,UNITED KINGDOM,3,,,NOT FINAL
2036,122,AZERBAIJAN AIRLINES,2026-09-29 14:40:00,2026-09-29 14:40:00,BAKU,AZERBAIJAN,3,71-74,C,ON TIME
2037,5051,EL AL ISRAEL AIRLINES,2026-09-29 14:40:00,2026-09-29 14:40:00,SANTORINI,GREECE,1,316-327,A,ON TIME
2038,9957,EL AL ISRAEL AIRLINES,2026-09-29 14:40:00,2026-09-29 14:40:00,BAKU,AZERBAIJAN,3,71-74,C,ON TIME
2039,132,TUS AIRWAYS,2026-09-29 14:40:00,2026-09-29 14:40:00,ROME,ITALY,3,218-226,G,ON TIME
2040,393,ISRAIR AIRLINES,2026-09-29 14:40:00,2026-09-29 14:40:00,BASEL,SWITZERLAND,3,201-208,G,ON TIME
2041,966,AIR FRANCE,2026-09-29 14:45:00,2026-09-29 14:45:00,PARIS,FRANCE,3,,,NOT FINAL
2042,154,BLUE BIRD AIRWAYS,2026-09-29 14:45:00,2026-09-29 14:45:00,BERGAMO,ITALY,3,34-36,B,ON TIME
2043,9842,EL AL ISRAEL AIRLINES,2026-09-29 14:45:00,2026-09-29 14:45:00,PARIS,FRANCE,3,,,NOT FINAL
2044,890,ISRAIR AIRLINES,2026-09-29 14:45:00,2026-09-29 14:45:00,BATUMI,GEORGIA,3,,,NOT FINAL
2045,6170,AIR FRANCE,2026-09-29 14:50:00,2026-09-29 14:50:00,MARSEILLE,FRANCE,3,,,NOT FINAL
2046,093,ARKIA  ISRAELI  AIRLINES,2026-09-29 14:50:00,2026-09-29 14:50:00,HERAKLION,GREECE,1,332-343,B,ON TIME
2047,322,EL AL ISRAEL AIRLINES,2026-09-29 14:50:00,2026-09-29 14:50:00,MARSEILLE,FRANCE,3,,,NOT FINAL
2048,110,CYPRUS AIRWAYS,2026-09-29 14:55:00,2026-09-29 14:55:00,LARNACA,CYPRUS,3,,,NOT FINAL
2049,092,ARKIA  ISRAELI  AIRLINES,2026-09-29 14:55:00,2026-09-29 14:55:00,HERAKLION,GREECE,3,,,NOT FINAL
2050,2550,ARKIA  ISRAELI  AIRLINES,2026-09-29 14:55:00,2026-09-29 14:55:00,VILNIUS,LITHUANIA,3,,,NOT FINAL
2051,355,EL AL ISRAEL AIRLINES,2026-09-29 14:55:00,2026-09-29 14:55:00,FRANKFURT,GERMANY,3,78-99,D,ON TIME
2052,3179,SAS,2026-09-29 14:55:00,2026-09-29 14:55:00,FRANKFURT,GERMANY,3,78-99,D,ON TIME
2053,462,TUS AIRWAYS,2026-09-29 14:55:00,2026-09-29 14:55:00,PRAGUE,CZECH REPUBLIC,3,218-226,G,ON TIME
2054,6684,AIR BALTIC,2026-09-29 15:00:00,2026-09-29 15:00:00,MUNICH,GERMANY,3,,,NOT FINAL
2055,411,ARKIA  ISRAELI  AIRLINES,2026-09-29 15:00:00,2026-09-29 15:00:00,TIRANA,ALBANIA,1,332-343,B,ON TIME
2056,354,EL AL ISRAEL AIRLINES,2026-09-29 15:00:00,2026-09-29 15:00:00,MUNICH,GERMANY,3,,,NOT FINAL
2057,045,ISRAIR AIRLINES,2026-09-29 15:00:00,2026-09-29 15:00:00,RAMON,ISRAEL,1,355-360,C,ON TIME
2058,594,ETIHAD AIRWAYS,2026-09-29 15:05:00,2026-09-29 15:05:00,ABU DHABI,UNITED ARAB EMIRATES,3,60-70,C,ON TIME
2059,525,ARKIA  ISRAELI  AIRLINES,2026-09-29 15:05:00,2026-09-29 15:05:00,BASEL,SWITZERLAND,3,G1-G17,G,ON TIME
2060,9601,EL AL ISRAEL AIRLINES,2026-09-29 15:05:00,2026-09-29 15:05:00,ABU DHABI,UNITED ARAB EMIRATES,3,60-70,C,ON TIME
2061,4999,CHINA EASTERN AIRLINES Co. Ltd,2026-09-29 15:05:00,2026-09-29 15:05:00,ABU DHABI,UNITED ARAB EMIRATES,3,60-70,C,ON TIME
2062,2594,SRILANKA AIRLINES,2026-09-29 15:05:00,2026-09-29 15:05:00,ABU DHABI,UNITED ARAB EMIRATES,3,60-70,C,ON TIME
2063,178,ISRAIR AIRLINES,2026-09-29 15:05:00,2026-09-29 15:05:00,TIVAT,MONTENEGRO,3,,,NOT FINAL
2064,169,ISRAIR AIRLINES,2026-09-29 15:10:00,2026-09-29 15:10:00,TIRANA,ALBANIA,1,306-315,A,ON TIME
2065,588,ISRAIR AIRLINES,2026-09-29 15:10:00,2026-09-29 15:10:00,LARNACA,CYPRUS,3,,,NOT FINAL
2066,608,ETIHAD AIRWAYS,2026-09-29 15:15:00,2026-09-29 15:15:00,ABU DHABI,UNITED ARAB EMIRATES,3,60-70,C,ON TIME
2067,9615,EL AL ISRAEL AIRLINES,2026-09-29 15:15:00,2026-09-29 15:15:00,ABU DHABI,UNITED ARAB EMIRATES,3,60-70,C,ON TIME
2068,095,ARKIA  ISRAELI  AIRLINES,2026-09-29 15:25:00,2026-09-29 15:25:00,HERAKLION,GREECE,3,G1-G17,G,ON TIME
2069,338,ARKIA  ISRAELI  AIRLINES,2026-09-29 15:25:00,2026-09-29 15:25:00,MILAN,ITALY,3,,,NOT FINAL
2070,686,LUFTHANSA,2026-09-29 15:25:00,2026-09-29 15:25:00,FRANKFURT,GERMANY,3,,,NOT FINAL
2071,728,ISRAIR AIRLINES,2026-09-29 15:25:00,2026-09-29 15:25:00,BUDAPEST,HUNGARY,3,,,NOT FINAL
2072,281,EL AL ISRAEL AIRLINES,2026-09-29 15:30:00,2026-09-29 15:30:00,MILAN,ITALY,3,78-99,D,ON TIME
2073,080,AUSTRIAN AIRLINES,2026-09-29 15:30:00,2026-09-29 15:30:00,VIENNA,AUSTRIA,3,25-33,A,ON TIME
2074,3183,SAS,2026-09-29 15:30:00,2026-09-29 15:30:00,MILAN,ITALY,3,78-99,D,ON TIME
2075,5302,WIZZ UK,2026-09-29 15:30:00,2026-09-29 15:30:00,LONDON LUTON,UNITED KINGDOM,3,213-217,G,ON TIME
2076,534,ISRAIR AIRLINES,2026-09-29 15:35:00,2026-09-29 15:35:00,CORFU,GREECE,3,,,NOT FINAL
2077,6174,AIR FRANCE,2026-09-29 15:40:00,2026-09-29 15:40:00,NICE,FRANCE,3,,,NOT FINAL
2078,419,ETHIOPIAN AIRLINES,2026-09-29 15:40:00,2026-09-29 15:40:00,ADDIS ABABA,ETHIOPIA,3,50-55,B,ON TIME
2079,224,EL AL ISRAEL AIRLINES,2026-09-29 15:40:00,2026-09-29 15:40:00,NICE,FRANCE,3,,,NOT FINAL
2080,2522,EL AL ISRAEL AIRLINES,2026-09-29 15:40:00,2026-09-29 15:40:00,PRAGUE,CZECH REPUBLIC,3,,,NOT FINAL
2081,8809,EL AL ISRAEL AIRLINES,2026-09-29 15:40:00,2026-09-29 15:40:00,ADDIS ABABA,ETHIOPIA,3,50-55,B,ON TIME
2082,9031,NEOS,2026-09-29 15:40:00,2026-09-29 15:40:00,LISBON,PORTUGAL,3,2-5,A,ON TIME
2083,351,EL AL ISRAEL AIRLINES,2026-09-29 15:45:00,2026-09-29 15:45:00,MUNICH,GERMANY,3,78-99,D,ON TIME
2084,3173,SAS,2026-09-29 15:45:00,2026-09-29 15:45:00,MUNICH,GERMANY,3,78-99,D,ON TIME
2085,114,TUS AIRWAYS,2026-09-29 15:45:00,2026-09-29 15:45:00,LARNACA,CYPRUS,3,218-226,G,ON TIME
2086,714,ISRAIR AIRLINES,2026-09-29 15:45:00,2026-09-29 15:45:00,VARNA,BULGARIA,3,,,NOT FINAL
2087,6690,AIR BALTIC,2026-09-29 15:50:00,2026-09-29 15:50:00,BERLIN,GERMANY,3,,,NOT FINAL
2088,2449,EMIRATES,2026-09-29 15:50:00,2026-09-29 15:50:00,DUBAI,UNITED ARAB EMIRATES,3,56-59,C,ON TIME
2089,448,ETHIOPIAN AIRLINES,2026-09-29 15:50:00,2026-09-29 15:50:00,ADDIS ABABA,ETHIOPIA,3,,,NOT FINAL
2090,1082,FLYDUBAI,2026-09-29 15:50:00,2026-09-29 15:50:00,DUBAI,UNITED ARAB EMIRATES,3,56-59,C,ON TIME
2091,816,ARKIA  ISRAELI  AIRLINES,2026-09-29 15:50:00,2026-09-29 15:50:00,RAMON,ISRAEL,1,,,NOT FINAL
2092,2372,EL AL ISRAEL AIRLINES,2026-09-29 15:50:00,2026-09-29 15:50:00,BERLIN,GERMANY,3,,,NOT FINAL
2093,3156,SAS,2026-09-29 15:50:00,2026-09-29 15:50:00,BERLIN,GERMANY,3,,,NOT FINAL
2094,3263,WIZZ AIR MALTA,2026-09-29 15:50:00,2026-09-29 15:50:00,BUCHAREST,ROMANIA,3,,,NOT FINAL
2095,111,CYPRUS AIRWAYS,2026-09-29 15:55:00,2026-09-29 15:55:00,LARNACA,CYPRUS,3,210-212,G,ON TIME
2096,106,TUS AIRWAYS,2026-09-29 15:55:00,2026-09-29 15:55:00,LARNACA,CYPRUS,3,,,NOT FINAL
2097,7713,IBERIA,2026-09-29 16:00:00,2026-09-29 16:00:00,BARCELONA,SPAIN,3,,,NOT FINAL
2098,079,ARKIA  ISRAELI  AIRLINES,2026-09-29 16:00:00,2026-09-29 16:00:00,RHODES,GREECE,3,,,ON TIME
2099,680,LUFTHANSA,2026-09-29 16:00:00,2026-09-29 16:00:00,MUNICH,GERMANY,3,,,NOT FINAL
2100,394,EL AL ISRAEL AIRLINES,2026-09-29 16:00:00,2026-09-29 16:00:00,BARCELONA,SPAIN,3,,,NOT FINAL
2101,3452,TRANSAVIA FRANCE,2026-09-29 16:00:00,2026-09-29 16:00:00,PARIS,FRANCE,3,,,NOT FINAL
2102,1302,AIR EUROPA,2026-09-29 16:05:00,2026-09-29 16:05:00,MADRID,SPAIN,3,18-23,A,ON TIME
2103,7851,AERO MEXICO,2026-09-29 16:10:00,2026-09-29 16:10:00,AMSTERDAM,NETHERLANDS,3,78-99,D,ON TIME
2104,053,ARKIA  ISRAELI  AIRLINES,2026-09-29 16:10:00,2026-09-29 16:10:00,CORFU,GREECE,3,G1-G17,G,ON TIME
2105,2475,K.L.M.,2026-09-29 16:10:00,2026-09-29 16:10:00,AMSTERDAM,NETHERLANDS,3,78-99,D,ON TIME
2106,5252,LOT POLISH AIRLINES,2026-09-29 16:10:00,2026-09-29 16:10:00,WARSAW,POLAND,3,,,NOT FINAL
2107,5256,LOT POLISH AIRLINES,2026-09-29 16:10:00,2026-09-29 16:10:00,WARSAW,POLAND,3,,,NOT FINAL
2108,313,EL AL ISRAEL AIRLINES,2026-09-29 16:10:00,2026-09-29 16:10:00,LONDON LUTON,UNITED KINGDOM,3,78-99,D,ON TIME
2109,339,EL AL ISRAEL AIRLINES,2026-09-29 16:10:00,2026-09-29 16:10:00,AMSTERDAM,NETHERLANDS,3,78-99,D,ON TIME
2110,5102,EL AL ISRAEL AIRLINES,2026-09-29 16:10:00,2026-09-29 16:10:00,WARSAW,POLAND,3,,,NOT FINAL
2111,3151,SAS,2026-09-29 16:10:00,2026-09-29 16:10:00,AMSTERDAM,NETHERLANDS,3,78-99,D,ON TIME
2112,2450,EMIRATES,2026-09-29 16:15:00,2026-09-29 16:15:00,DUBAI,UNITED ARAB EMIRATES,3,,,NOT FINAL
2113,1625,FLYDUBAI,2026-09-29 16:15:00,2026-09-29 16:15:00,DUBAI,UNITED ARAB EMIRATES,3,,,NOT FINAL
2114,2360,EL AL ISRAEL AIRLINES,2026-09-29 16:15:00,2026-09-29 16:15:00,BUDAPEST,HUNGARY,3,,,NOT FINAL
2115,5519,AIR CANADA,2026-09-29 16:20:00,2026-09-29 16:20:00,NEWARK,UNITED STATES,3,,,NOT FINAL
2116,090,UNITED AIRLINES,2026-09-29 16:20:00,2026-09-29 16:20:00,NEWARK,UNITED STATES,3,,,NOT FINAL
2117,7859,AERO MEXICO,2026-09-29 16:25:00,2026-09-29 16:25:00,MADRID,SPAIN,3,,,NOT FINAL
2118,7854,AEROLINEAS ARGENTINAS S.A.,2026-09-29 16:25:00,2026-09-29 16:25:00,MADRID,SPAIN,3,,,NOT FINAL
2119,7715,IBERIA,2026-09-29 16:25:00,2026-09-29 16:25:00,MADRID,SPAIN,3,,,NOT FINAL
2120,312,EL AL ISRAEL AIRLINES,2026-09-29 16:25:00,2026-09-29 16:25:00,LONDON LUTON,UNITED KINGDOM,3,,,NOT FINAL
2121,396,EL AL ISRAEL AIRLINES,2026-09-29 16:25:00,2026-09-29 16:25:00,MADRID,SPAIN,3,,,NOT FINAL
2122,5142,EL AL ISRAEL AIRLINES,2026-09-29 16:25:00,2026-09-29 16:25:00,LARNACA,CYPRUS,3,,,NOT FINAL
2123,151,ISRAIR AIRLINES,2026-09-29 16:25:00,2026-09-29 16:25:00,MALAGA,SPAIN,1,306-315,A,ON TIME
2124,963,AIR FRANCE,2026-09-29 16:30:00,2026-09-29 16:30:00,PARIS,FRANCE,3,12-17,A,ON TIME
2125,687,LUFTHANSA,2026-09-29 16:30:00,2026-09-29 16:30:00,FRANKFURT,GERMANY,3,24-33,A,ON TIME
2126,9843,EL AL ISRAEL AIRLINES,2026-09-29 16:30:00,2026-09-29 16:30:00,PARIS,FRANCE,3,12-17,A,ON TIME
2127,573,ISRAIR AIRLINES,2026-09-29 16:35:00,2026-09-29 16:35:00,THESSALONIKI,GREECE,1,306-315,A,ON TIME
2128,7068,AIR FRANCE,2026-09-29 16:40:00,2026-09-29 16:40:00,PARIS,FRANCE,3,,,NOT FINAL
2129,7898,AERO MEXICO,2026-09-29 16:40:00,2026-09-29 16:40:00,PARIS,FRANCE,3,,,NOT FINAL
2130,320,EL AL ISRAEL AIRLINES,2026-09-29 16:40:00,2026-09-29 16:40:00,PARIS,FRANCE,3,,,NOT FINAL
2131,343,EL AL ISRAEL AIRLINES,2026-09-29 16:40:00,2026-09-29 16:40:00,ZURICH,SWITZERLAND,3,78-99,D,ON TIME
2132,382,EL AL ISRAEL AIRLINES,2026-09-29 16:40:00,2026-09-29 16:40:00,MILAN,ITALY,3,,,NOT FINAL
2133,3162,SAS,2026-09-29 16:40:00,2026-09-29 16:40:00,PARIS,FRANCE,3,,,NOT FINAL
2134,3184,SAS,2026-09-29 16:40:00,2026-09-29 16:40:00,MILAN,ITALY,3,,,NOT FINAL
2135,3191,SAS,2026-09-29 16:40:00,2026-09-29 16:40:00,ZURICH,SWITZERLAND,3,78-99,D,ON TIME
2136,347,ISRAIR AIRLINES,2026-09-29 16:40:00,2026-09-29 16:40:00,ROME,ITALY,3,201-208,G,ON TIME
2137,3264,WIZZ AIR MALTA,2026-09-29 16:45:00,2026-09-29 16:45:00,BUCHAREST,ROMANIA,1,361-372,D,ON TIME
2138,248,ISRAIR AIRLINES,2026-09-29 16:45:00,2026-09-29 16:45:00,SALZBURG,AUSTRIA,3,,,NOT FINAL
2139,884,ISRAIR AIRLINES,2026-09-29 16:45:00,2026-09-29 16:45:00,BATUMI,GEORGIA,3,,,NOT FINAL
2140,449,ETHIOPIAN AIRLINES,2026-09-29 16:50:00,2026-09-29 16:50:00,ADDIS ABABA,ETHIOPIA,3,7-11,A,ON TIME
2141,597,ETIHAD AIRWAYS,2026-09-29 16:50:00,2026-09-29 16:50:00,ABU DHABI,UNITED ARAB EMIRATES,3,,,NOT FINAL
2142,821,ARKIA  ISRAELI  AIRLINES,2026-09-29 16:50:00,2026-09-29 16:50:00,RAMON,ISRAEL,1,349-354,C,ON TIME
2143,9605,EL AL ISRAEL AIRLINES,2026-09-29 16:50:00,2026-09-29 16:50:00,ABU DHABI,UNITED ARAB EMIRATES,3,,,NOT FINAL
2144,7865,AERO MEXICO,2026-09-29 16:55:00,2026-09-29 16:55:00,NEW YORK,UNITED STATES,3,78-99,D,ON TIME
2145,7432,DELTA AIRLINES,2026-09-29 16:55:00,2026-09-29 16:55:00,NEW YORK,UNITED STATES,3,78-99,D,ON TIME
2146,011,EL AL ISRAEL AIRLINES,2026-09-29 16:55:00,2026-09-29 16:55:00,NEW YORK,UNITED STATES,3,78-99,D,ON TIME
2147,375,EL AL ISRAEL AIRLINES,2026-09-29 16:55:00,2026-09-29 16:55:00,LISBON,PORTUGAL,3,78-99,D,ON TIME
2148,8920,AIR PORTUGAL,2026-09-29 16:55:00,2026-09-29 16:55:00,LISBON,PORTUGAL,3,78-99,D,ON TIME
2149,7877,AERO MEXICO,2026-09-29 17:00:00,2026-09-29 17:00:00,LONDON,UNITED KINGDOM,3,78-99,D,ON TIME
2150,1223,ARKIA  ISRAELI  AIRLINES,2026-09-29 17:00:00,2026-09-29 17:00:00,THESSALONIKI,GREECE,3,,,ON TIME
2151,252,SWISS INT`L  AIRLINES,2026-09-29 17:00:00,2026-09-29 17:00:00,ZURICH,SWITZERLAND,3,,,NOT FINAL
2152,317,EL AL ISRAEL AIRLINES,2026-09-29 17:00:00,2026-09-29 17:00:00,LONDON,UNITED KINGDOM,3,78-99,D,ON TIME
2153,348,EL AL ISRAEL AIRLINES,2026-09-29 17:00:00,2026-09-29 17:00:00,ZURICH,SWITZERLAND,3,,,NOT FINAL
2154,3188,SAS,2026-09-29 17:00:00,2026-09-29 17:00:00,ZURICH,SWITZERLAND,3,,,NOT FINAL
2155,3453,TRANSAVIA FRANCE,2026-09-29 17:00:00,2026-09-29 17:00:00,PARIS,FRANCE,1,345-348,B,ON TIME
2156,7495,VIRGIN ATLANTIC AIRWAYS,2026-09-29 17:00:00,2026-09-29 17:00:00,LONDON,UNITED KINGDOM,3,78-99,D,ON TIME
2157,681,LUFTHANSA,2026-09-29 17:05:00,2026-09-29 17:05:00,MUNICH,GERMANY,3,24-33,A,ON TIME
2158,7071,AIR FRANCE,2026-09-29 17:10:00,2026-09-29 17:10:00,PARIS,FRANCE,3,78-99,D,ON TIME
2159,7853,AERO MEXICO,2026-09-29 17:10:00,2026-09-29 17:10:00,PARIS,FRANCE,3,78-99,D,ON TIME
2160,7856,AERO MEXICO,2026-09-29 17:10:00,2026-09-29 17:10:00,NEW YORK,UNITED STATES,3,,,NOT FINAL
2161,7431,DELTA AIRLINES,2026-09-29 17:10:00,2026-09-29 17:10:00,NEW YORK,UNITED STATES,3,,,NOT FINAL
2162,008,EL AL ISRAEL AIRLINES,2026-09-29 17:10:00,2026-09-29 17:10:00,NEW YORK,UNITED STATES,3,,,NOT FINAL
2163,325,EL AL ISRAEL AIRLINES,2026-09-29 17:10:00,2026-09-29 17:10:00,PARIS,FRANCE,3,78-99,D,ON TIME
2164,594,ISRAIR AIRLINES,2026-09-29 17:10:00,2026-09-29 17:10:00,PAPHOS,CYPRUS,3,,,NOT FINAL
2165,7866,AERO MEXICO,2026-09-29 17:15:00,2026-09-29 17:15:00,MADRID,SPAIN,3,78-99,D,ON TIME
2166,7855,AEROLINEAS ARGENTINAS S.A.,2026-09-29 17:15:00,2026-09-29 17:15:00,MADRID,SPAIN,3,78-99,D,ON TIME
2167,7716,IBERIA,2026-09-29 17:15:00,2026-09-29 17:15:00,MADRID,SPAIN,3,78-99,D,ON TIME
2168,397,EL AL ISRAEL AIRLINES,2026-09-29 17:15:00,2026-09-29 17:15:00,MADRID,SPAIN,3,78-99,D,ON TIME
2169,5412,EL AL ISRAEL AIRLINES,2026-09-29 17:15:00,2026-09-29 17:15:00,COPENHAGEN,DENMARK,3,,,NOT FINAL
2170,582,ISRAIR AIRLINES,2026-09-29 17:15:00,2026-09-29 17:15:00,LARNACA,CYPRUS,3,,,NOT FINAL
2171,696,BLUE BIRD AIRWAYS,2026-09-29 17:20:00,2026-09-29 17:20:00,RHODES,GREECE,3,34-36,B,ON TIME
2172,286,EL AL ISRAEL AIRLINES,2026-09-29 17:20:00,2026-09-29 17:20:00,ROME,ITALY,3,,,NOT FINAL
2173,3172,SAS,2026-09-29 17:20:00,2026-09-29 17:20:00,ROME,ITALY,3,,,NOT FINAL
2174,751,ISRAIR AIRLINES,2026-09-29 17:20:00,2026-09-29 17:20:00,LJUBLJANA,SLOVENIA,1,306-315,A,ON TIME
2175,2451,EMIRATES,2026-09-29 17:25:00,2026-09-29 17:25:00,DUBAI,UNITED ARAB EMIRATES,3,56-59,C,ON TIME
2176,1626,FLYDUBAI,2026-09-29 17:25:00,2026-09-29 17:25:00,DUBAI,UNITED ARAB EMIRATES,3,56-59,C,ON TIME
2177,3458,TRANSAVIA FRANCE,2026-09-29 17:25:00,2026-09-29 17:25:00,PARIS,FRANCE,3,,,NOT FINAL
2178,253,EL AL ISRAEL AIRLINES,2026-09-29 17:30:00,2026-09-29 17:30:00,MUNICH,GERMANY,3,78-99,D,ON TIME
2179,363,EL AL ISRAEL AIRLINES,2026-09-29 17:30:00,2026-09-29 17:30:00,VIENNA,AUSTRIA,3,78-99,D,ON TIME
2180,545,EL AL ISRAEL AIRLINES,2026-09-29 17:35:00,2026-09-29 17:35:00,ATHENS,GREECE,3,78-99,D,ON TIME
2181,1284,SMARTWINGS,2026-09-29 17:35:00,2026-09-29 17:35:00,PRAGUE,CZECH REPUBLIC,3,,,NOT FINAL
2182,346,ISRAIR AIRLINES,2026-09-29 17:35:00,2026-09-29 17:35:00,NAPLES,ITALY,3,,,NOT FINAL
2183,3470,TRANSAVIA FRANCE,2026-09-29 17:40:00,2026-09-29 17:40:00,MARSEILLE,FRANCE,3,,,NOT FINAL
2184,351,ISRAIR AIRLINES,2026-09-29 17:40:00,2026-09-29 17:40:00,VERONA,ITALY,1,306-315,A,ON TIME
2185,7710,IBERIA,2026-09-29 17:45:00,2026-09-29 17:45:00,BARCELONA,SPAIN,3,78-99,D,ON TIME
2186,391,EL AL ISRAEL AIRLINES,2026-09-29 17:45:00,2026-09-29 17:45:00,BARCELONA,SPAIN,3,78-99,D,ON TIME
2187,046,ISRAIR AIRLINES,2026-09-29 17:45:00,2026-09-29 17:45:00,RAMON,ISRAEL,1,,,NOT FINAL
2188,6678,AIR BALTIC,2026-09-29 17:50:00,2026-09-29 17:50:00,AMSTERDAM,NETHERLANDS,3,,,NOT FINAL
2189,2472,K.L.M.,2026-09-29 17:50:00,2026-09-29 17:50:00,AMSTERDAM,NETHERLANDS,3,,,NOT FINAL
2190,338,EL AL ISRAEL AIRLINES,2026-09-29 17:50:00,2026-09-29 17:50:00,AMSTERDAM,NETHERLANDS,3,,,NOT FINAL
2191,3150,SAS,2026-09-29 17:50:00,2026-09-29 17:50:00,AMSTERDAM,NETHERLANDS,3,,,NOT FINAL
2192,2523,EL AL ISRAEL AIRLINES,2026-09-29 17:55:00,2026-09-29 17:55:00,PRAGUE,CZECH REPUBLIC,3,78-99,D,ON TIME
2193,2327,WIZZAIR,2026-09-29 17:55:00,2026-09-29 17:55:00,BUDAPEST,HUNGARY,3,,,NOT FINAL
2194,7859,AEROLINEAS ARGENTINAS S.A.,2026-09-29 18:00:00,2026-09-29 18:00:00,ROME,ITALY,3,78-99,D,ON TIME
2195,271,ARKIA  ISRAELI  AIRLINES,2026-09-29 18:00:00,2026-09-29 18:00:00,BARCELONA,SPAIN,3,G1-G10,G,ON TIME
2196,289,EL AL ISRAEL AIRLINES,2026-09-29 18:00:00,2026-09-29 18:00:00,VENICE,ITALY,3,78-99,D,ON TIME
2197,383,EL AL ISRAEL AIRLINES,2026-09-29 18:00:00,2026-09-29 18:00:00,ROME,ITALY,3,78-99,D,ON TIME
2198,3169,SAS,2026-09-29 18:00:00,2026-09-29 18:00:00,ROME,ITALY,3,78-99,D,ON TIME
2199,3460,TRANSAVIA FRANCE,2026-09-29 18:00:00,2026-09-29 18:00:00,LYON,FRANCE,3,,,NOT FINAL
2200,8900,AIR PORTUGAL,2026-09-29 18:00:00,2026-09-29 18:00:00,ROME,ITALY,3,78-99,D,ON TIME
2201,6403,WIZZ AIR MALTA,2026-09-29 18:00:00,2026-09-29 18:00:00,MILAN,ITALY,3,,,NOT FINAL
2202,417,ARKIA  ISRAELI  AIRLINES,2026-09-29 18:10:00,2026-09-29 18:10:00,TBILISI,GEORGIA,1,332-336,B,ON TIME
2203,2470,EMIRATES,2026-09-29 18:15:00,2026-09-29 18:15:00,DUBAI,UNITED ARAB EMIRATES,3,,,NOT FINAL
2204,1125,FLYDUBAI,2026-09-29 18:15:00,2026-09-29 18:15:00,DUBAI,UNITED ARAB EMIRATES,3,,,NOT FINAL
2205,605,ARKIA  ISRAELI  AIRLINES,2026-09-29 18:15:00,2026-09-29 18:15:00,DUBAI,UNITED ARAB EMIRATES,3,G1-G10,G,ON TIME
2206,5251,LOT POLISH AIRLINES,2026-09-29 18:15:00,2026-09-29 18:15:00,KRAKOW,POLAND,3,78-99,D,ON TIME
2207,253,SWISS INT`L  AIRLINES,2026-09-29 18:15:00,2026-09-29 18:15:00,ZURICH,SWITZERLAND,3,24-33,A,ON TIME
2208,5119,EL AL ISRAEL AIRLINES,2026-09-29 18:15:00,2026-09-29 18:15:00,KRAKOW,POLAND,3,78-99,D,ON TIME
2209,6175,AIR FRANCE,2026-09-29 18:20:00,2026-09-29 18:20:00,PARIS,FRANCE,3,,,NOT FINAL
2210,7855,AERO MEXICO,2026-09-29 18:20:00,2026-09-29 18:20:00,PARIS,FRANCE,3,,,NOT FINAL
2211,442,BLUE BIRD AIRWAYS,2026-09-29 18:20:00,2026-09-29 18:20:00,BUDAPEST,HUNGARY,3,36-38,B,ON TIME
2212,222,EL AL ISRAEL AIRLINES,2026-09-29 18:20:00,2026-09-29 18:20:00,PARIS,FRANCE,3,,,NOT FINAL
2213,3196,SAS,2026-09-29 18:20:00,2026-09-29 18:20:00,PARIS,FRANCE,3,,,NOT FINAL
2214,074,ARKIA  ISRAELI  AIRLINES,2026-09-29 18:25:00,2026-09-29 18:25:00,RHODES,GREECE,3,,,NOT FINAL
2215,5032,EL AL ISRAEL AIRLINES,2026-09-29 18:25:00,2026-09-29 18:25:00,RHODES,GREECE,3,,,NOT FINAL
2216,1285,SMARTWINGS,2026-09-29 18:25:00,2026-09-29 18:25:00,PRAGUE,CZECH REPUBLIC,3,44-47,B,ON TIME
2217,3459,TRANSAVIA FRANCE,2026-09-29 18:25:00,2026-09-29 18:25:00,PARIS,FRANCE,1,342-345,B,ON TIME
2218,741,BLUE BIRD AIRWAYS,2026-09-29 18:30:00,2026-09-29 18:30:00,HERAKLION,GREECE,3,,,NOT FINAL
2219,387,EL AL ISRAEL AIRLINES,2026-09-29 18:30:00,2026-09-29 18:30:00,MILAN,ITALY,3,78-99,D,ON TIME
2220,5064,EL AL ISRAEL AIRLINES,2026-09-29 18:30:00,2026-09-29 18:30:00,HERAKLION,GREECE,3,,,NOT FINAL
2221,571,EL AL ISRAEL AIRLINES,2026-09-29 18:30:00,2026-09-29 18:30:00,BUCHAREST,ROMANIA,3,78-99,D,ON TIME
2222,9100,TAROM - ROMANIAN AIR TRANSPORT,2026-09-29 18:30:00,2026-09-29 18:30:00,BUCHAREST,ROMANIA,3,78-99,D,ON TIME
2223,8912,AIR PORTUGAL,2026-09-29 18:30:00,2026-09-29 18:30:00,MILAN,ITALY,3,78-99,D,ON TIME
2224,5509,FLYONE,2026-09-29 18:30:00,2026-09-29 18:30:00,CHISINAU,MOLDOVA,3,,,NOT FINAL
2225,945,ISRAIR AIRLINES,2026-09-29 18:30:00,2026-09-29 18:30:00,PAPHOS,CYPRUS,3,201-210,G,ON TIME
2226,224,ARKIA  ISRAELI  AIRLINES,2026-09-29 18:35:00,2026-09-29 18:35:00,THESSALONIKI,GREECE,3,,,NOT FINAL
2227,703,BLUE BIRD AIRWAYS,2026-09-29 18:40:00,2026-09-29 18:40:00,ATHENS,GREECE,3,,,NOT FINAL
2228,3471,TRANSAVIA FRANCE,2026-09-29 18:40:00,2026-09-29 18:40:00,MARSEILLE,FRANCE,1,339-342,B,ON TIME
2229,061,ISRAIR AIRLINES,2026-09-29 18:40:00,2026-09-29 18:40:00,MARRAKESH,MOROCCO,3,201-210,G,ON TIME
2230,517,ISRAIR AIRLINES,2026-09-29 18:40:00,2026-09-29 18:40:00,RHODES,GREECE,3,201-210,G,ON TIME
2231,303,UZBEKISTAN AIR,2026-09-29 18:45:00,2026-09-29 18:45:00,TASHKENT,UZBEKISTAN,3,,,NOT FINAL
2232,5468,EL AL ISRAEL AIRLINES,2026-09-29 18:45:00,2026-09-29 18:45:00,TIVAT,MONTENEGRO,3,,,NOT FINAL
2233,055,ISRAIR AIRLINES,2026-09-29 18:45:00,2026-09-29 18:45:00,RAMON,ISRAEL,1,355-360,C,ON TIME
2234,2328,WIZZAIR,2026-09-29 18:50:00,2026-09-29 18:50:00,BUDAPEST,HUNGARY,1,361-372,D,ON TIME
2235,6404,WIZZ AIR MALTA,2026-09-29 18:55:00,2026-09-29 18:55:00,MILAN,ITALY,1,361-372,D,ON TIME
2236,724,ISRAIR AIRLINES,2026-09-29 18:55:00,2026-09-29 18:55:00,BUDAPEST,HUNGARY,3,,,NOT FINAL
2237,926,AEGEAN  AIRLINES,2026-09-29 19:00:00,2026-09-29 19:00:00,ATHENS,GREECE,3,,,NOT FINAL
2238,753,BLUE BIRD AIRWAYS,2026-09-29 19:00:00,2026-09-29 19:00:00,HERAKLION,GREECE,3,,,NOT FINAL
2239,4976,EMIRATES,2026-09-29 19:00:00,2026-09-29 19:00:00,ATHENS,GREECE,3,,,NOT FINAL
2240,7620,AIR SERBIA,2026-09-29 19:00:00,2026-09-29 19:00:00,ATHENS,GREECE,3,,,NOT FINAL
2241,517,SKY UP NISTRU,2026-09-29 19:00:00,2026-09-29 19:00:00,CHISINAU,MOLDOVA,3,,,NOT FINAL
2242,823,ISRAIR AIRLINES,2026-09-29 19:00:00,2026-09-29 19:00:00,VILNIUS,LITHUANIA,1,306-315,A,ON TIME
2243,3461,TRANSAVIA FRANCE,2026-09-29 19:10:00,2026-09-29 19:10:00,LYON,FRANCE,1,345-348,B,ON TIME
2244,5450,EL AL ISRAEL AIRLINES,2026-09-29 19:15:00,2026-09-29 19:15:00,PREVEZA,GREECE,3,,,NOT FINAL
2245,733,BLUE BIRD AIRWAYS,2026-09-29 19:20:00,2026-09-29 19:20:00,HERAKLION,GREECE,3,,,NOT FINAL
2246,094,ARKIA  ISRAELI  AIRLINES,2026-09-29 19:20:00,2026-09-29 19:20:00,HERAKLION,GREECE,3,,,NOT FINAL
2247,822,ARKIA  ISRAELI  AIRLINES,2026-09-29 19:20:00,2026-09-29 19:20:00,RAMON,ISRAEL,1,,,NOT FINAL
2248,764,ISRAIR AIRLINES,2026-09-29 19:20:00,2026-09-29 19:20:00,PRAGUE,CZECH REPUBLIC,3,,,NOT FINAL
2249,2345,EMIRATES,2026-09-29 19:25:00,2026-09-29 19:25:00,DUBAI,UNITED ARAB EMIRATES,3,,,NOT FINAL
2250,1807,FLYDUBAI,2026-09-29 19:25:00,2026-09-29 19:25:00,DUBAI,UNITED ARAB EMIRATES,3,,,NOT FINAL
2251,214,ARKIA  ISRAELI  AIRLINES,2026-09-29 19:30:00,2026-09-29 19:30:00,ATHENS,GREECE,3,,,NOT FINAL
2252,5052,EL AL ISRAEL AIRLINES,2026-09-29 19:30:00,2026-09-29 19:30:00,SANTORINI,GREECE,3,,,NOT FINAL
2253,543,EL AL ISRAEL AIRLINES,2026-09-29 19:30:00,2026-09-29 19:30:00,ATHENS,GREECE,3,78-99,D,ON TIME
2254,5510,FLYONE,2026-09-29 19:30:00,2026-09-29 19:30:00,CHISINAU,MOLDOVA,3,51-55,B,ON TIME
2255,087,EL AL ISRAEL AIRLINES,2026-09-29 19:35:00,2026-09-29 19:35:00,PHUKET,THAILAND,3,78-99,D,ON TIME
2256,4580,THAI AIRWAYS,2026-09-29 19:35:00,2026-09-29 19:35:00,PHUKET,THAILAND,3,78-99,D,ON TIME
2257,738,BLUE BIRD AIRWAYS,2026-09-29 19:40:00,2026-09-29 19:40:00,HERAKLION,GREECE,3,34-36,B,ON TIME
2258,2367,EL AL ISRAEL AIRLINES,2026-09-29 19:40:00,2026-09-29 19:40:00,BUDAPEST,HUNGARY,3,78-99,D,ON TIME
2259,569,ISRAIR AIRLINES,2026-09-29 19:40:00,2026-09-29 19:40:00,ATHENS,GREECE,3,201-210,G,ON TIME
2260,893,ISRAIR AIRLINES,2026-09-29 19:40:00,2026-09-29 19:40:00,TBILISI,GEORGIA,3,201-210,G,ON TIME
2261,2471,EMIRATES,2026-09-29 19:45:00,2026-09-29 19:45:00,DUBAI,UNITED ARAB EMIRATES,3,56-61,C,ON TIME
2262,1126,FLYDUBAI,2026-09-29 19:45:00,2026-09-29 19:45:00,DUBAI,UNITED ARAB EMIRATES,3,56-61,C,ON TIME
2263,091,EL AL ISRAEL AIRLINES,2026-09-29 19:45:00,2026-09-29 19:45:00,TOKYO,JAPAN,3,78-99,D,ON TIME
2264,5014,QANTAS AIRWAYS,2026-09-29 19:45:00,2026-09-29 19:45:00,TOKYO,JAPAN,3,78-99,D,ON TIME
2265,7861,AERO MEXICO,2026-09-29 19:50:00,2026-09-29 19:50:00,LOS ANGELES,UNITED STATES,3,,,NOT FINAL
2266,7445,DELTA AIRLINES,2026-09-29 19:50:00,2026-09-29 19:50:00,LOS ANGELES,UNITED STATES,3,,,NOT FINAL
2267,155,LOT POLISH AIRLINES,2026-09-29 19:50:00,2026-09-29 19:50:00,WARSAW,POLAND,3,,,NOT FINAL
2268,106,EL AL ISRAEL AIRLINES,2026-09-29 19:50:00,2026-09-29 19:50:00,LOS ANGELES,UNITED STATES,3,,,NOT FINAL
2269,5127,EL AL ISRAEL AIRLINES,2026-09-29 19:50:00,2026-09-29 19:50:00,CHISINAU,MOLDOVA,3,78-99,D,ON TIME
2270,9252,EL AL ISRAEL AIRLINES,2026-09-29 19:50:00,2026-09-29 19:50:00,WARSAW,POLAND,3,,,NOT FINAL
2271,927,AEGEAN  AIRLINES,2026-09-29 19:55:00,2026-09-29 19:55:00,ATHENS,GREECE,3,20-23,A,ON TIME
2272,758,BLUE BIRD AIRWAYS,2026-09-29 19:55:00,2026-09-29 19:55:00,HERAKLION,GREECE,3,38-40,B,ON TIME
2273,4978,EMIRATES,2026-09-29 19:55:00,2026-09-29 19:55:00,ATHENS,GREECE,3,20-23,A,ON TIME
2274,4309,CONDOR  FLUGDIENST,2026-09-29 20:00:00,2026-09-29 20:00:00,FRANKFURT,GERMANY,3,,,NOT FINAL
2275,5418,EL AL ISRAEL AIRLINES,2026-09-29 20:00:00,2026-09-29 20:00:00,TBILISI,GEORGIA,3,,,NOT FINAL
2276,107,TUS AIRWAYS,2026-09-29 20:00:00,2026-09-29 20:00:00,LARNACA,CYPRUS,3,223-226,G,ON TIME
2277,2517,WIZZAIR,2026-09-29 20:00:00,2026-09-29 20:00:00,BUDAPEST,HUNGARY,3,,,NOT FINAL
2278,518,SKY UP NISTRU,2026-09-29 20:00:00,2026-09-29 20:00:00,CHISINAU,MOLDOVA,3,48-50,B,ON TIME
2279,598,ETIHAD AIRWAYS,2026-09-29 20:10:00,2026-09-29 20:10:00,ABU DHABI,UNITED ARAB EMIRATES,3,12-17,A,ON TIME
2280,9607,EL AL ISRAEL AIRLINES,2026-09-29 20:10:00,2026-09-29 20:10:00,ABU DHABI,UNITED ARAB EMIRATES,3,12-17,A,ON TIME
2281,244,ISRAIR AIRLINES,2026-09-29 20:10:00,2026-09-29 20:10:00,SALZBURG,AUSTRIA,3,,,NOT FINAL
2282,304,UZBEKISTAN AIR,2026-09-29 20:15:00,2026-09-29 20:15:00,SAMARKAND,UZBEKISTAN,3,62-65,C,ON TIME
2283,706,BLUE BIRD AIRWAYS,2026-09-29 20:20:00,2026-09-29 20:20:00,ATHENS,GREECE,3,40-42,B,ON TIME
2284,827,ARKIA  ISRAELI  AIRLINES,2026-09-29 20:20:00,2026-09-29 20:20:00,RAMON,ISRAEL,1,349-354,C,ON TIME
2285,561,ISRAIR AIRLINES,2026-09-29 20:20:00,2026-09-29 20:20:00,ATHENS,GREECE,1,306-315,A,ON TIME
2286,169,ARKIA  ISRAELI  AIRLINES,2026-09-29 20:25:00,2026-09-29 20:25:00,LARNACA,CYPRUS,1,332-336,B,ON TIME
2287,088,EL AL ISRAEL AIRLINES,2026-09-29 20:25:00,2026-09-29 20:25:00,PHUKET,THAILAND,3,,,NOT FINAL
2288,4582,THAI AIRWAYS,2026-09-29 20:25:00,2026-09-29 20:25:00,PHUKET,THAILAND,3,,,NOT FINAL
2289,5133,EL AL ISRAEL AIRLINES,2026-09-29 20:30:00,2026-09-29 20:30:00,LARNACA,CYPRUS,1,316-327,A,ON TIME
2290,5195,EL AL ISRAEL AIRLINES,2026-09-29 20:30:00,2026-09-29 20:30:00,BELGRADE,SERBIA,1,316-327,A,ON TIME
2291,700,ANIMA WINGS AVIATION,2026-09-29 20:40:00,2026-09-29 20:40:00,BUCHAREST,ROMANIA,3,,,NOT FINAL
2292,2346,EMIRATES,2026-09-29 20:40:00,2026-09-29 20:40:00,DUBAI,UNITED ARAB EMIRATES,3,56-61,C,ON TIME
2293,1808,FLYDUBAI,2026-09-29 20:40:00,2026-09-29 20:40:00,DUBAI,UNITED ARAB EMIRATES,3,56-61,C,ON TIME
2294,274,ARKIA  ISRAELI  AIRLINES,2026-09-29 20:45:00,2026-09-29 20:45:00,BARCELONA,SPAIN,3,,,NOT FINAL
2295,5109,EL AL ISRAEL AIRLINES,2026-09-29 20:50:00,2026-09-29 20:50:00,TBILISI,GEORGIA,1,316-327,A,ON TIME
2296,5803,WIZZ UK,2026-09-29 20:50:00,2026-09-29 20:50:00,LONDON,UNITED KINGDOM,3,,,NOT FINAL
2297,7070,AIR FRANCE,2026-09-29 20:55:00,2026-09-29 20:55:00,PARIS,FRANCE,3,,,NOT FINAL
2298,7862,AERO MEXICO,2026-09-29 20:55:00,2026-09-29 20:55:00,PARIS,FRANCE,3,,,NOT FINAL
2299,6676,AIR BALTIC,2026-09-29 20:55:00,2026-09-29 20:55:00,AMSTERDAM,NETHERLANDS,3,,,NOT FINAL
2300,2470,K.L.M.,2026-09-29 20:55:00,2026-09-29 20:55:00,AMSTERDAM,NETHERLANDS,3,,,NOT FINAL
2301,238,EL AL ISRAEL AIRLINES,2026-09-29 20:55:00,2026-09-29 20:55:00,AMSTERDAM,NETHERLANDS,3,,,NOT FINAL
2302,324,EL AL ISRAEL AIRLINES,2026-09-29 20:55:00,2026-09-29 20:55:00,PARIS,FRANCE,3,,,NOT FINAL
2303,5403,EL AL ISRAEL AIRLINES,2026-09-29 20:55:00,2026-09-29 20:55:00,BATUMI,GEORGIA,3,78-99,D,ON TIME
2304,3160,SAS,2026-09-29 20:55:00,2026-09-29 20:55:00,PARIS,FRANCE,3,,,NOT FINAL
2305,3192,SAS,2026-09-29 20:55:00,2026-09-29 20:55:00,AMSTERDAM,NETHERLANDS,3,,,NOT FINAL
2306,6043,WIZZ AIR MALTA,2026-09-29 21:00:00,2026-09-29 21:00:00,ROME,ITALY,3,,,NOT FINAL
2307,695,BLUE BIRD AIRWAYS,2026-09-29 21:05:00,2026-09-29 21:05:00,RHODES,GREECE,3,,,NOT FINAL
2308,414,ETHIOPIAN AIRLINES,2026-09-29 21:10:00,2026-09-29 21:10:00,ADDIS ABABA,ETHIOPIA,3,,,NOT FINAL
2309,215,ARKIA  ISRAELI  AIRLINES,2026-09-29 21:10:00,2026-09-29 21:10:00,ATHENS,GREECE,3,,,ON TIME
2310,8806,EL AL ISRAEL AIRLINES,2026-09-29 21:10:00,2026-09-29 21:10:00,ADDIS ABABA,ETHIOPIA,3,,,NOT FINAL
2311,2518,WIZZAIR,2026-09-29 21:10:00,2026-09-29 21:10:00,BUDAPEST,HUNGARY,1,361-372,D,ON TIME
2312,548,AEGEAN  AIRLINES,2026-09-29 21:15:00,2026-09-29 21:15:00,THESSALONIKI,GREECE,3,,,NOT FINAL
2313,056,ISRAIR AIRLINES,2026-09-29 21:15:00,2026-09-29 21:15:00,RAMON,ISRAEL,1,,,NOT FINAL
2314,5137,EL AL ISRAEL AIRLINES,2026-09-29 21:20:00,2026-09-29 21:20:00,PAPHOS,CYPRUS,1,316-327,A,ON TIME
2315,7061,WIZZAIR,2026-09-29 21:35:00,2026-09-29 21:35:00,BRATISLAVA,SLOVAKIA,3,,,NOT FINAL
2316,701,ANIMA WINGS AVIATION,2026-09-29 21:40:00,2026-09-29 21:40:00,BUCHAREST,ROMANIA,3,66-68,C,ON TIME
2317,317,BLUE BIRD AIRWAYS,2026-09-29 21:40:00,2026-09-29 21:40:00,VIENNA,AUSTRIA,3,,,NOT FINAL
2318,2167,EMIRATES,2026-09-29 21:40:00,2026-09-29 21:40:00,DUBAI,UNITED ARAB EMIRATES,3,,,NOT FINAL
2319,1053,FLYDUBAI,2026-09-29 21:40:00,2026-09-29 21:40:00,DUBAI,UNITED ARAB EMIRATES,3,,,NOT FINAL
2320,161,ARKIA  ISRAELI  AIRLINES,2026-09-29 21:45:00,2026-09-29 21:45:00,LARNACA,CYPRUS,3,G1-G4,G,ON TIME
2321,412,ARKIA  ISRAELI  AIRLINES,2026-09-29 21:45:00,2026-09-29 21:45:00,TIRANA,ALBANIA,3,,,NOT FINAL
2322,742,ARKIA  ISRAELI  AIRLINES,2026-09-29 21:45:00,2026-09-29 21:45:00,PARIS,FRANCE,3,,,NOT FINAL
2323,5804,WIZZ UK,2026-09-29 21:45:00,2026-09-29 21:45:00,LONDON,UNITED KINGDOM,3,43-47,B,ON TIME
2324,054,ARKIA  ISRAELI  AIRLINES,2026-09-29 21:50:00,2026-09-29 21:50:00,CORFU,GREECE,3,,,NOT FINAL
2325,5181,EL AL ISRAEL AIRLINES,2026-09-29 21:50:00,2026-09-29 21:50:00,ZAGREB,CROATIA,1,316-327,A,ON TIME
2326,170,ISRAIR AIRLINES,2026-09-29 21:50:00,2026-09-29 21:50:00,TIRANA,ALBANIA,3,,,NOT FINAL
2327,6044,WIZZ AIR MALTA,2026-09-29 21:55:00,2026-09-29 21:55:00,ROME,ITALY,1,361-372,D,ON TIME
2328,6527,WIZZ AIR MALTA,2026-09-29 21:55:00,2026-09-29 21:55:00,CATANIA,ITALY,3,,,NOT FINAL
2329,394,ISRAIR AIRLINES,2026-09-29 21:55:00,2026-09-29 21:55:00,BASEL,SWITZERLAND,3,,,NOT FINAL
2330,7448,DELTA AIRLINES,2026-09-29 22:00:00,2026-09-29 22:00:00,LONDON,UNITED KINGDOM,3,,,NOT FINAL
2331,316,EL AL ISRAEL AIRLINES,2026-09-29 22:00:00,2026-09-29 22:00:00,LONDON,UNITED KINGDOM,3,,,NOT FINAL
2332,3176,SAS,2026-09-29 22:00:00,2026-09-29 22:00:00,LONDON,UNITED KINGDOM,3,,,NOT FINAL
2333,7494,VIRGIN ATLANTIC AIRWAYS,2026-09-29 22:00:00,2026-09-29 22:00:00,LONDON,UNITED KINGDOM,3,,,NOT FINAL
2334,057,ISRAIR AIRLINES,2026-09-29 22:00:00,2026-09-29 22:00:00,RAMON,ISRAEL,1,355-360,C,ON TIME
2335,946,ISRAIR AIRLINES,2026-09-29 22:00:00,2026-09-29 22:00:00,PAPHOS,CYPRUS,3,,,NOT FINAL
2336,549,AEGEAN  AIRLINES,2026-09-29 22:05:00,2026-09-29 22:05:00,THESSALONIKI,GREECE,3,20-23,A,ON TIME
2337,574,ISRAIR AIRLINES,2026-09-29 22:15:00,2026-09-29 22:15:00,THESSALONIKI,GREECE,3,,,NOT FINAL
2338,092,EL AL ISRAEL AIRLINES,2026-09-29 22:20:00,2026-09-29 22:20:00,TOKYO,JAPAN,3,,,NOT FINAL
2339,5013,QANTAS AIRWAYS,2026-09-29 22:20:00,2026-09-29 22:20:00,TOKYO,JAPAN,3,,,NOT FINAL
2340,261,BLUE BIRD AIRWAYS,2026-09-29 22:25:00,2026-09-29 22:25:00,MUNICH,GERMANY,3,,,NOT FINAL
2341,081,EL AL ISRAEL AIRLINES,2026-09-29 22:25:00,2026-09-29 22:25:00,BANGKOK,THAILAND,3,78-99,D,ON TIME
2342,5020,QANTAS AIRWAYS,2026-09-29 22:25:00,2026-09-29 22:25:00,BANGKOK,THAILAND,3,78-99,D,ON TIME
2343,4584,THAI AIRWAYS,2026-09-29 22:25:00,2026-09-29 22:25:00,BANGKOK,THAILAND,3,78-99,D,ON TIME
2344,3298,VIETNAM AIRLINES,2026-09-29 22:25:00,2026-09-29 22:25:00,BANGKOK,THAILAND,3,78-99,D,ON TIME
2345,720,SKY EXPRESS S.A.,2026-09-29 22:30:00,2026-09-29 22:30:00,ATHENS,GREECE,3,,,NOT FINAL
2346,7062,WIZZAIR,2026-09-29 22:30:00,2026-09-29 22:30:00,BRATISLAVA,SLOVAKIA,1,361-372,D,ON TIME
2347,457,HISKY,2026-09-29 22:40:00,2026-09-29 22:40:00,CHISINAU,MOLDOVA,3,,,NOT FINAL
2348,131,TUS AIRWAYS,2026-09-29 22:45:00,2026-09-29 22:45:00,ROME,ITALY,3,,,NOT FINAL
2349,2168,EMIRATES,2026-09-29 22:50:00,2026-09-29 22:50:00,DUBAI,UNITED ARAB EMIRATES,3,56-59,C,ON TIME
2350,1054,FLYDUBAI,2026-09-29 22:50:00,2026-09-29 22:50:00,DUBAI,UNITED ARAB EMIRATES,3,56-59,C,ON TIME
2351,828,ARKIA  ISRAELI  AIRLINES,2026-09-29 22:50:00,2026-09-29 22:50:00,RAMON,ISRAEL,1,,,NOT FINAL
2352,6528,WIZZ AIR MALTA,2026-09-29 22:50:00,2026-09-29 22:50:00,CATANIA,ITALY,1,361-372,D,ON TIME
2353,7074,AIR FRANCE,2026-09-29 22:55:00,2026-09-29 22:55:00,PARIS,FRANCE,3,,,NOT FINAL
2354,7890,AERO MEXICO,2026-09-29 22:55:00,2026-09-29 22:55:00,PARIS,FRANCE,3,,,NOT FINAL
2355,084,EL AL ISRAEL AIRLINES,2026-09-29 22:55:00,2026-09-29 22:55:00,BANGKOK,THAILAND,3,,,NOT FINAL
2356,328,EL AL ISRAEL AIRLINES,2026-09-29 22:55:00,2026-09-29 22:55:00,PARIS,FRANCE,3,,,NOT FINAL
2357,546,EL AL ISRAEL AIRLINES,2026-09-29 22:55:00,2026-09-29 22:55:00,ATHENS,GREECE,3,,,NOT FINAL
2358,5019,QANTAS AIRWAYS,2026-09-29 22:55:00,2026-09-29 22:55:00,BANGKOK,THAILAND,3,,,NOT FINAL
2359,4585,THAI AIRWAYS,2026-09-29 22:55:00,2026-09-29 22:55:00,BANGKOK,THAILAND,3,,,NOT FINAL
2360,3295,VIETNAM AIRLINES,2026-09-29 22:55:00,2026-09-29 22:55:00,BANGKOK,THAILAND,3,,,NOT FINAL
2361,518,ISRAIR AIRLINES,2026-09-29 22:55:00,2026-09-29 22:55:00,RHODES,GREECE,3,,,NOT FINAL
2362,015,RED WINGS AIRLINES,2026-09-29 23:00:00,2026-09-29 23:00:00,MOSCOW,RUSSIAN FEDERATION,3,,,NOT FINAL
2363,599,ETIHAD AIRWAYS,2026-09-29 23:05:00,2026-09-29 23:05:00,ABU DHABI,UNITED ARAB EMIRATES,3,,,NOT FINAL
2364,9611,EL AL ISRAEL AIRLINES,2026-09-29 23:05:00,2026-09-29 23:05:00,ABU DHABI,UNITED ARAB EMIRATES,3,,,NOT FINAL
2365,102,TUS AIRWAYS,2026-09-29 23:05:00,2026-09-29 23:05:00,LARNACA,CYPRUS,3,,,NOT FINAL
2366,690,LUFTHANSA,2026-09-29 23:15:00,2026-09-29 23:15:00,FRANKFURT,GERMANY,3,,,NOT FINAL
2367,9490,EL AL ISRAEL AIRLINES,2026-09-29 23:20:00,2026-09-29 23:20:00,BUCHAREST,ROMANIA,3,,,NOT FINAL
2368,155,TAROM - ROMANIAN AIR TRANSPORT,2026-09-29 23:20:00,2026-09-29 23:20:00,BUCHAREST,ROMANIA,3,,,NOT FINAL
2369,5520,AIR CANADA,2026-09-29 23:25:00,2026-09-29 23:25:00,NEWARK,UNITED STATES,3,12-19,A,ON TIME
2370,170,ARKIA  ISRAELI  AIRLINES,2026-09-29 23:25:00,2026-09-29 23:25:00,LARNACA,CYPRUS,3,,,NOT FINAL
2371,091,UNITED AIRLINES,2026-09-29 23:25:00,2026-09-29 23:25:00,NEWARK,UNITED STATES,3,12-19,A,ON TIME
2372,721,SKY EXPRESS S.A.,2026-09-29 23:30:00,2026-09-29 23:30:00,ATHENS,GREECE,3,223-226,G,ON TIME
2373,526,ARKIA  ISRAELI  AIRLINES,2026-09-29 23:35:00,2026-09-29 23:35:00,BASEL,SWITZERLAND,3,,,NOT FINAL
2374,458,HISKY,2026-09-29 23:40:00,2026-09-29 23:40:00,CHISINAU,MOLDOVA,3,34-37,B,ON TIME
2375,461,TUS AIRWAYS,2026-09-29 23:40:00,2026-09-29 23:40:00,PRAGUE,CZECH REPUBLIC,3,,,NOT FINAL
2376,151,BLUE BIRD AIRWAYS,2026-09-29 23:45:00,2026-09-29 23:45:00,BERGAMO,ITALY,3,,,NOT FINAL
2377,273,BLUE BIRD AIRWAYS,2026-09-29 23:45:00,2026-09-29 23:45:00,BERLIN,GERMANY,3,,,NOT FINAL
2378,441,BLUE BIRD AIRWAYS,2026-09-29 23:50:00,2026-09-29 23:50:00,BUDAPEST,HUNGARY,3,,,NOT FINAL
2379,321,AZERBAIJAN AIRLINES,2026-09-29 23:50:00,2026-09-29 23:50:00,BAKU,AZERBAIJAN,3,,,NOT FINAL
2380,5134,EL AL ISRAEL AIRLINES,2026-09-29 23:50:00,2026-09-29 23:50:00,LARNACA,CYPRUS,3,,,NOT FINAL
2381,9956,EL AL ISRAEL AIRLINES,2026-09-29 23:50:00,2026-09-29 23:50:00,BAKU,AZERBAIJAN,3,,,NOT FINAL
2382,262,ARKIA  ISRAELI  AIRLINES,2026-09-29 23:55:00,2026-09-29 23:55:00,MALAGA,SPAIN,3,,,NOT FINAL
2383,682,LUFTHANSA,2026-09-30 00:00:00,2026-09-30 00:00:00,MUNICH,GERMANY,3,,,NOT FINAL
2384,7895,AERO MEXICO,2026-09-30 00:05:00,2026-09-30 00:05:00,NEW YORK,UNITED STATES,3,78-99,D,ON TIME
2385,7426,DELTA AIRLINES,2026-09-30 00:05:00,2026-09-30 00:05:00,NEW YORK,UNITED STATES,3,78-99,D,ON TIME
2386,991,ARKIA  ISRAELI  AIRLINES,2026-09-30 00:05:00,2026-09-30 00:05:00,NEW YORK,UNITED STATES,3,47-55,B,ON TIME
2387,003,EL AL ISRAEL AIRLINES,2026-09-30 00:05:00,2026-09-30 00:05:00,NEW YORK,UNITED STATES,3,78-99,D,ON TIME
2388,116,ISRAIR AIRLINES,2026-09-30 00:05:00,2026-09-30 00:05:00,LONDON LUTON,UNITED KINGDOM,3,,,NOT FINAL
2389,7851,AEROLINEAS ARGENTINAS S.A.,2026-09-30 00:15:00,2026-09-30 00:15:00,MIAMI,UNITED STATES,3,78-99,D,ON TIME
2390,7437,DELTA AIRLINES,2026-09-30 00:15:00,2026-09-30 00:15:00,MIAMI,UNITED STATES,3,78-99,D,ON TIME
2391,017,EL AL ISRAEL AIRLINES,2026-09-30 00:15:00,2026-09-30 00:15:00,MIAMI,UNITED STATES,3,78-99,D,ON TIME
2392,016,RED WINGS AIRLINES,2026-09-30 00:15:00,2026-09-30 00:15:00,MOSCOW,RUSSIAN FEDERATION,3,38-41,B,ON TIME
2393,9491,EL AL ISRAEL AIRLINES,2026-09-30 00:20:00,2026-09-30 00:20:00,BUCHAREST,ROMANIA,3,219-221,G,ON TIME
2394,156,TAROM - ROMANIAN AIR TRANSPORT,2026-09-30 00:20:00,2026-09-30 00:20:00,BUCHAREST,ROMANIA,3,219-221,G,ON TIME
2395,251,BLUE BIRD AIRWAYS,2026-09-30 00:25:00,2026-09-30 00:25:00,BARCELONA,SPAIN,3,,,NOT FINAL
2396,7443,DELTA AIRLINES,2026-09-30 00:30:00,2026-09-30 00:30:00,NEWARK,UNITED STATES,3,78-99,D,ON TIME
2397,027,EL AL ISRAEL AIRLINES,2026-09-30 00:30:00,2026-09-30 00:30:00,NEWARK,UNITED STATES,3,78-99,D,ON TIME
2398,971,ISRAIR AIRLINES,2026-09-30 00:30:00,2026-09-30 00:30:00,NEW YORK,UNITED STATES,3,201-204,G,ON TIME
2399,418,ARKIA  ISRAELI  AIRLINES,2026-09-30 00:35:00,2026-09-30 00:35:00,TBILISI,GEORGIA,3,,,NOT FINAL
2400,912,ARKIA  ISRAELI  AIRLINES,2026-09-30 00:35:00,2026-09-30 00:35:00,STANSTED,UNITED KINGDOM,3,,,NOT FINAL
2401,282,EL AL ISRAEL AIRLINES,2026-09-30 00:40:00,2026-09-30 00:40:00,MILAN,ITALY,3,,,NOT FINAL
2402,596,ARKIA  ISRAELI  AIRLINES,2026-09-30 00:45:00,2026-09-30 00:45:00,HANOI,VIETNAM,3,,,NOT FINAL
2403,352,EL AL ISRAEL AIRLINES,2026-09-30 00:45:00,2026-09-30 00:45:00,MUNICH,GERMANY,3,,,NOT FINAL
2404,356,EL AL ISRAEL AIRLINES,2026-09-30 00:45:00,2026-09-30 00:45:00,FRANKFURT,GERMANY,3,,,NOT FINAL
2405,322,AZERBAIJAN AIRLINES,2026-09-30 00:50:00,2026-09-30 00:50:00,BAKU,AZERBAIJAN,3,41-45,B,ON TIME
2406,5138,EL AL ISRAEL AIRLINES,2026-09-30 00:50:00,2026-09-30 00:50:00,PAPHOS,CYPRUS,3,,,NOT FINAL
2407,544,EL AL ISRAEL AIRLINES,2026-09-30 00:50:00,2026-09-30 00:50:00,ATHENS,GREECE,3,,,NOT FINAL
2408,572,EL AL ISRAEL AIRLINES,2026-09-30 00:50:00,2026-09-30 00:50:00,BUCHAREST,ROMANIA,3,,,NOT FINAL
2409,9955,EL AL ISRAEL AIRLINES,2026-09-30 00:50:00,2026-09-30 00:50:00,BAKU,AZERBAIJAN,3,41-45,B,ON TIME
2410,9101,TAROM - ROMANIAN AIR TRANSPORT,2026-09-30 00:50:00,2026-09-30 00:50:00,BUCHAREST,ROMANIA,3,,,NOT FINAL
2411,600,ETIHAD AIRWAYS,2026-09-30 00:55:00,2026-09-30 00:55:00,ABU DHABI,UNITED ARAB EMIRATES,3,20-26,A,ON TIME
2412,083,EL AL ISRAEL AIRLINES,2026-09-30 00:55:00,2026-09-30 00:55:00,BANGKOK,THAILAND,3,78-99,D,ON TIME
2413,9612,EL AL ISRAEL AIRLINES,2026-09-30 00:55:00,2026-09-30 00:55:00,ABU DHABI,UNITED ARAB EMIRATES,3,20-26,A,ON TIME
2414,5018,QANTAS AIRWAYS,2026-09-30 00:55:00,2026-09-30 00:55:00,BANGKOK,THAILAND,3,78-99,D,ON TIME
2415,4586,THAI AIRWAYS,2026-09-30 00:55:00,2026-09-30 00:55:00,BANGKOK,THAILAND,3,78-99,D,ON TIME
2416,3294,VIETNAM AIRLINES,2026-09-30 00:55:00,2026-09-30 00:55:00,BANGKOK,THAILAND,3,78-99,D,ON TIME
2417,570,ISRAIR AIRLINES,2026-09-30 00:55:00,2026-09-30 00:55:00,ATHENS,GREECE,3,,,NOT FINAL
2418,7869,AERO MEXICO,2026-09-30 01:00:00,2026-09-30 01:00:00,NEW YORK,UNITED STATES,3,78-99,D,ON TIME
2419,7424,DELTA AIRLINES,2026-09-30 01:00:00,2026-09-30 01:00:00,NEW YORK,UNITED STATES,3,78-99,D,ON TIME
2420,7441,DELTA AIRLINES,2026-09-30 01:00:00,2026-09-30 01:00:00,NEWARK,UNITED STATES,3,78-99,D,ON TIME
2421,405,ETHIOPIAN AIRLINES,2026-09-30 01:00:00,2026-09-30 01:00:00,ADDIS ABABA,ETHIOPIA,3,2-6,A,ON TIME
2422,001,EL AL ISRAEL AIRLINES,2026-09-30 01:00:00,2026-09-30 01:00:00,NEW YORK,UNITED STATES,3,78-99,D,ON TIME
2423,025,EL AL ISRAEL AIRLINES,2026-09-30 01:00:00,2026-09-30 01:00:00,NEWARK,UNITED STATES,3,78-99,D,ON TIME
2424,8807,EL AL ISRAEL AIRLINES,2026-09-30 01:00:00,2026-09-30 01:00:00,ADDIS ABABA,ETHIOPIA,3,2-6,A,ON TIME
2425,7875,AERO MEXICO,2026-09-30 01:05:00,2026-09-30 01:05:00,LOS ANGELES,UNITED STATES,3,78-99,D,ON TIME
2426,7428,DELTA AIRLINES,2026-09-30 01:05:00,2026-09-30 01:05:00,LOS ANGELES,UNITED STATES,3,78-99,D,ON TIME
2427,7435,DELTA AIRLINES,2026-09-30 01:05:00,2026-09-30 01:05:00,BOSTON,UNITED STATES,3,78-99,D,ON TIME
2428,005,EL AL ISRAEL AIRLINES,2026-09-30 01:05:00,2026-09-30 01:05:00,LOS ANGELES,UNITED STATES,3,78-99,D,ON TIME
2429,015,EL AL ISRAEL AIRLINES,2026-09-30 01:05:00,2026-09-30 01:05:00,BOSTON,UNITED STATES,3,78-99,D,ON TIME
2430,162,ARKIA  ISRAELI  AIRLINES,2026-09-30 01:10:00,2026-09-30 01:10:00,LARNACA,CYPRUS,3,,,NOT FINAL
2431,691,LUFTHANSA,2026-09-30 01:10:00,2026-09-30 01:10:00,ATHENS,GREECE,3,27-33,A,ON TIME
2432,528,AEGEAN  AIRLINES,2026-09-30 01:35:00,2026-09-30 01:35:00,LARNACA,CYPRUS,3,,,NOT FINAL
2433,683,LUFTHANSA,2026-09-30 01:45:00,2026-09-30 01:45:00,LARNACA,CYPRUS,3,27-33,A,ON TIME
2434,705,BLUE BIRD AIRWAYS,2026-09-30 01:50:00,2026-09-30 01:50:00,ATHENS,GREECE,3,,,NOT FINAL
2435,6672,AIR BALTIC,2026-09-30 02:00:00,2026-09-30 02:00:00,VIENNA,AUSTRIA,3,,,NOT FINAL
2436,364,EL AL ISRAEL AIRLINES,2026-09-30 02:00:00,2026-09-30 02:00:00,VIENNA,AUSTRIA,3,,,NOT FINAL
2437,752,ISRAIR AIRLINES,2026-09-30 02:00:00,2026-09-30 02:00:00,LJUBLJANA,SLOVENIA,3,,,NOT FINAL
2438,352,ISRAIR AIRLINES,2026-09-30 02:05:00,2026-09-30 02:05:00,VERONA,ITALY,3,,,NOT FINAL
2439,562,ISRAIR AIRLINES,2026-09-30 02:05:00,2026-09-30 02:05:00,ATHENS,GREECE,3,,,NOT FINAL
2440,7856,AEROLINEAS ARGENTINAS S.A.,2026-09-30 02:10:00,2026-09-30 02:10:00,ROME,ITALY,3,,,NOT FINAL
2441,6688,AIR BALTIC,2026-09-30 02:10:00,2026-09-30 02:10:00,ZURICH,SWITZERLAND,3,,,NOT FINAL
2442,344,EL AL ISRAEL AIRLINES,2026-09-30 02:10:00,2026-09-30 02:10:00,ZURICH,SWITZERLAND,3,,,NOT FINAL
2443,384,EL AL ISRAEL AIRLINES,2026-09-30 02:10:00,2026-09-30 02:10:00,ROME,ITALY,3,,,NOT FINAL
2444,3166,SAS,2026-09-30 02:10:00,2026-09-30 02:10:00,ROME,ITALY,3,,,NOT FINAL
2445,3190,SAS,2026-09-30 02:10:00,2026-09-30 02:10:00,ZURICH,SWITZERLAND,3,,,NOT FINAL
2446,8897,AIR PORTUGAL,2026-09-30 02:10:00,2026-09-30 02:10:00,ROME,ITALY,3,,,NOT FINAL
2447,076,EL AL ISRAEL AIRLINES,2026-09-30 02:20:00,2026-09-30 02:20:00,TOKYO,JAPAN,3,,,NOT FINAL
2448,290,EL AL ISRAEL AIRLINES,2026-09-30 02:25:00,2026-09-30 02:25:00,VENICE,ITALY,3,,,NOT FINAL
2449,372,EL AL ISRAEL AIRLINES,2026-09-30 02:25:00,2026-09-30 02:25:00,LISBON,PORTUGAL,3,,,NOT FINAL
2450,8915,AIR PORTUGAL,2026-09-30 02:25:00,2026-09-30 02:25:00,LISBON,PORTUGAL,3,,,NOT FINAL
2451,254,EL AL ISRAEL AIRLINES,2026-09-30 02:30:00,2026-09-30 02:30:00,MUNICH,GERMANY,3,,,NOT FINAL
2452,5404,EL AL ISRAEL AIRLINES,2026-09-30 02:30:00,2026-09-30 02:30:00,BATUMI,GEORGIA,3,,,NOT FINAL
2453,5254,LOT POLISH AIRLINES,2026-09-30 02:35:00,2026-09-30 02:35:00,KRAKOW,POLAND,3,,,NOT FINAL
2454,5120,EL AL ISRAEL AIRLINES,2026-09-30 02:35:00,2026-09-30 02:35:00,KRAKOW,POLAND,3,,,NOT FINAL
2455,5128,EL AL ISRAEL AIRLINES,2026-09-30 02:45:00,2026-09-30 02:45:00,CHISINAU,MOLDOVA,3,,,NOT FINAL
2456,928,AEGEAN  AIRLINES,2026-09-30 02:55:00,2026-09-30 02:55:00,ATHENS,GREECE,3,,,NOT FINAL
2457,4977,EMIRATES,2026-09-30 02:55:00,2026-09-30 02:55:00,ATHENS,GREECE,3,,,NOT FINAL
2458,4268,AEGEAN  AIRLINES,2026-09-30 03:00:00,2026-09-30 03:00:00,HERAKLION,GREECE,3,,,NOT FINAL
2459,7850,AERO MEXICO,2026-09-30 03:05:00,2026-09-30 03:05:00,AMSTERDAM,NETHERLANDS,3,,,NOT FINAL
2460,6680,AIR BALTIC,2026-09-30 03:05:00,2026-09-30 03:05:00,AMSTERDAM,NETHERLANDS,3,,,NOT FINAL
2461,2474,K.L.M.,2026-09-30 03:05:00,2026-09-30 03:05:00,AMSTERDAM,NETHERLANDS,3,,,NOT FINAL
2462,2524,EL AL ISRAEL AIRLINES,2026-09-30 03:05:00,2026-09-30 03:05:00,PRAGUE,CZECH REPUBLIC,3,,,NOT FINAL
2463,336,EL AL ISRAEL AIRLINES,2026-09-30 03:05:00,2026-09-30 03:05:00,AMSTERDAM,NETHERLANDS,3,,,NOT FINAL
2464,3152,SAS,2026-09-30 03:05:00,2026-09-30 03:05:00,AMSTERDAM,NETHERLANDS,3,,,NOT FINAL
2465,810,ITALIA TRASPORTO AEREO,2026-09-30 03:10:00,2026-09-30 03:10:00,ROME,ITALY,3,,,NOT FINAL
2466,7381,AIR SERBIA,2026-09-30 03:10:00,2026-09-30 03:10:00,ROME,ITALY,3,,,NOT FINAL
2467,5110,EL AL ISRAEL AIRLINES,2026-09-30 03:10:00,2026-09-30 03:10:00,TBILISI,GEORGIA,3,,,NOT FINAL
2468,9024,AIR SEYCHELLES,2026-09-30 03:15:00,2026-09-30 03:15:00,MAHE SEYCHELLES,SEYCHELLES,3,,,NOT FINAL
2469,2368,EL AL ISRAEL AIRLINES,2026-09-30 03:20:00,2026-09-30 03:20:00,BUDAPEST,HUNGARY,3,,,NOT FINAL
2470,461,K.L.M.,2026-09-30 03:30:00,2026-09-30 03:30:00,AMSTERDAM,NETHERLANDS,3,,,NOT FINAL
2471,256,SWISS INT`L  AIRLINES,2026-09-30 03:35:00,2026-09-30 03:35:00,ZURICH,SWITZERLAND,3,,,NOT FINAL
2472,5196,EL AL ISRAEL AIRLINES,2026-09-30 03:35:00,2026-09-30 03:35:00,BELGRADE,SERBIA,3,,,NOT FINAL
2473,7711,IBERIA,2026-09-30 03:40:00,2026-09-30 03:40:00,BARCELONA,SPAIN,3,,,NOT FINAL
2474,622,ARKIA  ISRAELI  AIRLINES,2026-09-30 03:40:00,2026-09-30 03:40:00,ZANZIBAR,TANZANIA,3,,,NOT FINAL
2475,388,EL AL ISRAEL AIRLINES,2026-09-30 03:40:00,2026-09-30 03:40:00,MILAN,ITALY,3,,,NOT FINAL
2476,392,EL AL ISRAEL AIRLINES,2026-09-30 03:40:00,2026-09-30 03:40:00,BARCELONA,SPAIN,3,,,NOT FINAL
2477,3180,SAS,2026-09-30 03:40:00,2026-09-30 03:40:00,MILAN,ITALY,3,,,NOT FINAL
2478,8901,AIR PORTUGAL,2026-09-30 03:40:00,2026-09-30 03:40:00,MILAN,ITALY,3,,,NOT FINAL
2479,7858,AERO MEXICO,2026-09-30 03:50:00,2026-09-30 03:50:00,NEW YORK,UNITED STATES,3,,,NOT FINAL
2480,7427,DELTA AIRLINES,2026-09-30 03:50:00,2026-09-30 03:50:00,NEW YORK,UNITED STATES,3,,,NOT FINAL
2481,151,LOT POLISH AIRLINES,2026-09-30 03:50:00,2026-09-30 03:50:00,WARSAW,POLAND,3,,,NOT FINAL
2482,004,EL AL ISRAEL AIRLINES,2026-09-30 03:50:00,2026-09-30 03:50:00,NEW YORK,UNITED STATES,3,,,NOT FINAL
2483,9256,EL AL ISRAEL AIRLINES,2026-09-30 03:50:00,2026-09-30 03:50:00,WARSAW,POLAND,3,,,NOT FINAL
2484,152,ISRAIR AIRLINES,2026-09-30 03:50:00,2026-09-30 03:50:00,MALAGA,SPAIN,3,,,NOT FINAL
2485,7072,AIR FRANCE,2026-09-30 04:00:00,2026-09-30 04:00:00,PARIS,FRANCE,3,,,NOT FINAL
2486,7854,AERO MEXICO,2026-09-30 04:00:00,2026-09-30 04:00:00,PARIS,FRANCE,3,,,NOT FINAL
2487,0755A,BLUE BIRD AIRWAYS,2026-09-30 04:00:00,2026-09-30 04:00:00,HERAKLION,GREECE,3,,,NOT FINAL
2488,404,ETHIOPIAN AIRLINES,2026-09-30 04:00:00,2026-09-30 04:00:00,ADDIS ABABA,ETHIOPIA,3,,,NOT FINAL
2489,326,EL AL ISRAEL AIRLINES,2026-09-30 04:00:00,2026-09-30 04:00:00,PARIS,FRANCE,3,,,NOT FINAL
2490,8804,EL AL ISRAEL AIRLINES,2026-09-30 04:00:00,2026-09-30 04:00:00,ADDIS ABABA,ETHIOPIA,3,,,NOT FINAL
2491,3158,SAS,2026-09-30 04:00:00,2026-09-30 04:00:00,PARIS,FRANCE,3,,,NOT FINAL
2492,348,ISRAIR AIRLINES,2026-09-30 04:15:00,2026-09-30 04:15:00,ROME,ITALY,3,,,NOT FINAL
2493,314,EL AL ISRAEL AIRLINES,2026-09-30 04:20:00,2026-09-30 04:20:00,LONDON LUTON,UNITED KINGDOM,3,,,NOT FINAL
2494,7878,AERO MEXICO,2026-09-30 04:25:00,2026-09-30 04:25:00,MADRID,SPAIN,3,,,NOT FINAL
2495,7852,AEROLINEAS ARGENTINAS S.A.,2026-09-30 04:25:00,2026-09-30 04:25:00,MADRID,SPAIN,3,,,NOT FINAL
2496,7717,IBERIA,2026-09-30 04:25:00,2026-09-30 04:25:00,MADRID,SPAIN,3,,,NOT FINAL
2497,398,EL AL ISRAEL AIRLINES,2026-09-30 04:25:00,2026-09-30 04:25:00,MADRID,SPAIN,3,,,NOT FINAL
2498,9030,NEOS,2026-09-30 04:25:00,2026-09-30 04:25:00,LISBON,PORTUGAL,3,,,NOT FINAL
2499,824,ISRAIR AIRLINES,2026-09-30 04:25:00,2026-09-30 04:25:00,VILNIUS,LITHUANIA,3,,,NOT FINAL
2500,151,BLUE BIRD AIRWAYS,2026-09-30 04:30:00,2026-09-30 04:30:00,BERGAMO,ITALY,3,,,NOT FINAL
2501,748,BLUE BIRD AIRWAYS,2026-09-30 04:35:00,2026-09-30 04:35:00,HERAKLION,GREECE,3,53-55,B,ON TIME
2502,1286,SMARTWINGS,2026-09-30 04:35:00,2026-09-30 04:35:00,PRAGUE,CZECH REPUBLIC,3,,,NOT FINAL
2503,747,BLUE BIRD AIRWAYS,2026-09-30 04:45:00,2026-09-30 04:45:00,HERAKLION,GREECE,3,,,NOT FINAL
2504,462,K.L.M.,2026-09-30 04:45:00,2026-09-30 04:45:00,LARNACA,CYPRUS,3,12-16,A,ON TIME
2505,8855,EL AL ISRAEL AIRLINES,2026-09-30 04:45:00,2026-09-30 04:45:00,LARNACA,CYPRUS,3,12-16,A,ON TIME
2506,0216A,ARKIA  ISRAELI  AIRLINES,2026-09-30 04:50:00,2026-09-30 04:50:00,LARNACA,CYPRUS,3,,,NOT FINAL
2507,0412B,ARKIA  ISRAELI  AIRLINES,2026-09-30 04:50:00,2026-09-30 04:50:00,TIRANA,ALBANIA,3,,,NOT FINAL
2508,257,SWISS INT`L  AIRLINES,2026-09-30 04:50:00,2026-09-30 04:50:00,LARNACA,CYPRUS,3,27-33,A,ON TIME
2509,311,EL AL ISRAEL AIRLINES,2026-09-30 04:50:00,2026-09-30 04:50:00,LONDON LUTON,UNITED KINGDOM,3,78-99,D,ON TIME
2510,1083,AUSTRIAN AIRLINES,2026-09-30 04:55:00,2026-09-30 04:55:00,VIENNA,AUSTRIA,3,,,NOT FINAL
2511,7879,AERO MEXICO,2026-09-30 05:00:00,2026-09-30 05:00:00,MADRID,SPAIN,3,78-99,D,ON TIME
2512,7853,AEROLINEAS ARGENTINAS S.A.,2026-09-30 05:00:00,2026-09-30 05:00:00,MADRID,SPAIN,3,78-99,D,ON TIME
2513,929,AEGEAN  AIRLINES,2026-09-30 05:00:00,2026-09-30 05:00:00,ATHENS,GREECE,3,34-42,B,ON TIME
2514,4308,CONDOR  FLUGDIENST,2026-09-30 05:00:00,2026-09-30 05:00:00,FRANKFURT,GERMANY,3,23-26,A,ON TIME
2515,7714,IBERIA,2026-09-30 05:00:00,2026-09-30 05:00:00,MADRID,SPAIN,3,78-99,D,ON TIME
2516,7616,AIR SERBIA,2026-09-30 05:00:00,2026-09-30 05:00:00,ATHENS,GREECE,3,34-42,B,ON TIME
2517,395,EL AL ISRAEL AIRLINES,2026-09-30 05:00:00,2026-09-30 05:00:00,MADRID,SPAIN,3,78-99,D,ON TIME
2518,5183,EL AL ISRAEL AIRLINES,2026-09-30 05:00:00,2026-09-30 05:00:00,TIRANA,ALBANIA,1,,,ON TIME
2519,7876,AERO MEXICO,2026-09-30 05:05:00,2026-09-30 05:05:00,LONDON,UNITED KINGDOM,3,,,NOT FINAL
2520,771,AIR BALTIC,2026-09-30 05:05:00,2026-09-30 05:05:00,RIGA,LATVIA,3,,,NOT FINAL
2521,152,LOT POLISH AIRLINES,2026-09-30 05:05:00,2026-09-30 05:05:00,WARSAW,POLAND,3,43-46,B,ON TIME
2522,318,EL AL ISRAEL AIRLINES,2026-09-30 05:05:00,2026-09-30 05:05:00,LONDON,UNITED KINGDOM,3,,,NOT FINAL
2523,8072,EL AL ISRAEL AIRLINES,2026-09-30 05:05:00,2026-09-30 05:05:00,RIGA,LATVIA,3,,,NOT FINAL
2524,9255,EL AL ISRAEL AIRLINES,2026-09-30 05:05:00,2026-09-30 05:05:00,WARSAW,POLAND,3,43-46,B,ON TIME
2525,3174,SAS,2026-09-30 05:05:00,2026-09-30 05:05:00,LONDON,UNITED KINGDOM,3,,,NOT FINAL
2526,7496,VIRGIN ATLANTIC AIRWAYS,2026-09-30 05:05:00,2026-09-30 05:05:00,LONDON,UNITED KINGDOM,3,,,NOT FINAL
2527,609,ETIHAD AIRWAYS,2026-09-30 05:10:00,2026-09-30 05:10:00,ABU DHABI,UNITED ARAB EMIRATES,3,,,NOT FINAL
2528,5107,EL AL ISRAEL AIRLINES,2026-09-30 05:10:00,2026-09-30 05:10:00,TBILISI,GEORGIA,1,,,ON TIME
2529,5193,EL AL ISRAEL AIRLINES,2026-09-30 05:10:00,2026-09-30 05:10:00,SALZBURG,AUSTRIA,1,,,ON TIME
2530,9610,EL AL ISRAEL AIRLINES,2026-09-30 05:10:00,2026-09-30 05:10:00,ABU DHABI,UNITED ARAB EMIRATES,3,,,NOT FINAL
2531,881,ISRAIR AIRLINES,2026-09-30 05:10:00,2026-09-30 05:10:00,BAKU,AZERBAIJAN,1,,,ON TIME
2532,9915,AIR CANADA,2026-09-30 05:15:00,2026-09-30 05:15:00,ROME,ITALY,3,7-11,A,ON TIME
2533,809,ITALIA TRASPORTO AEREO,2026-09-30 05:15:00,2026-09-30 05:15:00,ROME,ITALY,3,7-11,A,ON TIME
2534,5235,LUFTHANSA,2026-09-30 05:15:00,2026-09-30 05:15:00,ROME,ITALY,3,7-11,A,ON TIME
2535,5113,EL AL ISRAEL AIRLINES,2026-09-30 05:15:00,2026-09-30 05:15:00,BATUMI,GEORGIA,1,,,ON TIME
2536,894,ISRAIR AIRLINES,2026-09-30 05:15:00,2026-09-30 05:15:00,TBILISI,GEORGIA,3,,,NOT FINAL
2537,529,AEGEAN  AIRLINES,2026-09-30 05:20:00,2026-09-30 05:20:00,LARNACA,CYPRUS,3,34-42,B,ON TIME
2538,737,BLUE BIRD AIRWAYS,2026-09-30 05:20:00,2026-09-30 05:20:00,HERAKLION,GREECE,3,,,NOT FINAL
2539,376,EL AL ISRAEL AIRLINES,2026-09-30 05:25:00,2026-09-30 05:25:00,LISBON,PORTUGAL,3,,,NOT FINAL
2540,8913,AIR PORTUGAL,2026-09-30 05:25:00,2026-09-30 05:25:00,LISBON,PORTUGAL,3,,,NOT FINAL
2541,5182,EL AL ISRAEL AIRLINES,2026-09-30 05:30:00,2026-09-30 05:30:00,ZAGREB,CROATIA,3,,,NOT FINAL
2542,7067,AIR FRANCE,2026-09-30 05:35:00,2026-09-30 05:35:00,PARIS,FRANCE,3,78-99,D,ON TIME
2543,7867,AERO MEXICO,2026-09-30 05:35:00,2026-09-30 05:35:00,PARIS,FRANCE,3,78-99,D,ON TIME
2544,0611A,BLUE BIRD AIRWAYS,2026-09-30 05:35:00,2026-09-30 05:35:00,AMSTERDAM,NETHERLANDS,3,,,NOT FINAL
2545,705,BLUE BIRD AIRWAYS,2026-09-30 05:35:00,2026-09-30 05:35:00,ATHENS,GREECE,3,,,NOT FINAL
2546,9023,AIR SEYCHELLES,2026-09-30 05:35:00,2026-09-30 05:35:00,MAHE SEYCHELLES,SEYCHELLES,3,2-5,A,ON TIME
2547,2365,EL AL ISRAEL AIRLINES,2026-09-30 05:35:00,2026-09-30 05:35:00,BUDAPEST,HUNGARY,3,78-99,D,ON TIME
2548,319,EL AL ISRAEL AIRLINES,2026-09-30 05:35:00,2026-09-30 05:35:00,PARIS,FRANCE,3,78-99,D,ON TIME
2549,1287,SMARTWINGS,2026-09-30 05:35:00,2026-09-30 05:35:00,PRAGUE,CZECH REPUBLIC,3,47-50,B,ON TIME
2550,3161,SAS,2026-09-30 05:35:00,2026-09-30 05:35:00,PARIS,FRANCE,3,78-99,D,ON TIME
2551,597,ARKIA  ISRAELI  AIRLINES,2026-09-30 05:40:00,2026-09-30 05:40:00,PHUKET,THAILAND,3,217-223,G,ON TIME
2552,7712,IBERIA,2026-09-30 05:45:00,2026-09-30 05:45:00,BARCELONA,SPAIN,3,78-99,D,ON TIME
2553,393,EL AL ISRAEL AIRLINES,2026-09-30 05:45:00,2026-09-30 05:45:00,BARCELONA,SPAIN,3,78-99,D,ON TIME
2554,727,ISRAIR AIRLINES,2026-09-30 05:45:00,2026-09-30 05:45:00,BUDAPEST,HUNGARY,3,201-214,G,ON TIME
2555,595,ETIHAD AIRWAYS,2026-09-30 05:50:00,2026-09-30 05:50:00,ABU DHABI,UNITED ARAB EMIRATES,3,,,NOT FINAL
2556,9604,EL AL ISRAEL AIRLINES,2026-09-30 05:50:00,2026-09-30 05:50:00,ABU DHABI,UNITED ARAB EMIRATES,3,,,NOT FINAL
2557,4998,CHINA EASTERN AIRLINES Co. Ltd,2026-09-30 05:50:00,2026-09-30 05:50:00,ABU DHABI,UNITED ARAB EMIRATES,3,,,NOT FINAL
2558,2593,SRILANKA AIRLINES,2026-09-30 05:50:00,2026-09-30 05:50:00,ABU DHABI,UNITED ARAB EMIRATES,3,,,NOT FINAL
2559,747,BLUE BIRD AIRWAYS,2026-09-30 05:55:00,2026-09-30 05:55:00,HERAKLION,GREECE,3,51-53,B,ON TIME
2560,6173,AIR FRANCE,2026-09-30 06:00:00,2026-09-30 06:00:00,NICE,FRANCE,3,78-99,D,ON TIME
2561,223,EL AL ISRAEL AIRLINES,2026-09-30 06:00:00,2026-09-30 06:00:00,NICE,FRANCE,3,78-99,D,ON TIME
2562,353,EL AL ISRAEL AIRLINES,2026-09-30 06:00:00,2026-09-30 06:00:00,MUNICH,GERMANY,3,78-99,D,ON TIME
2563,5035,EL AL ISRAEL AIRLINES,2026-09-30 06:00:00,2026-09-30 06:00:00,RHODES,GREECE,1,,,ON TIME
2564,5101,EL AL ISRAEL AIRLINES,2026-09-30 06:00:00,2026-09-30 06:00:00,WARSAW,POLAND,3,78-99,D,ON TIME
2565,084,AUSTRIAN AIRLINES,2026-09-30 06:00:00,2026-09-30 06:00:00,VIENNA,AUSTRIA,3,27-33,A,ON TIME
2566,3165,SAS,2026-09-30 06:00:00,2026-09-30 06:00:00,MUNICH,GERMANY,3,78-99,D,ON TIME
2567,7857,AEROLINEAS ARGENTINAS S.A.,2026-09-30 06:05:00,2026-09-30 06:05:00,ROME,ITALY,3,78-99,D,ON TIME
2568,357,EL AL ISRAEL AIRLINES,2026-09-30 06:05:00,2026-09-30 06:05:00,FRANKFURT,GERMANY,3,78-99,D,ON TIME
2569,385,EL AL ISRAEL AIRLINES,2026-09-30 06:05:00,2026-09-30 06:05:00,ROME,ITALY,3,78-99,D,ON TIME
2570,3167,SAS,2026-09-30 06:05:00,2026-09-30 06:05:00,ROME,ITALY,3,78-99,D,ON TIME
2571,8898,AIR PORTUGAL,2026-09-30 06:05:00,2026-09-30 06:05:00,ROME,ITALY,3,78-99,D,ON TIME
2572,4269,AEGEAN  AIRLINES,2026-09-30 06:10:00,2026-09-30 06:10:00,HERAKLION,GREECE,3,34-42,B,ON TIME
2573,772,AIR BALTIC,2026-09-30 06:10:00,2026-09-30 06:10:00,RIGA,LATVIA,3,G16-G18,G,ON TIME
2574,0216B,ARKIA  ISRAELI  AIRLINES,2026-09-30 06:10:00,2026-09-30 06:10:00,ATHENS,GREECE,3,,,NOT FINAL
2575,5245,EL AL ISRAEL AIRLINES,2026-09-30 06:10:00,2026-09-30 06:10:00,THESSALONIKI,GREECE,1,,,ON TIME
2576,8071,EL AL ISRAEL AIRLINES,2026-09-30 06:10:00,2026-09-30 06:10:00,RIGA,LATVIA,3,G16-G18,G,ON TIME
2577,163,ARKIA  ISRAELI  AIRLINES,2026-09-30 06:20:00,2026-09-30 06:20:00,LARNACA,CYPRUS,1,,,ON TIME
2578,801,ARKIA  ISRAELI  AIRLINES,2026-09-30 06:20:00,2026-09-30 06:20:00,RAMON,ISRAEL,1,,,ON TIME
2579,2371,EL AL ISRAEL AIRLINES,2026-09-30 06:20:00,2026-09-30 06:20:00,BERLIN,GERMANY,3,78-99,D,ON TIME
2580,3157,SAS,2026-09-30 06:20:00,2026-09-30 06:20:00,BERLIN,GERMANY,3,78-99,D,ON TIME
2581,573,EL AL ISRAEL AIRLINES,2026-09-30 06:30:00,2026-09-30 06:30:00,BUCHAREST,ROMANIA,3,78-99,D,ON TIME
2582,9102,TAROM - ROMANIAN AIR TRANSPORT,2026-09-30 06:30:00,2026-09-30 06:30:00,BUCHAREST,ROMANIA,3,78-99,D,ON TIME
2583,043,ISRAIR AIRLINES,2026-09-30 06:30:00,2026-09-30 06:30:00,RAMON,ISRAEL,1,,,ON TIME
2584,6677,AIR BALTIC,2026-09-30 06:40:00,2026-09-30 06:40:00,PRAGUE,CZECH REPUBLIC,3,78-99,D,ON TIME
2585,082,EL AL ISRAEL AIRLINES,2026-09-30 06:40:00,2026-09-30 06:40:00,BANGKOK,THAILAND,3,,,NOT FINAL
2586,2521,EL AL ISRAEL AIRLINES,2026-09-30 06:40:00,2026-09-30 06:40:00,PRAGUE,CZECH REPUBLIC,3,78-99,D,ON TIME
2587,361,EL AL ISRAEL AIRLINES,2026-09-30 06:40:00,2026-09-30 06:40:00,VIENNA,AUSTRIA,3,78-99,D,ON TIME
2588,5017,QANTAS AIRWAYS,2026-09-30 06:40:00,2026-09-30 06:40:00,BANGKOK,THAILAND,3,,,NOT FINAL
2589,4583,THAI AIRWAYS,2026-09-30 06:40:00,2026-09-30 06:40:00,BANGKOK,THAILAND,3,,,NOT FINAL
2590,3299,VIETNAM AIRLINES,2026-09-30 06:40:00,2026-09-30 06:40:00,BANGKOK,THAILAND,3,,,NOT FINAL
2591,423,ARKIA  ISRAELI  AIRLINES,2026-09-30 06:45:00,2026-09-30 06:45:00,VIENNA,AUSTRIA,3,G1-G10,G,ON TIME
2592,7864,AERO MEXICO,2026-09-30 06:50:00,2026-09-30 06:50:00,AMSTERDAM,NETHERLANDS,3,78-99,D,ON TIME
2593,6673,AIR BALTIC,2026-09-30 06:50:00,2026-09-30 06:50:00,AMSTERDAM,NETHERLANDS,3,78-99,D,ON TIME
2594,7447,DELTA AIRLINES,2026-09-30 06:50:00,2026-09-30 06:50:00,NEW YORK,UNITED STATES,3,,,NOT FINAL
2595,2473,K.L.M.,2026-09-30 06:50:00,2026-09-30 06:50:00,AMSTERDAM,NETHERLANDS,3,78-99,D,ON TIME
2596,010,EL AL ISRAEL AIRLINES,2026-09-30 06:50:00,2026-09-30 06:50:00,NEW YORK,UNITED STATES,3,,,NOT FINAL
2597,337,EL AL ISRAEL AIRLINES,2026-09-30 06:50:00,2026-09-30 06:50:00,AMSTERDAM,NETHERLANDS,3,78-99,D,ON TIME
2598,3155,SAS,2026-09-30 06:50:00,2026-09-30 06:50:00,AMSTERDAM,NETHERLANDS,3,78-99,D,ON TIME
2599,7444,DELTA AIRLINES,2026-09-30 06:55:00,2026-09-30 06:55:00,NEWARK,UNITED STATES,3,,,NOT FINAL
2600,994,ARKIA  ISRAELI  AIRLINES,2026-09-30 06:55:00,2026-09-30 06:55:00,NEW YORK,UNITED STATES,3,,,NOT FINAL
2601,028,EL AL ISRAEL AIRLINES,2026-09-30 06:55:00,2026-09-30 06:55:00,NEWARK,UNITED STATES,3,,,NOT FINAL
2602,7850,AEROLINEAS ARGENTINAS S.A.,2026-09-30 07:00:00,2026-09-30 07:00:00,MIAMI,UNITED STATES,3,,,NOT FINAL
2603,7438,DELTA AIRLINES,2026-09-30 07:00:00,2026-09-30 07:00:00,MIAMI,UNITED STATES,3,,,NOT FINAL
2604,610,ETIHAD AIRWAYS,2026-09-30 07:00:00,2026-09-30 07:00:00,ABU DHABI,UNITED ARAB EMIRATES,3,,,ON TIME
2605,413,ARKIA  ISRAELI  AIRLINES,2026-09-30 07:00:00,2026-09-30 07:00:00,BATUMI,GEORGIA,1,,,ON TIME
2606,018,EL AL ISRAEL AIRLINES,2026-09-30 07:00:00,2026-09-30 07:00:00,MIAMI,UNITED STATES,3,,,NOT FINAL
2607,347,EL AL ISRAEL AIRLINES,2026-09-30 07:00:00,2026-09-30 07:00:00,ZURICH,SWITZERLAND,3,78-99,D,ON TIME
2608,5131,EL AL ISRAEL AIRLINES,2026-09-30 07:00:00,2026-09-30 07:00:00,LARNACA,CYPRUS,1,,,ON TIME
2609,9613,EL AL ISRAEL AIRLINES,2026-09-30 07:00:00,2026-09-30 07:00:00,ABU DHABI,UNITED ARAB EMIRATES,3,,,ON TIME
2610,3189,SAS,2026-09-30 07:00:00,2026-09-30 07:00:00,ZURICH,SWITZERLAND,3,78-99,D,ON TIME
2611,541,EL AL ISRAEL AIRLINES,2026-09-30 07:05:00,2026-09-30 07:05:00,ATHENS,GREECE,3,78-99,D,ON TIME
2612,575,ISRAIR AIRLINES,2026-09-30 07:05:00,2026-09-30 07:05:00,THESSALONIKI,GREECE,3,201-214,G,ON TIME
2613,481,ARKIA  ISRAELI  AIRLINES,2026-09-30 07:10:00,2026-09-30 07:10:00,COLOGNE,GERMANY,3,,,ON TIME
2614,5413,EL AL ISRAEL AIRLINES,2026-09-30 07:10:00,2026-09-30 07:10:00,BASEL,SWITZERLAND,3,78-99,D,ON TIME
2615,4603,WIZZAIR,2026-09-30 07:10:00,2026-09-30 07:10:00,LARNACA,CYPRUS,3,,,NOT FINAL
2616,763,ISRAIR AIRLINES,2026-09-30 07:10:00,2026-09-30 07:10:00,PRAGUE,CZECH REPUBLIC,3,201-214,G,ON TIME
2617,551,EL AL ISRAEL AIRLINES,2026-09-30 07:15:00,2026-09-30 07:15:00,SOFIA,BULGARIA,3,78-99,D,ON TIME
2618,211,ARKIA  ISRAELI  AIRLINES,2026-09-30 07:20:00,2026-09-30 07:20:00,ATHENS,GREECE,1,,,ON TIME
2619,5139,EL AL ISRAEL AIRLINES,2026-09-30 07:20:00,2026-09-30 07:20:00,PAPHOS,CYPRUS,1,,,ON TIME
2620,6176,AIR FRANCE,2026-09-30 07:25:00,2026-09-30 07:25:00,PARIS,FRANCE,3,78-99,D,ON TIME
2621,7897,AERO MEXICO,2026-09-30 07:25:00,2026-09-30 07:25:00,PARIS,FRANCE,3,78-99,D,ON TIME
2622,373,CENTRUM AIR,2026-09-30 07:25:00,2026-09-30 07:25:00,SAMARKAND,UZBEKISTAN,3,,,NOT FINAL
2623,221,EL AL ISRAEL AIRLINES,2026-09-30 07:25:00,2026-09-30 07:25:00,PARIS,FRANCE,3,78-99,D,ON TIME
2624,3195,SAS,2026-09-30 07:25:00,2026-09-30 07:25:00,PARIS,FRANCE,3,78-99,D,ON TIME
2625,058,ISRAIR AIRLINES,2026-09-30 07:30:00,2026-09-30 07:30:00,RAMON,ISRAEL,1,,,NOT FINAL
2626,381,EL AL ISRAEL AIRLINES,2026-09-30 07:35:00,2026-09-30 07:35:00,MILAN,ITALY,3,78-99,D,ON TIME
2627,3185,SAS,2026-09-30 07:35:00,2026-09-30 07:35:00,MILAN,ITALY,3,78-99,D,ON TIME
2628,8910,AIR PORTUGAL,2026-09-30 07:35:00,2026-09-30 07:35:00,MILAN,ITALY,3,78-99,D,ON TIME
2629,2332,EMIRATES,2026-09-30 07:40:00,2026-09-30 07:40:00,DUBAI,UNITED ARAB EMIRATES,3,,,NOT FINAL
2630,1541,FLYDUBAI,2026-09-30 07:40:00,2026-09-30 07:40:00,DUBAI,UNITED ARAB EMIRATES,3,,,NOT FINAL
2631,062,ISRAIR AIRLINES,2026-09-30 07:40:00,2026-09-30 07:40:00,MARRAKESH,MOROCCO,3,,,NOT FINAL
2632,596,ETIHAD AIRWAYS,2026-09-30 07:45:00,2026-09-30 07:45:00,ABU DHABI,UNITED ARAB EMIRATES,3,12-22,A,ON TIME
2633,9606,EL AL ISRAEL AIRLINES,2026-09-30 07:45:00,2026-09-30 07:45:00,ABU DHABI,UNITED ARAB EMIRATES,3,12-22,A,ON TIME
2634,735,BLUE BIRD AIRWAYS,2026-09-30 07:50:00,2026-09-30 07:50:00,HERAKLION,GREECE,3,,,NOT FINAL
2635,216,TUS AIRWAYS,2026-09-30 07:50:00,2026-09-30 07:50:00,THESSALONIKI,GREECE,3,224-226,G,ON TIME
2636,235,TUS AIRWAYS,2026-09-30 07:50:00,2026-09-30 07:50:00,CORFU,GREECE,3,,,NOT FINAL
2637,888,BLUE BIRD AIRWAYS,2026-09-30 07:55:00,2026-09-30 07:55:00,MYKONOS,GREECE,3,50-52,B,ON TIME
2638,165,ARKIA  ISRAELI  AIRLINES,2026-09-30 07:55:00,2026-09-30 07:55:00,LARNACA,CYPRUS,3,G1-G10,G,ON TIME
2639,1071,ARKIA  ISRAELI  AIRLINES,2026-09-30 08:00:00,2026-09-30 08:00:00,RHODES,GREECE,1,,,ON TIME
2640,321,ARKIA  ISRAELI  AIRLINES,2026-09-30 08:00:00,2026-09-30 08:00:00,BAKU,AZERBAIJAN,3,,,ON TIME
2641,9360,NEOS,2026-09-30 08:00:00,2026-09-30 08:00:00,PAPHOS,CYPRUS,3,23-26,A,ON TIME
2642,517,ISRAIR AIRLINES,2026-09-30 08:00:00,2026-09-30 08:00:00,RHODES,GREECE,3,201-214,G,ON TIME
2643,4604,WIZZAIR,2026-09-30 08:05:00,2026-09-30 08:05:00,LARNACA,CYPRUS,1,,,ON TIME
2644,736,BLUE BIRD AIRWAYS,2026-09-30 08:10:00,2026-09-30 08:10:00,HERAKLION,GREECE,3,,,ON TIME
2645,4547,WIZZAIR,2026-09-30 08:10:00,2026-09-30 08:10:00,VARNA,BULGARIA,3,,,NOT FINAL
2646,441,ARKIA  ISRAELI  AIRLINES,2026-09-30 08:15:00,2026-09-30 08:15:00,MUNICH,GERMANY,1,,,ON TIME
2647,4427,WIZZAIR,2026-09-30 08:15:00,2026-09-30 08:15:00,SOFIA,BULGARIA,3,,,NOT FINAL
2648,762,BLUE BIRD AIRWAYS,2026-09-30 08:20:00,2026-09-30 08:20:00,KHANIA,GREECE,3,46-48,B,ON TIME
2649,173,ISRAIR AIRLINES,2026-09-30 08:20:00,2026-09-30 08:20:00,TIVAT,MONTENEGRO,3,201-214,G,ON TIME
2650,3257,WIZZ AIR MALTA,2026-09-30 08:25:00,2026-09-30 08:25:00,BUCHAREST,ROMANIA,3,,,NOT FINAL
2651,702,BLUE BIRD AIRWAYS,2026-09-30 08:30:00,2026-09-30 08:30:00,ATHENS,GREECE,3,42-44,B,ON TIME
2652,752,BLUE BIRD AIRWAYS,2026-09-30 08:30:00,2026-09-30 08:30:00,HERAKLION,GREECE,3,,,ON TIME
2653,6675,AIR BALTIC,2026-09-30 08:35:00,2026-09-30 08:35:00,ROME,ITALY,3,78-99,D,ON TIME
2654,285,EL AL ISRAEL AIRLINES,2026-09-30 08:35:00,2026-09-30 08:35:00,ROME,ITALY,3,78-99,D,ON TIME
2655,249,ISRAIR AIRLINES,2026-09-30 08:35:00,2026-09-30 08:35:00,SALZBURG,AUSTRIA,1,,,ON TIME
2656,374,CENTRUM AIR,2026-09-30 08:45:00,2026-09-30 08:45:00,SAMARKAND,UZBEKISTAN,3,60-64,C,ON TIME
2657,756,BLUE BIRD AIRWAYS,2026-09-30 08:50:00,2026-09-30 08:50:00,HERAKLION,GREECE,3,40-42,B,ON TIME
2658,802,ARKIA  ISRAELI  AIRLINES,2026-09-30 08:50:00,2026-09-30 08:50:00,RAMON,ISRAEL,1,,,NOT FINAL
2659,5517,AIR CANADA,2026-09-30 08:55:00,2026-09-30 08:55:00,NEWARK,UNITED STATES,3,,,NOT FINAL
2660,755,BLUE BIRD AIRWAYS,2026-09-30 08:55:00,2026-09-30 08:55:00,HERAKLION,GREECE,3,,,NOT FINAL
2661,2333,EMIRATES,2026-09-30 08:55:00,2026-09-30 08:55:00,DUBAI,UNITED ARAB EMIRATES,3,56-59,C,ON TIME
2662,1542,FLYDUBAI,2026-09-30 08:55:00,2026-09-30 08:55:00,DUBAI,UNITED ARAB EMIRATES,3,56-59,C,ON TIME
2663,084,UNITED AIRLINES,2026-09-30 08:55:00,2026-09-30 08:55:00,NEWARK,UNITED STATES,3,,,NOT FINAL
2664,883,ISRAIR AIRLINES,2026-09-30 08:55:00,2026-09-30 08:55:00,BATUMI,GEORGIA,3,201-214,G,ON TIME
2665,692,BLUE BIRD AIRWAYS,2026-09-30 09:00:00,2026-09-30 09:00:00,RHODES,GREECE,3,38-40,B,ON TIME
2666,103,TUS AIRWAYS,2026-09-30 09:00:00,2026-09-30 09:00:00,LARNACA,CYPRUS,3,222-224,G,ON TIME
2667,152,TUS AIRWAYS,2026-09-30 09:00:00,2026-09-30 09:00:00,PAPHOS,CYPRUS,3,220-222,G,ON TIME
2668,755,ISRAIR AIRLINES,2026-09-30 09:00:00,2026-09-30 09:00:00,LJUBLJANA,SLOVENIA,3,201-214,G,ON TIME
2669,4548,WIZZAIR,2026-09-30 09:05:00,2026-09-30 09:05:00,VARNA,BULGARIA,1,,,ON TIME
2670,562,BLUE BIRD AIRWAYS,2026-09-30 09:10:00,2026-09-30 09:10:00,BOURGAS,BULGARIA,3,36-38,B,ON TIME
2671,2120,EMIRATES,2026-09-30 09:10:00,2026-09-30 09:10:00,DUBAI,UNITED ARAB EMIRATES,3,,,NOT FINAL
2672,1073,FLYDUBAI,2026-09-30 09:10:00,2026-09-30 09:10:00,DUBAI,UNITED ARAB EMIRATES,3,,,NOT FINAL
2673,4428,WIZZAIR,2026-09-30 09:10:00,2026-09-30 09:10:00,SOFIA,BULGARIA,1,,,ON TIME
2674,2505,WIZZAIR,2026-09-30 09:15:00,2026-09-30 09:15:00,BUDAPEST,HUNGARY,3,,,NOT FINAL
2675,164,ARKIA  ISRAELI  AIRLINES,2026-09-30 09:20:00,2026-09-30 09:20:00,LARNACA,CYPRUS,3,,,NOT FINAL
2676,3258,WIZZ AIR MALTA,2026-09-30 09:20:00,2026-09-30 09:20:00,BUCHAREST,ROMANIA,1,,,ON TIME
2677,234,DELTA AIRLINES,2026-09-30 09:25:00,2026-09-30 09:25:00,NEW YORK,UNITED STATES,3,,,NOT FINAL
2678,4000,EL AL ISRAEL AIRLINES,2026-09-30 09:25:00,2026-09-30 09:25:00,NEW YORK,UNITED STATES,3,,,NOT FINAL
2679,121,ARKIA  ISRAELI  AIRLINES,2026-09-30 09:30:00,2026-09-30 09:30:00,MYKONOS,GREECE,3,,,ON TIME
2680,458,TUS AIRWAYS,2026-09-30 09:30:00,2026-09-30 09:30:00,BOLOGNA,ITALY,3,218-220,G,ON TIME
2681,044,ISRAIR AIRLINES,2026-09-30 09:30:00,2026-09-30 09:30:00,RAMON,ISRAEL,1,,,NOT FINAL
2682,6671,AIR BALTIC,2026-09-30 09:35:00,2026-09-30 09:35:00,AMSTERDAM,NETHERLANDS,3,78-99,D,ON TIME
2683,2471,K.L.M.,2026-09-30 09:35:00,2026-09-30 09:35:00,AMSTERDAM,NETHERLANDS,3,78-99,D,ON TIME
2684,237,EL AL ISRAEL AIRLINES,2026-09-30 09:35:00,2026-09-30 09:35:00,AMSTERDAM,NETHERLANDS,3,78-99,D,ON TIME
2685,3153,SAS,2026-09-30 09:35:00,2026-09-30 09:35:00,AMSTERDAM,NETHERLANDS,3,78-99,D,ON TIME
2686,802,BLUE BIRD AIRWAYS,2026-09-30 09:40:00,2026-09-30 09:40:00,KOS,GREECE,3,34-36,B,ON TIME
2687,2369,EMIRATES,2026-09-30 09:40:00,2026-09-30 09:40:00,DUBAI,UNITED ARAB EMIRATES,3,,,NOT FINAL
2688,1549,FLYDUBAI,2026-09-30 09:40:00,2026-09-30 09:40:00,DUBAI,UNITED ARAB EMIRATES,3,,,NOT FINAL
2689,807,ARKIA  ISRAELI  AIRLINES,2026-09-30 09:50:00,2026-09-30 09:50:00,RAMON,ISRAEL,1,,,ON TIME
2690,501,ISRAIR AIRLINES,2026-09-30 09:50:00,2026-09-30 09:50:00,HERAKLION,GREECE,1,,,ON TIME
2691,2268,EMIRATES,2026-09-30 09:55:00,2026-09-30 09:55:00,DUBAI,UNITED ARAB EMIRATES,3,,,NOT FINAL
2692,1635,FLYDUBAI,2026-09-30 09:55:00,2026-09-30 09:55:00,DUBAI,UNITED ARAB EMIRATES,3,,,NOT FINAL
2693,641,ARKIA  ISRAELI  AIRLINES,2026-09-30 09:55:00,2026-09-30 09:55:00,FASCENE,MADAGASKAR,3,,,ON TIME
2694,357,TUS AIRWAYS,2026-09-30 09:55:00,2026-09-30 09:55:00,NAPLES,ITALY,3,,,NOT FINAL
2695,7069,AIR FRANCE,2026-09-30 10:00:00,2026-09-30 10:00:00,PARIS,FRANCE,3,78-99,D,ON TIME
2696,7885,AERO MEXICO,2026-09-30 10:00:00,2026-09-30 10:00:00,PARIS,FRANCE,3,78-99,D,ON TIME
2697,7899,AERO MEXICO,2026-09-30 10:00:00,2026-09-30 10:00:00,LOS ANGELES,UNITED STATES,3,78-99,D,ON TIME
2698,7451,DELTA AIRLINES,2026-09-30 10:00:00,2026-09-30 10:00:00,LOS ANGELES,UNITED STATES,3,78-99,D,ON TIME
2699,415,ETHIOPIAN AIRLINES,2026-09-30 10:00:00,2026-09-30 10:00:00,ADDIS ABABA,ETHIOPIA,3,2-6,A,ON TIME
2700,105,EL AL ISRAEL AIRLINES,2026-09-30 10:00:00,2026-09-30 10:00:00,LOS ANGELES,UNITED STATES,3,78-99,D,ON TIME
2701,323,EL AL ISRAEL AIRLINES,2026-09-30 10:00:00,2026-09-30 10:00:00,PARIS,FRANCE,3,78-99,D,ON TIME
2702,8805,EL AL ISRAEL AIRLINES,2026-09-30 10:00:00,2026-09-30 10:00:00,ADDIS ABABA,ETHIOPIA,3,2-6,A,ON TIME
2703,3163,SAS,2026-09-30 10:00:00,2026-09-30 10:00:00,PARIS,FRANCE,3,78-99,D,ON TIME
2704,6041,WIZZ AIR MALTA,2026-09-30 10:00:00,2026-09-30 10:00:00,ROME,ITALY,3,,,NOT FINAL
2705,6405,WIZZ AIR MALTA,2026-09-30 10:00:00,2026-09-30 10:00:00,MILAN,ITALY,3,,,NOT FINAL
2706,563,ISRAIR AIRLINES,2026-09-30 10:00:00,2026-09-30 10:00:00,ATHENS,GREECE,3,201-210,G,ON TIME
2707,723,ISRAIR AIRLINES,2026-09-30 10:05:00,2026-09-30 10:05:00,BUDAPEST,HUNGARY,1,,,ON TIME
2708,7863,AERO MEXICO,2026-09-30 10:10:00,2026-09-30 10:10:00,LONDON,UNITED KINGDOM,3,78-99,D,ON TIME
2709,7434,DELTA AIRLINES,2026-09-30 10:10:00,2026-09-30 10:10:00,LONDON,UNITED KINGDOM,3,78-99,D,ON TIME
2710,315,EL AL ISRAEL AIRLINES,2026-09-30 10:10:00,2026-09-30 10:10:00,LONDON,UNITED KINGDOM,3,78-99,D,ON TIME
2711,3181,SAS,2026-09-30 10:10:00,2026-09-30 10:10:00,LONDON,UNITED KINGDOM,3,78-99,D,ON TIME
2712,7493,VIRGIN ATLANTIC AIRWAYS,2026-09-30 10:10:00,2026-09-30 10:10:00,LONDON,UNITED KINGDOM,3,78-99,D,ON TIME
2713,2097,WIZZAIR,2026-09-30 10:10:00,2026-09-30 10:10:00,KRAKOW,POLAND,3,,,NOT FINAL
2714,2506,WIZZAIR,2026-09-30 10:10:00,2026-09-30 10:10:00,BUDAPEST,HUNGARY,1,,,ON TIME
2715,7874,AERO MEXICO,2026-09-30 10:15:00,2026-09-30 10:15:00,NEW YORK,UNITED STATES,3,78-99,D,ON TIME
2716,7430,DELTA AIRLINES,2026-09-30 10:15:00,2026-09-30 10:15:00,NEW YORK,UNITED STATES,3,78-99,D,ON TIME
2717,007,EL AL ISRAEL AIRLINES,2026-09-30 10:15:00,2026-09-30 10:15:00,NEW YORK,UNITED STATES,3,78-99,D,ON TIME
2718,5132,EL AL ISRAEL AIRLINES,2026-09-30 10:20:00,2026-09-30 10:20:00,LARNACA,CYPRUS,3,,,NOT FINAL
2719,6735,WIZZ AIR MALTA,2026-09-30 10:20:00,2026-09-30 10:20:00,VENICE,ITALY,3,,,NOT FINAL
2720,5036,EL AL ISRAEL AIRLINES,2026-09-30 10:25:00,2026-09-30 10:25:00,RHODES,GREECE,3,,,NOT FINAL
2721,741,ARKIA  ISRAELI  AIRLINES,2026-09-30 10:30:00,2026-09-30 10:30:00,PARIS,FRANCE,3,,,ON TIME
2722,581,ISRAIR AIRLINES,2026-09-30 10:30:00,2026-09-30 10:30:00,LARNACA,CYPRUS,3,201-210,G,ON TIME
2723,151,ARKIA  ISRAELI  AIRLINES,2026-09-30 10:35:00,2026-09-30 10:35:00,PAPHOS,CYPRUS,3,G1-G15,G,ON TIME
2724,322,ARKIA  ISRAELI  AIRLINES,2026-09-30 10:45:00,2026-09-30 10:45:00,BAKU,AZERBAIJAN,3,,,NOT FINAL
2725,156,LOT POLISH AIRLINES,2026-09-30 10:45:00,2026-09-30 10:45:00,WARSAW,POLAND,3,65-69,C,ON TIME
2726,9251,EL AL ISRAEL AIRLINES,2026-09-30 10:45:00,2026-09-30 10:45:00,WARSAW,POLAND,3,65-69,C,ON TIME
2727,7868,AERO MEXICO,2026-09-30 10:50:00,2026-09-30 10:50:00,NEW YORK,UNITED STATES,3,,,NOT FINAL
2728,7425,DELTA AIRLINES,2026-09-30 10:50:00,2026-09-30 10:50:00,NEW YORK,UNITED STATES,3,,,NOT FINAL
2729,002,EL AL ISRAEL AIRLINES,2026-09-30 10:50:00,2026-09-30 10:50:00,NEW YORK,UNITED STATES,3,,,NOT FINAL
2730,5114,EL AL ISRAEL AIRLINES,2026-09-30 10:50:00,2026-09-30 10:50:00,BATUMI,GEORGIA,3,,,NOT FINAL
2731,5140,EL AL ISRAEL AIRLINES,2026-09-30 10:50:00,2026-09-30 10:50:00,PAPHOS,CYPRUS,3,,,NOT FINAL
2732,2370,EMIRATES,2026-09-30 10:55:00,2026-09-30 10:55:00,DUBAI,UNITED ARAB EMIRATES,3,56-62,C,ON TIME
2733,1550,FLYDUBAI,2026-09-30 10:55:00,2026-09-30 10:55:00,DUBAI,UNITED ARAB EMIRATES,3,56-62,C,ON TIME
2734,6042,WIZZ AIR MALTA,2026-09-30 10:55:00,2026-09-30 10:55:00,ROME,ITALY,1,,,ON TIME
2735,6406,WIZZ AIR MALTA,2026-09-30 10:55:00,2026-09-30 10:55:00,MILAN,ITALY,1,,,ON TIME
2736,1559,WIZZAIR,2026-09-30 10:55:00,2026-09-30 10:55:00,WARSAW,POLAND,3,,,NOT FINAL
2737,5518,AIR CANADA,2026-09-30 11:00:00,2026-09-30 11:00:00,NEWARK,UNITED STATES,3,12-19,A,ON TIME
2738,2121,EMIRATES,2026-09-30 11:00:00,2026-09-30 11:00:00,DUBAI,UNITED ARAB EMIRATES,3,56-62,C,ON TIME
2739,1074,FLYDUBAI,2026-09-30 11:00:00,2026-09-30 11:00:00,DUBAI,UNITED ARAB EMIRATES,3,56-62,C,ON TIME
2740,166,ARKIA  ISRAELI  AIRLINES,2026-09-30 11:00:00,2026-09-30 11:00:00,LARNACA,CYPRUS,3,,,NOT FINAL
2741,9361,NEOS,2026-09-30 11:00:00,2026-09-30 11:00:00,PAPHOS,CYPRUS,3,,,NOT FINAL
2742,085,UNITED AIRLINES,2026-09-30 11:00:00,2026-09-30 11:00:00,NEWARK,UNITED STATES,3,12-19,A,ON TIME
2743,356,TUS AIRWAYS,2026-09-30 11:00:00,2026-09-30 11:00:00,NAPLES,ITALY,3,224-226,G,ON TIME
2744,335,ISRAIR AIRLINES,2026-09-30 11:00:00,2026-09-30 11:00:00,CATANIA,ITALY,1,,,ON TIME
2745,2098,WIZZAIR,2026-09-30 11:05:00,2026-09-30 11:05:00,KRAKOW,POLAND,1,,,ON TIME
2746,593,ETIHAD AIRWAYS,2026-09-30 11:10:00,2026-09-30 11:10:00,ABU DHABI,UNITED ARAB EMIRATES,3,,,NOT FINAL
2747,9600,EL AL ISRAEL AIRLINES,2026-09-30 11:10:00,2026-09-30 11:10:00,ABU DHABI,UNITED ARAB EMIRATES,3,,,NOT FINAL
2748,047,ISRAIR AIRLINES,2026-09-30 11:10:00,2026-09-30 11:10:00,RAMON,ISRAEL,1,,,ON TIME
2749,801,BLUE BIRD AIRWAYS,2026-09-30 11:15:00,2026-09-30 11:15:00,KOS,GREECE,3,,,NOT FINAL
2750,6736,WIZZ AIR MALTA,2026-09-30 11:15:00,2026-09-30 11:15:00,VENICE,ITALY,1,,,ON TIME
2751,607,ETIHAD AIRWAYS,2026-09-30 11:20:00,2026-09-30 11:20:00,ABU DHABI,UNITED ARAB EMIRATES,3,,,NOT FINAL
2752,9614,EL AL ISRAEL AIRLINES,2026-09-30 11:20:00,2026-09-30 11:20:00,ABU DHABI,UNITED ARAB EMIRATES,3,,,NOT FINAL
2753,021,AZERBAIJAN AIRLINES,2026-09-30 11:30:00,2026-09-30 11:30:00,BAKU,AZERBAIJAN,3,,,NOT FINAL
2754,5108,EL AL ISRAEL AIRLINES,2026-09-30 11:30:00,2026-09-30 11:30:00,TBILISI,GEORGIA,3,,,NOT FINAL
2755,9950,EL AL ISRAEL AIRLINES,2026-09-30 11:30:00,2026-09-30 11:30:00,BAKU,AZERBAIJAN,3,,,NOT FINAL
2756,235,DELTA AIRLINES,2026-09-30 11:35:00,2026-09-30 11:35:00,NEW YORK,UNITED STATES,3,46-55,B,ON TIME
2757,4001,EL AL ISRAEL AIRLINES,2026-09-30 11:35:00,2026-09-30 11:35:00,NEW YORK,UNITED STATES,3,46-55,B,ON TIME
2758,2269,EMIRATES,2026-09-30 11:45:00,2026-09-30 11:45:00,DUBAI,UNITED ARAB EMIRATES,3,56-62,C,ON TIME
2759,1636,FLYDUBAI,2026-09-30 11:45:00,2026-09-30 11:45:00,DUBAI,UNITED ARAB EMIRATES,3,56-62,C,ON TIME
2760,543,QANOT SHARQ,2026-09-30 11:45:00,2026-09-30 11:45:00,SAMARKAND,UZBEKISTAN,3,,,NOT FINAL
2761,5467,EL AL ISRAEL AIRLINES,2026-09-30 11:50:00,2026-09-30 11:50:00,TIVAT,MONTENEGRO,3,78-99,D,ON TIME
2762,1560,WIZZAIR,2026-09-30 11:50:00,2026-09-30 11:50:00,WARSAW,POLAND,1,,,ON TIME
2763,414,ARKIA  ISRAELI  AIRLINES,2026-09-30 11:55:00,2026-09-30 11:55:00,BATUMI,GEORGIA,3,,,NOT FINAL
2764,121,AZERBAIJAN AIRLINES,2026-09-30 11:55:00,2026-09-30 11:55:00,BAKU,AZERBAIJAN,3,,,NOT FINAL
2765,5184,EL AL ISRAEL AIRLINES,2026-09-30 11:55:00,2026-09-30 11:55:00,TIRANA,ALBANIA,3,,,NOT FINAL
2766,5246,EL AL ISRAEL AIRLINES,2026-09-30 11:55:00,2026-09-30 11:55:00,THESSALONIKI,GREECE,3,,,NOT FINAL
2767,9958,EL AL ISRAEL AIRLINES,2026-09-30 11:55:00,2026-09-30 11:55:00,BAKU,AZERBAIJAN,3,,,NOT FINAL
2768,1072,ARKIA  ISRAELI  AIRLINES,2026-09-30 12:00:00,2026-09-30 12:00:00,RHODES,GREECE,3,,,NOT FINAL
2769,7512,WIZZ AIR MALTA,2026-09-30 12:00:00,2026-09-30 12:00:00,ATHENS,GREECE,3,,,NOT FINAL
2770,108,TUS AIRWAYS,2026-09-30 12:05:00,2026-09-30 12:05:00,LARNACA,CYPRUS,3,,,NOT FINAL
2771,7073,AIR FRANCE,2026-09-30 12:10:00,2026-09-30 12:10:00,PARIS,FRANCE,3,78-99,D,ON TIME
2772,7892,AERO MEXICO,2026-09-30 12:10:00,2026-09-30 12:10:00,PARIS,FRANCE,3,78-99,D,ON TIME
2773,327,EL AL ISRAEL AIRLINES,2026-09-30 12:10:00,2026-09-30 12:10:00,PARIS,FRANCE,3,78-99,D,ON TIME
2774,3159,SAS,2026-09-30 12:10:00,2026-09-30 12:10:00,PARIS,FRANCE,3,78-99,D,ON TIME
2775,153,TUS AIRWAYS,2026-09-30 12:10:00,2026-09-30 12:10:00,PAPHOS,CYPRUS,3,,,NOT FINAL
2776,518,ISRAIR AIRLINES,2026-09-30 12:15:00,2026-09-30 12:15:00,RHODES,GREECE,3,,,NOT FINAL
2777,2363,EMIRATES,2026-09-30 12:20:00,2026-09-30 12:20:00,DUBAI,UNITED ARAB EMIRATES,3,,,NOT FINAL
2778,1211,FLYDUBAI,2026-09-30 12:20:00,2026-09-30 12:20:00,DUBAI,UNITED ARAB EMIRATES,3,,,NOT FINAL
2779,808,ARKIA  ISRAELI  AIRLINES,2026-09-30 12:20:00,2026-09-30 12:20:00,RAMON,ISRAEL,1,,,NOT FINAL
2780,911,ARKIA  ISRAELI  AIRLINES,2026-09-30 12:30:00,2026-09-30 12:30:00,STANSTED,UNITED KINGDOM,3,G1-G12,G,ON TIME
2781,022,AZERBAIJAN AIRLINES,2026-09-30 12:30:00,2026-09-30 12:30:00,BAKU,AZERBAIJAN,3,26-29,A,ON TIME
2782,9951,EL AL ISRAEL AIRLINES,2026-09-30 12:30:00,2026-09-30 12:30:00,BAKU,AZERBAIJAN,3,26-29,A,ON TIME
2783,887,BLUE BIRD AIRWAYS,2026-09-30 12:35:00,2026-09-30 12:35:00,MYKONOS,GREECE,3,,,NOT FINAL
2784,542,EL AL ISRAEL AIRLINES,2026-09-30 12:35:00,2026-09-30 12:35:00,ATHENS,GREECE,3,,,NOT FINAL
2785,115,ISRAIR AIRLINES,2026-09-30 12:35:00,2026-09-30 12:35:00,LONDON LUTON,UNITED KINGDOM,1,,,ON TIME
2786,6025,AZIMUTH AIRLINES,2026-09-30 12:40:00,2026-09-30 12:40:00,MINERALNYE VODY,RUSSIAN FEDERATION,3,,,NOT FINAL
2787,882,ISRAIR AIRLINES,2026-09-30 12:40:00,2026-09-30 12:40:00,BAKU,AZERBAIJAN,3,,,NOT FINAL
2788,154,BLUE BIRD AIRWAYS,2026-09-30 12:45:00,2026-09-30 12:45:00,BERGAMO,ITALY,3,36-38,B,ON TIME
2789,612,BLUE BIRD AIRWAYS,2026-09-30 12:45:00,2026-09-30 12:45:00,AMSTERDAM,NETHERLANDS,3,38-40,B,ON TIME
2790,804,BLUE BIRD AIRWAYS,2026-09-30 12:45:00,2026-09-30 12:45:00,KOS,GREECE,3,34-36,B,ON TIME
2791,576,ISRAIR AIRLINES,2026-09-30 12:45:00,2026-09-30 12:45:00,THESSALONIKI,GREECE,3,,,NOT FINAL
2792,992,ARKIA  ISRAELI  AIRLINES,2026-09-30 12:50:00,2026-09-30 12:50:00,NEW YORK,UNITED STATES,3,,,NOT FINAL
2793,761,BLUE BIRD AIRWAYS,2026-09-30 12:55:00,2026-09-30 12:55:00,KHANIA,GREECE,3,,,NOT FINAL
2794,212,ARKIA  ISRAELI  AIRLINES,2026-09-30 12:55:00,2026-09-30 12:55:00,ATHENS,GREECE,3,,,NOT FINAL
2795,574,EL AL ISRAEL AIRLINES,2026-09-30 12:55:00,2026-09-30 12:55:00,BUCHAREST,ROMANIA,3,,,NOT FINAL
2796,9103,TAROM - ROMANIAN AIR TRANSPORT,2026-09-30 12:55:00,2026-09-30 12:55:00,BUCHAREST,ROMANIA,3,,,NOT FINAL
2797,105,TUS AIRWAYS,2026-09-30 12:55:00,2026-09-30 12:55:00,LARNACA,CYPRUS,3,222-224,G,ON TIME
2798,7511,WIZZ AIR MALTA,2026-09-30 12:55:00,2026-09-30 12:55:00,ATHENS,GREECE,1,,,ON TIME
2799,691,BLUE BIRD AIRWAYS,2026-09-30 13:00:00,2026-09-30 13:00:00,RHODES,GREECE,3,,,NOT FINAL
2800,213,ARKIA  ISRAELI  AIRLINES,2026-09-30 13:00:00,2026-09-30 13:00:00,ATHENS,GREECE,3,,,ON TIME
2801,753,BLUE BIRD AIRWAYS,2026-09-30 13:05:00,2026-09-30 13:05:00,HERAKLION,GREECE,3,,,NOT FINAL
2802,911,ISRAIR AIRLINES,2026-09-30 13:05:00,2026-09-30 13:05:00,ZANZIBAR,TANZANIA,3,201-210,G,ON TIME
2803,742,BLUE BIRD AIRWAYS,2026-09-30 13:10:00,2026-09-30 13:10:00,HERAKLION,GREECE,3,40-42,B,ON TIME
2804,122,AZERBAIJAN AIRLINES,2026-09-30 13:10:00,2026-09-30 13:10:00,BAKU,AZERBAIJAN,3,29-33,A,ON TIME
2805,9957,EL AL ISRAEL AIRLINES,2026-09-30 13:10:00,2026-09-30 13:10:00,BAKU,AZERBAIJAN,3,29-33,A,ON TIME
2806,3450,TRANSAVIA FRANCE,2026-09-30 13:10:00,2026-09-30 13:10:00,PARIS,FRANCE,3,,,NOT FINAL
2807,6670,AIR BALTIC,2026-09-30 13:15:00,2026-09-30 13:15:00,BUDAPEST,HUNGARY,3,,,NOT FINAL
2808,2366,EL AL ISRAEL AIRLINES,2026-09-30 13:15:00,2026-09-30 13:15:00,BUDAPEST,HUNGARY,3,,,NOT FINAL
2809,357,ISRAIR AIRLINES,2026-09-30 13:15:00,2026-09-30 13:15:00,VERONA,ITALY,1,,,ON TIME
2810,7874,AERO MEXICO,2026-09-30 13:20:00,2026-09-30 13:20:00,LOS ANGELES,UNITED STATES,3,,,NOT FINAL
2811,7429,DELTA AIRLINES,2026-09-30 13:20:00,2026-09-30 13:20:00,LOS ANGELES,UNITED STATES,3,,,NOT FINAL
2812,815,ARKIA  ISRAELI  AIRLINES,2026-09-30 13:20:00,2026-09-30 13:20:00,RAMON,ISRAEL,1,,,ON TIME
2813,006,EL AL ISRAEL AIRLINES,2026-09-30 13:20:00,2026-09-30 13:20:00,LOS ANGELES,UNITED STATES,3,,,NOT FINAL
2814,5141,EL AL ISRAEL AIRLINES,2026-09-30 13:25:00,2026-09-30 13:25:00,LARNACA,CYPRUS,1,,,ON TIME
2815,5194,EL AL ISRAEL AIRLINES,2026-09-30 13:25:00,2026-09-30 13:25:00,SALZBURG,AUSTRIA,3,,,NOT FINAL
2816,806,ITALIA TRASPORTO AEREO,2026-09-30 13:30:00,2026-09-30 13:30:00,ROME,ITALY,3,,,NOT FINAL
2817,552,EL AL ISRAEL AIRLINES,2026-09-30 13:30:00,2026-09-30 13:30:00,SOFIA,BULGARIA,3,,,NOT FINAL
2818,252,BLUE BIRD AIRWAYS,2026-09-30 13:35:00,2026-09-30 13:35:00,BARCELONA,SPAIN,3,42-44,B,ON TIME
2819,2364,EMIRATES,2026-09-30 13:35:00,2026-09-30 13:35:00,DUBAI,UNITED ARAB EMIRATES,3,56-59,C,ON TIME
2820,1212,FLYDUBAI,2026-09-30 13:35:00,2026-09-30 13:35:00,DUBAI,UNITED ARAB EMIRATES,3,56-59,C,ON TIME
2821,502,ISRAIR AIRLINES,2026-09-30 13:35:00,2026-09-30 13:35:00,HERAKLION,GREECE,3,,,NOT FINAL
2822,6026,AZIMUTH AIRLINES,2026-09-30 13:40:00,2026-09-30 13:40:00,MINERALNYE VODY,RUSSIAN FEDERATION,3,12-14,A,ON TIME
2823,701,BLUE BIRD AIRWAYS,2026-09-30 13:40:00,2026-09-30 13:40:00,ATHENS,GREECE,3,,,NOT FINAL
2824,546,QANOT SHARQ,2026-09-30 13:40:00,2026-09-30 13:40:00,TASHKENT,UZBEKISTAN,3,16-20,A,ON TIME
2825,582,ISRAIR AIRLINES,2026-09-30 13:40:00,2026-09-30 13:40:00,LARNACA,CYPRUS,3,,,NOT FINAL
2826,122,ARKIA  ISRAELI  AIRLINES,2026-09-30 13:50:00,2026-09-30 13:50:00,MYKONOS,GREECE,3,,,NOT FINAL
2827,272,BLUE BIRD AIRWAYS,2026-09-30 13:55:00,2026-09-30 13:55:00,BERLIN,GERMANY,3,48-50,B,ON TIME
2828,5425,EL AL ISRAEL AIRLINES,2026-09-30 13:55:00,2026-09-30 13:55:00,CATANIA,ITALY,3,78-99,D,ON TIME
2829,217,TUS AIRWAYS,2026-09-30 13:55:00,2026-09-30 13:55:00,THESSALONIKI,GREECE,3,,,NOT FINAL
2830,694,BLUE BIRD AIRWAYS,2026-09-30 14:00:00,2026-09-30 14:00:00,RHODES,GREECE,3,46-48,B,ON TIME
2831,5031,EL AL ISRAEL AIRLINES,2026-09-30 14:00:00,2026-09-30 14:00:00,RHODES,GREECE,1,,,ON TIME
2832,5063,EL AL ISRAEL AIRLINES,2026-09-30 14:00:00,2026-09-30 14:00:00,HERAKLION,GREECE,1,,,ON TIME
2833,048,ISRAIR AIRLINES,2026-09-30 14:00:00,2026-09-30 14:00:00,RAMON,ISRAEL,1,,,NOT FINAL
2834,754,BLUE BIRD AIRWAYS,2026-09-30 14:05:00,2026-09-30 14:05:00,HERAKLION,GREECE,3,44-46,B,ON TIME
2835,3451,TRANSAVIA FRANCE,2026-09-30 14:10:00,2026-09-30 14:10:00,PARIS,FRANCE,1,,,ON TIME
2836,1301,AIR EUROPA,2026-09-30 14:10:00,2026-09-30 14:10:00,MADRID,SPAIN,3,,,NOT FINAL
2837,561,BLUE BIRD AIRWAYS,2026-09-30 14:15:00,2026-09-30 14:15:00,BOURGAS,BULGARIA,3,,,NOT FINAL
2838,521,ARKIA  ISRAELI  AIRLINES,2026-09-30 14:15:00,2026-09-30 14:15:00,GENEVA,SWITZERLAND,3,G1-G12,G,ON TIME
2839,7858,AEROLINEAS ARGENTINAS S.A.,2026-09-30 14:20:00,2026-09-30 14:20:00,ROME,ITALY,3,,,NOT FINAL
2840,386,EL AL ISRAEL AIRLINES,2026-09-30 14:20:00,2026-09-30 14:20:00,ROME,ITALY,3,,,NOT FINAL
2841,8899,AIR PORTUGAL,2026-09-30 14:20:00,2026-09-30 14:20:00,ROME,ITALY,3,,,NOT FINAL
2842,7442,DELTA AIRLINES,2026-09-30 14:25:00,2026-09-30 14:25:00,NEWARK,UNITED STATES,3,,,NOT FINAL
2843,073,ARKIA  ISRAELI  AIRLINES,2026-09-30 14:25:00,2026-09-30 14:25:00,RHODES,GREECE,1,,,ON TIME
2844,026,EL AL ISRAEL AIRLINES,2026-09-30 14:25:00,2026-09-30 14:25:00,NEWARK,UNITED STATES,3,,,NOT FINAL
2845,535,ISRAIR AIRLINES,2026-09-30 14:25:00,2026-09-30 14:25:00,CORFU,GREECE,3,201-214,G,ON TIME
2846,807,ITALIA TRASPORTO AEREO,2026-09-30 14:30:00,2026-09-30 14:30:00,ROME,ITALY,3,7-11,A,ON TIME
2847,7379,AIR SERBIA,2026-09-30 14:30:00,2026-09-30 14:30:00,ROME,ITALY,3,7-11,A,ON TIME
2848,5233,LUFTHANSA,2026-09-30 14:30:00,2026-09-30 14:30:00,ROME,ITALY,3,7-11,A,ON TIME
2849,2448,EMIRATES,2026-09-30 14:35:00,2026-09-30 14:35:00,DUBAI,UNITED ARAB EMIRATES,3,,,NOT FINAL
2850,418,ETHIOPIAN AIRLINES,2026-09-30 14:35:00,2026-09-30 14:35:00,ADDIS ABABA,ETHIOPIA,3,,,NOT FINAL
2851,1081,FLYDUBAI,2026-09-30 14:35:00,2026-09-30 14:35:00,DUBAI,UNITED ARAB EMIRATES,3,,,NOT FINAL
2852,8808,EL AL ISRAEL AIRLINES,2026-09-30 14:35:00,2026-09-30 14:35:00,ADDIS ABABA,ETHIOPIA,3,,,NOT FINAL
2853,079,AUSTRIAN AIRLINES,2026-09-30 14:35:00,2026-09-30 14:35:00,VIENNA,AUSTRIA,3,,,NOT FINAL
2854,5301,WIZZ UK,2026-09-30 14:35:00,2026-09-30 14:35:00,LONDON LUTON,UNITED KINGDOM,3,,,NOT FINAL
2855,442,BLUE BIRD AIRWAYS,2026-09-30 14:40:00,2026-09-30 14:40:00,BUDAPEST,HUNGARY,3,34-36,B,ON TIME
2856,253,ISRAIR AIRLINES,2026-09-30 14:40:00,2026-09-30 14:40:00,BERLIN,GERMANY,3,201-214,G,ON TIME
2857,884,ISRAIR AIRLINES,2026-09-30 14:40:00,2026-09-30 14:40:00,BATUMI,GEORGIA,3,,,NOT FINAL
2858,6172,AIR FRANCE,2026-09-30 14:45:00,2026-09-30 14:45:00,MARSEILLE,FRANCE,3,78-99,D,ON TIME
2859,110,CYPRUS AIRWAYS,2026-09-30 14:45:00,2026-09-30 14:45:00,LARNACA,CYPRUS,3,,,NOT FINAL
2860,321,EL AL ISRAEL AIRLINES,2026-09-30 14:45:00,2026-09-30 14:45:00,MARSEILLE,FRANCE,3,78-99,D,ON TIME
2861,373,EL AL ISRAEL AIRLINES,2026-09-30 14:45:00,2026-09-30 14:45:00,PORTO,PORTUGAL,3,78-99,D,ON TIME
2862,8294,AIR PORTUGAL,2026-09-30 14:45:00,2026-09-30 14:45:00,PORTO,PORTUGAL,3,78-99,D,ON TIME
2863,8902,AIR PORTUGAL,2026-09-30 14:45:00,2026-09-30 14:45:00,MARSEILLE,FRANCE,3,78-99,D,ON TIME
2864,153,ARKIA  ISRAELI  AIRLINES,2026-09-30 14:50:00,2026-09-30 14:50:00,PAPHOS,CYPRUS,3,G1-G12,G,ON TIME
2865,5111,EL AL ISRAEL AIRLINES,2026-09-30 14:50:00,2026-09-30 14:50:00,NAPLES,ITALY,1,,,ON TIME
2866,966,AIR FRANCE,2026-09-30 14:55:00,2026-09-30 14:55:00,PARIS,FRANCE,3,,,NOT FINAL
2867,6674,AIR BALTIC,2026-09-30 14:55:00,2026-09-30 14:55:00,VIENNA,AUSTRIA,3,,,NOT FINAL
2868,5256,LOT POLISH AIRLINES,2026-09-30 14:55:00,2026-09-30 14:55:00,WARSAW,POLAND,3,,,NOT FINAL
2869,362,EL AL ISRAEL AIRLINES,2026-09-30 14:55:00,2026-09-30 14:55:00,VIENNA,AUSTRIA,3,,,NOT FINAL
2870,5102,EL AL ISRAEL AIRLINES,2026-09-30 14:55:00,2026-09-30 14:55:00,WARSAW,POLAND,3,,,NOT FINAL
2871,5405,EL AL ISRAEL AIRLINES,2026-09-30 14:55:00,2026-09-30 14:55:00,BATUMI,GEORGIA,3,78-99,D,ON TIME
2872,9842,EL AL ISRAEL AIRLINES,2026-09-30 14:55:00,2026-09-30 14:55:00,PARIS,FRANCE,3,,,NOT FINAL
2873,462,TUS AIRWAYS,2026-09-30 14:55:00,2026-09-30 14:55:00,PRAGUE,CZECH REPUBLIC,3,224-226,G,ON TIME
2874,6684,AIR BALTIC,2026-09-30 15:00:00,2026-09-30 15:00:00,MUNICH,GERMANY,3,,,NOT FINAL
2875,316,BLUE BIRD AIRWAYS,2026-09-30 15:00:00,2026-09-30 15:00:00,VIENNA,AUSTRIA,3,36-38,B,ON TIME
2876,354,EL AL ISRAEL AIRLINES,2026-09-30 15:00:00,2026-09-30 15:00:00,MUNICH,GERMANY,3,,,NOT FINAL
2877,045,ISRAIR AIRLINES,2026-09-30 15:00:00,2026-09-30 15:00:00,RAMON,ISRAEL,1,,,ON TIME
2878,594,ETIHAD AIRWAYS,2026-09-30 15:05:00,2026-09-30 15:05:00,ABU DHABI,UNITED ARAB EMIRATES,3,,,ON TIME
2879,9601,EL AL ISRAEL AIRLINES,2026-09-30 15:05:00,2026-09-30 15:05:00,ABU DHABI,UNITED ARAB EMIRATES,3,,,ON TIME
2880,4999,CHINA EASTERN AIRLINES Co. Ltd,2026-09-30 15:05:00,2026-09-30 15:05:00,ABU DHABI,UNITED ARAB EMIRATES,3,,,ON TIME
2881,2594,SRILANKA AIRLINES,2026-09-30 15:05:00,2026-09-30 15:05:00,ABU DHABI,UNITED ARAB EMIRATES,3,,,ON TIME
2882,174,ISRAIR AIRLINES,2026-09-30 15:05:00,2026-09-30 15:05:00,TIVAT,MONTENEGRO,3,,,NOT FINAL
2883,6174,AIR FRANCE,2026-09-30 15:10:00,2026-09-30 15:10:00,NICE,FRANCE,3,,,NOT FINAL
2884,604,ARKIA  ISRAELI  AIRLINES,2026-09-30 15:10:00,2026-09-30 15:10:00,DUBAI,UNITED ARAB EMIRATES,3,,,NOT FINAL
2885,224,EL AL ISRAEL AIRLINES,2026-09-30 15:10:00,2026-09-30 15:10:00,NICE,FRANCE,3,,,NOT FINAL
2886,608,ETIHAD AIRWAYS,2026-09-30 15:15:00,2026-09-30 15:15:00,ABU DHABI,UNITED ARAB EMIRATES,3,60-70,C,ON TIME
2887,9615,EL AL ISRAEL AIRLINES,2026-09-30 15:15:00,2026-09-30 15:15:00,ABU DHABI,UNITED ARAB EMIRATES,3,60-70,C,ON TIME
2888,3289,BRUSSELS AIRLINES,2026-09-30 15:15:00,2026-09-30 15:15:00,BRUSSELS,BELGIUM,3,,,NOT FINAL
2889,564,ISRAIR AIRLINES,2026-09-30 15:15:00,2026-09-30 15:15:00,ATHENS,GREECE,3,,,NOT FINAL
2890,5447,EL AL ISRAEL AIRLINES,2026-09-30 15:20:00,2026-09-30 15:20:00,THESSALONIKI,GREECE,3,78-99,D,ON TIME
2891,686,LUFTHANSA,2026-09-30 15:25:00,2026-09-30 15:25:00,FRANKFURT,GERMANY,3,,,NOT FINAL
2892,132,TUS AIRWAYS,2026-09-30 15:25:00,2026-09-30 15:25:00,ROME,ITALY,3,222-224,G,ON TIME
2893,281,EL AL ISRAEL AIRLINES,2026-09-30 15:30:00,2026-09-30 15:30:00,MILAN,ITALY,3,78-99,D,ON TIME
2894,080,AUSTRIAN AIRLINES,2026-09-30 15:30:00,2026-09-30 15:30:00,VIENNA,AUSTRIA,3,22-33,A,ON TIME
2895,3183,SAS,2026-09-30 15:30:00,2026-09-30 15:30:00,MILAN,ITALY,3,78-99,D,ON TIME
2896,8908,AIR PORTUGAL,2026-09-30 15:30:00,2026-09-30 15:30:00,MILAN,ITALY,3,78-99,D,ON TIME
2897,106,TUS AIRWAYS,2026-09-30 15:30:00,2026-09-30 15:30:00,LARNACA,CYPRUS,3,,,NOT FINAL
2898,5302,WIZZ UK,2026-09-30 15:30:00,2026-09-30 15:30:00,LONDON LUTON,UNITED KINGDOM,3,216-220,G,ON TIME
2899,419,ETHIOPIAN AIRLINES,2026-09-30 15:40:00,2026-09-30 15:40:00,ADDIS ABABA,ETHIOPIA,3,2-6,A,ON TIME
2900,093,ARKIA  ISRAELI  AIRLINES,2026-09-30 15:40:00,2026-09-30 15:40:00,HERAKLION,GREECE,1,,,ON TIME
2901,2522,EL AL ISRAEL AIRLINES,2026-09-30 15:40:00,2026-09-30 15:40:00,PRAGUE,CZECH REPUBLIC,3,,,NOT FINAL
2902,8809,EL AL ISRAEL AIRLINES,2026-09-30 15:40:00,2026-09-30 15:40:00,ADDIS ABABA,ETHIOPIA,3,2-6,A,ON TIME
2903,595,ISRAIR AIRLINES,2026-09-30 15:40:00,2026-09-30 15:40:00,PAPHOS,CYPRUS,3,201-214,G,ON TIME
2904,728,ISRAIR AIRLINES,2026-09-30 15:40:00,2026-09-30 15:40:00,BUDAPEST,HUNGARY,3,,,NOT FINAL
2905,351,EL AL ISRAEL AIRLINES,2026-09-30 15:45:00,2026-09-30 15:45:00,MUNICH,GERMANY,3,78-99,D,ON TIME
2906,3173,SAS,2026-09-30 15:45:00,2026-09-30 15:45:00,MUNICH,GERMANY,3,78-99,D,ON TIME
2907,6690,AIR BALTIC,2026-09-30 15:50:00,2026-09-30 15:50:00,BERLIN,GERMANY,3,,,NOT FINAL
2908,2449,EMIRATES,2026-09-30 15:50:00,2026-09-30 15:50:00,DUBAI,UNITED ARAB EMIRATES,3,56-59,C,ON TIME
2909,1082,FLYDUBAI,2026-09-30 15:50:00,2026-09-30 15:50:00,DUBAI,UNITED ARAB EMIRATES,3,56-59,C,ON TIME
2910,816,ARKIA  ISRAELI  AIRLINES,2026-09-30 15:50:00,2026-09-30 15:50:00,RAMON,ISRAEL,1,,,NOT FINAL
2911,2372,EL AL ISRAEL AIRLINES,2026-09-30 15:50:00,2026-09-30 15:50:00,BERLIN,GERMANY,3,,,NOT FINAL
2912,3156,SAS,2026-09-30 15:50:00,2026-09-30 15:50:00,BERLIN,GERMANY,3,,,NOT FINAL
2913,3263,WIZZ AIR MALTA,2026-09-30 15:50:00,2026-09-30 15:50:00,BUCHAREST,ROMANIA,3,,,NOT FINAL
2914,2450,EMIRATES,2026-09-30 15:55:00,2026-09-30 15:55:00,DUBAI,UNITED ARAB EMIRATES,3,,,NOT FINAL
2915,1625,FLYDUBAI,2026-09-30 15:55:00,2026-09-30 15:55:00,DUBAI,UNITED ARAB EMIRATES,3,,,NOT FINAL
2916,5414,EL AL ISRAEL AIRLINES,2026-09-30 15:55:00,2026-09-30 15:55:00,BASEL,SWITZERLAND,3,,,NOT FINAL
2917,6686,AIR BALTIC,2026-09-30 16:00:00,2026-09-30 16:00:00,FRANKFURT,GERMANY,3,,,NOT FINAL
2918,7713,IBERIA,2026-09-30 16:00:00,2026-09-30 16:00:00,BARCELONA,SPAIN,3,,,NOT FINAL
2919,053,ARKIA  ISRAELI  AIRLINES,2026-09-30 16:00:00,2026-09-30 16:00:00,CORFU,GREECE,3,,,ON TIME
2920,680,LUFTHANSA,2026-09-30 16:00:00,2026-09-30 16:00:00,MUNICH,GERMANY,3,,,NOT FINAL
2921,358,EL AL ISRAEL AIRLINES,2026-09-30 16:00:00,2026-09-30 16:00:00,FRANKFURT,GERMANY,3,,,NOT FINAL
2922,394,EL AL ISRAEL AIRLINES,2026-09-30 16:00:00,2026-09-30 16:00:00,BARCELONA,SPAIN,3,,,NOT FINAL
2923,3454,TRANSAVIA FRANCE,2026-09-30 16:05:00,2026-09-30 16:05:00,PARIS,FRANCE,3,,,NOT FINAL
2924,1302,AIR EUROPA,2026-09-30 16:05:00,2026-09-30 16:05:00,MADRID,SPAIN,3,51-55,B,ON TIME
2925,111,CYPRUS AIRWAYS,2026-09-30 16:10:00,2026-09-30 16:10:00,LARNACA,CYPRUS,3,18-20,A,ON TIME
2926,424,ARKIA  ISRAELI  AIRLINES,2026-09-30 16:10:00,2026-09-30 16:10:00,VIENNA,AUSTRIA,3,,,NOT FINAL
2927,313,EL AL ISRAEL AIRLINES,2026-09-30 16:10:00,2026-09-30 16:10:00,LONDON LUTON,UNITED KINGDOM,3,78-99,D,ON TIME
2928,7851,AERO MEXICO,2026-09-30 16:15:00,2026-09-30 16:15:00,AMSTERDAM,NETHERLANDS,3,78-99,D,ON TIME
2929,2475,K.L.M.,2026-09-30 16:15:00,2026-09-30 16:15:00,AMSTERDAM,NETHERLANDS,3,78-99,D,ON TIME
2930,339,EL AL ISRAEL AIRLINES,2026-09-30 16:15:00,2026-09-30 16:15:00,AMSTERDAM,NETHERLANDS,3,78-99,D,ON TIME
2931,3151,SAS,2026-09-30 16:15:00,2026-09-30 16:15:00,AMSTERDAM,NETHERLANDS,3,78-99,D,ON TIME
2932,3290,BRUSSELS AIRLINES,2026-09-30 16:15:00,2026-09-30 16:15:00,BRUSSELS,BELGIUM,3,22-33,A,ON TIME
2933,885,ISRAIR AIRLINES,2026-09-30 16:15:00,2026-09-30 16:15:00,BATUMI,GEORGIA,3,201-214,G,ON TIME
2934,5519,AIR CANADA,2026-09-30 16:20:00,2026-09-30 16:20:00,NEWARK,UNITED STATES,3,,,NOT FINAL
2935,090,UNITED AIRLINES,2026-09-30 16:20:00,2026-09-30 16:20:00,NEWARK,UNITED STATES,3,,,NOT FINAL
2936,515,ISRAIR AIRLINES,2026-09-30 16:20:00,2026-09-30 16:20:00,RHODES,GREECE,1,,,ON TIME
2937,312,EL AL ISRAEL AIRLINES,2026-09-30 16:25:00,2026-09-30 16:25:00,LONDON LUTON,UNITED KINGDOM,3,,,NOT FINAL
2938,348,EL AL ISRAEL AIRLINES,2026-09-30 16:25:00,2026-09-30 16:25:00,ZURICH,SWITZERLAND,3,,,NOT FINAL
2939,5129,EL AL ISRAEL AIRLINES,2026-09-30 16:25:00,2026-09-30 16:25:00,CHISINAU,MOLDOVA,3,78-99,D,ON TIME
2940,3188,SAS,2026-09-30 16:25:00,2026-09-30 16:25:00,ZURICH,SWITZERLAND,3,,,NOT FINAL
2941,696,BLUE BIRD AIRWAYS,2026-09-30 16:30:00,2026-09-30 16:30:00,RHODES,GREECE,3,38-40,B,ON TIME
2942,687,LUFTHANSA,2026-09-30 16:30:00,2026-09-30 16:30:00,FRANKFURT,GERMANY,3,22-33,A,ON TIME
2943,7068,AIR FRANCE,2026-09-30 16:40:00,2026-09-30 16:40:00,PARIS,FRANCE,3,,,NOT FINAL
2944,963,AIR FRANCE,2026-09-30 16:40:00,2026-09-30 16:40:00,PARIS,FRANCE,3,12-17,A,ON TIME
2945,7898,AERO MEXICO,2026-09-30 16:40:00,2026-09-30 16:40:00,PARIS,FRANCE,3,,,NOT FINAL
2946,320,EL AL ISRAEL AIRLINES,2026-09-30 16:40:00,2026-09-30 16:40:00,PARIS,FRANCE,3,,,NOT FINAL
2947,343,EL AL ISRAEL AIRLINES,2026-09-30 16:40:00,2026-09-30 16:40:00,ZURICH,SWITZERLAND,3,78-99,D,ON TIME
2948,382,EL AL ISRAEL AIRLINES,2026-09-30 16:40:00,2026-09-30 16:40:00,MILAN,ITALY,3,,,NOT FINAL
2949,9843,EL AL ISRAEL AIRLINES,2026-09-30 16:40:00,2026-09-30 16:40:00,PARIS,FRANCE,3,12-17,A,ON TIME
2950,3162,SAS,2026-09-30 16:40:00,2026-09-30 16:40:00,PARIS,FRANCE,3,,,NOT FINAL
2951,3184,SAS,2026-09-30 16:40:00,2026-09-30 16:40:00,MILAN,ITALY,3,,,NOT FINAL
2952,3191,SAS,2026-09-30 16:40:00,2026-09-30 16:40:00,ZURICH,SWITZERLAND,3,78-99,D,ON TIME
2953,349,ISRAIR AIRLINES,2026-09-30 16:40:00,2026-09-30 16:40:00,ROME,ITALY,3,201-214,G,ON TIME
2954,3264,WIZZ AIR MALTA,2026-09-30 16:45:00,2026-09-30 16:45:00,BUCHAREST,ROMANIA,1,,,ON TIME
2955,250,ISRAIR AIRLINES,2026-09-30 16:45:00,2026-09-30 16:45:00,SALZBURG,AUSTRIA,3,,,NOT FINAL
2956,597,ETIHAD AIRWAYS,2026-09-30 16:50:00,2026-09-30 16:50:00,ABU DHABI,UNITED ARAB EMIRATES,3,,,NOT FINAL
2957,821,ARKIA  ISRAELI  AIRLINES,2026-09-30 16:50:00,2026-09-30 16:50:00,RAMON,ISRAEL,1,,,ON TIME
2958,5142,EL AL ISRAEL AIRLINES,2026-09-30 16:50:00,2026-09-30 16:50:00,LARNACA,CYPRUS,3,,,NOT FINAL
2959,9605,EL AL ISRAEL AIRLINES,2026-09-30 16:50:00,2026-09-30 16:50:00,ABU DHABI,UNITED ARAB EMIRATES,3,,,NOT FINAL
2960,7859,AERO MEXICO,2026-09-30 16:55:00,2026-09-30 16:55:00,MADRID,SPAIN,3,,,NOT FINAL
2961,7865,AERO MEXICO,2026-09-30 16:55:00,2026-09-30 16:55:00,NEW YORK,UNITED STATES,3,78-99,D,ON TIME
2962,7854,AEROLINEAS ARGENTINAS S.A.,2026-09-30 16:55:00,2026-09-30 16:55:00,MADRID,SPAIN,3,,,NOT FINAL
2963,7432,DELTA AIRLINES,2026-09-30 16:55:00,2026-09-30 16:55:00,NEW YORK,UNITED STATES,3,78-99,D,ON TIME
2964,7715,IBERIA,2026-09-30 16:55:00,2026-09-30 16:55:00,MADRID,SPAIN,3,,,NOT FINAL
2965,011,EL AL ISRAEL AIRLINES,2026-09-30 16:55:00,2026-09-30 16:55:00,NEW YORK,UNITED STATES,3,78-99,D,ON TIME
2966,375,EL AL ISRAEL AIRLINES,2026-09-30 16:55:00,2026-09-30 16:55:00,LISBON,PORTUGAL,3,78-99,D,ON TIME
2967,396,EL AL ISRAEL AIRLINES,2026-09-30 16:55:00,2026-09-30 16:55:00,MADRID,SPAIN,3,,,NOT FINAL
2968,8920,AIR PORTUGAL,2026-09-30 16:55:00,2026-09-30 16:55:00,LISBON,PORTUGAL,3,78-99,D,ON TIME
2969,756,ISRAIR AIRLINES,2026-09-30 16:55:00,2026-09-30 16:55:00,LJUBLJANA,SLOVENIA,3,,,NOT FINAL
2970,7877,AERO MEXICO,2026-09-30 17:00:00,2026-09-30 17:00:00,LONDON,UNITED KINGDOM,3,78-99,D,ON TIME
2971,704,BLUE BIRD AIRWAYS,2026-09-30 17:00:00,2026-09-30 17:00:00,ATHENS,GREECE,3,34-36,B,ON TIME
2972,252,SWISS INT`L  AIRLINES,2026-09-30 17:00:00,2026-09-30 17:00:00,ZURICH,SWITZERLAND,3,,,NOT FINAL
2973,317,EL AL ISRAEL AIRLINES,2026-09-30 17:00:00,2026-09-30 17:00:00,LONDON,UNITED KINGDOM,3,78-99,D,ON TIME
2974,7495,VIRGIN ATLANTIC AIRWAYS,2026-09-30 17:00:00,2026-09-30 17:00:00,LONDON,UNITED KINGDOM,3,78-99,D,ON TIME
2975,567,ISRAIR AIRLINES,2026-09-30 17:00:00,2026-09-30 17:00:00,ATHENS,GREECE,3,201-214,G,ON TIME
2976,741,BLUE BIRD AIRWAYS,2026-09-30 17:05:00,2026-09-30 17:05:00,HERAKLION,GREECE,3,,,NOT FINAL
2977,681,LUFTHANSA,2026-09-30 17:05:00,2026-09-30 17:05:00,MUNICH,GERMANY,3,22-33,A,ON TIME
2978,7071,AIR FRANCE,2026-09-30 17:10:00,2026-09-30 17:10:00,PARIS,FRANCE,3,78-99,D,ON TIME
2979,7853,AERO MEXICO,2026-09-30 17:10:00,2026-09-30 17:10:00,PARIS,FRANCE,3,78-99,D,ON TIME
2980,7856,AERO MEXICO,2026-09-30 17:10:00,2026-09-30 17:10:00,NEW YORK,UNITED STATES,3,,,NOT FINAL
2981,7431,DELTA AIRLINES,2026-09-30 17:10:00,2026-09-30 17:10:00,NEW YORK,UNITED STATES,3,,,NOT FINAL
2982,283,ARKIA  ISRAELI  AIRLINES,2026-09-30 17:10:00,2026-09-30 17:10:00,PRAGUE,CZECH REPUBLIC,3,G1-G10,G,ON TIME
2983,008,EL AL ISRAEL AIRLINES,2026-09-30 17:10:00,2026-09-30 17:10:00,NEW YORK,UNITED STATES,3,,,NOT FINAL
2984,325,EL AL ISRAEL AIRLINES,2026-09-30 17:10:00,2026-09-30 17:10:00,PARIS,FRANCE,3,78-99,D,ON TIME
2985,7866,AERO MEXICO,2026-09-30 17:15:00,2026-09-30 17:15:00,MADRID,SPAIN,3,78-99,D,ON TIME
2986,7855,AEROLINEAS ARGENTINAS S.A.,2026-09-30 17:15:00,2026-09-30 17:15:00,MADRID,SPAIN,3,78-99,D,ON TIME
2987,7716,IBERIA,2026-09-30 17:15:00,2026-09-30 17:15:00,MADRID,SPAIN,3,78-99,D,ON TIME
2988,397,EL AL ISRAEL AIRLINES,2026-09-30 17:15:00,2026-09-30 17:15:00,MADRID,SPAIN,3,78-99,D,ON TIME
2989,545,EL AL ISRAEL AIRLINES,2026-09-30 17:15:00,2026-09-30 17:15:00,ATHENS,GREECE,3,78-99,D,ON TIME
2990,3455,TRANSAVIA FRANCE,2026-09-30 17:15:00,2026-09-30 17:15:00,PARIS,FRANCE,1,,,ON TIME
2991,286,EL AL ISRAEL AIRLINES,2026-09-30 17:20:00,2026-09-30 17:20:00,ROME,ITALY,3,,,NOT FINAL
2992,3172,SAS,2026-09-30 17:20:00,2026-09-30 17:20:00,ROME,ITALY,3,,,NOT FINAL
2993,8899,AIR PORTUGAL,2026-09-30 17:20:00,2026-09-30 17:20:00,ROME,ITALY,3,,,NOT FINAL
2994,454,AEGEAN  AIRLINES,2026-09-30 17:25:00,2026-09-30 17:25:00,HERAKLION,GREECE,3,,,NOT FINAL
2995,442,ARKIA  ISRAELI  AIRLINES,2026-09-30 17:25:00,2026-09-30 17:25:00,MUNICH,GERMANY,3,,,NOT FINAL
2996,3458,TRANSAVIA FRANCE,2026-09-30 17:25:00,2026-09-30 17:25:00,PARIS,FRANCE,3,,,NOT FINAL
2997,253,EL AL ISRAEL AIRLINES,2026-09-30 17:30:00,2026-09-30 17:30:00,MUNICH,GERMANY,3,78-99,D,ON TIME
2998,363,EL AL ISRAEL AIRLINES,2026-09-30 17:30:00,2026-09-30 17:30:00,VIENNA,AUSTRIA,3,78-99,D,ON TIME
2999,807,ISRAIR AIRLINES,2026-09-30 17:30:00,2026-09-30 17:30:00,BATUMI,GEORGIA,3,201-214,G,ON TIME
3000,1284,SMARTWINGS,2026-09-30 17:35:00,2026-09-30 17:35:00,PRAGUE,CZECH REPUBLIC,3,,,NOT FINAL
3001,2451,EMIRATES,2026-09-30 17:40:00,2026-09-30 17:40:00,DUBAI,UNITED ARAB EMIRATES,3,56-59,C,ON TIME
3002,1626,FLYDUBAI,2026-09-30 17:40:00,2026-09-30 17:40:00,DUBAI,UNITED ARAB EMIRATES,3,56-59,C,ON TIME
3003,7710,IBERIA,2026-09-30 17:45:00,2026-09-30 17:45:00,BARCELONA,SPAIN,3,78-99,D,ON TIME
3004,391,EL AL ISRAEL AIRLINES,2026-09-30 17:45:00,2026-09-30 17:45:00,BARCELONA,SPAIN,3,78-99,D,ON TIME
3005,046,ISRAIR AIRLINES,2026-09-30 17:45:00,2026-09-30 17:45:00,RAMON,ISRAEL,1,,,NOT FINAL
3006,724,ISRAIR AIRLINES,2026-09-30 17:45:00,2026-09-30 17:45:00,BUDAPEST,HUNGARY,3,,,NOT FINAL
3007,6678,AIR BALTIC,2026-09-30 17:50:00,2026-09-30 17:50:00,AMSTERDAM,NETHERLANDS,3,,,NOT FINAL
3008,1223,ARKIA  ISRAELI  AIRLINES,2026-09-30 17:50:00,2026-09-30 17:50:00,THESSALONIKI,GREECE,3,G1-G6,G,ON TIME
3009,154,ARKIA  ISRAELI  AIRLINES,2026-09-30 17:50:00,2026-09-30 17:50:00,PAPHOS,CYPRUS,3,,,NOT FINAL
3010,367,ARKIA  ISRAELI  AIRLINES,2026-09-30 17:50:00,2026-09-30 17:50:00,TIVAT,MONTENEGRO,3,,,ON TIME
3011,2472,K.L.M.,2026-09-30 17:50:00,2026-09-30 17:50:00,AMSTERDAM,NETHERLANDS,3,,,NOT FINAL
3012,338,EL AL ISRAEL AIRLINES,2026-09-30 17:50:00,2026-09-30 17:50:00,AMSTERDAM,NETHERLANDS,3,,,NOT FINAL
3013,3150,SAS,2026-09-30 17:50:00,2026-09-30 17:50:00,AMSTERDAM,NETHERLANDS,3,,,NOT FINAL
3014,2523,EL AL ISRAEL AIRLINES,2026-09-30 17:55:00,2026-09-30 17:55:00,PRAGUE,CZECH REPUBLIC,3,78-99,D,ON TIME
3015,2327,WIZZAIR,2026-09-30 17:55:00,2026-09-30 17:55:00,BUDAPEST,HUNGARY,3,,,NOT FINAL
3016,7859,AEROLINEAS ARGENTINAS S.A.,2026-09-30 18:00:00,2026-09-30 18:00:00,ROME,ITALY,3,78-99,D,ON TIME
3017,289,EL AL ISRAEL AIRLINES,2026-09-30 18:00:00,2026-09-30 18:00:00,VENICE,ITALY,3,78-99,D,ON TIME
3018,383,EL AL ISRAEL AIRLINES,2026-09-30 18:00:00,2026-09-30 18:00:00,ROME,ITALY,3,78-99,D,ON TIME
3019,3169,SAS,2026-09-30 18:00:00,2026-09-30 18:00:00,ROME,ITALY,3,78-99,D,ON TIME
3020,8900,AIR PORTUGAL,2026-09-30 18:00:00,2026-09-30 18:00:00,ROME,ITALY,3,78-99,D,ON TIME
3021,6403,WIZZ AIR MALTA,2026-09-30 18:00:00,2026-09-30 18:00:00,MILAN,ITALY,3,,,NOT FINAL
3022,336,ISRAIR AIRLINES,2026-09-30 18:00:00,2026-09-30 18:00:00,CATANIA,ITALY,3,,,NOT FINAL
3023,565,ISRAIR AIRLINES,2026-09-30 18:00:00,2026-09-30 18:00:00,ATHENS,GREECE,3,201-214,G,ON TIME
3024,693,BLUE BIRD AIRWAYS,2026-09-30 18:10:00,2026-09-30 18:10:00,RHODES,GREECE,3,,,NOT FINAL
3025,457,TUS AIRWAYS,2026-09-30 18:10:00,2026-09-30 18:10:00,BOLOGNA,ITALY,3,,,NOT FINAL
3026,2470,EMIRATES,2026-09-30 18:15:00,2026-09-30 18:15:00,DUBAI,UNITED ARAB EMIRATES,3,,,NOT FINAL
3027,1125,FLYDUBAI,2026-09-30 18:15:00,2026-09-30 18:15:00,DUBAI,UNITED ARAB EMIRATES,3,,,NOT FINAL
3028,5251,LOT POLISH AIRLINES,2026-09-30 18:15:00,2026-09-30 18:15:00,KRAKOW,POLAND,3,78-99,D,ON TIME
3029,253,SWISS INT`L  AIRLINES,2026-09-30 18:15:00,2026-09-30 18:15:00,ZURICH,SWITZERLAND,3,22-33,A,ON TIME
3030,5119,EL AL ISRAEL AIRLINES,2026-09-30 18:15:00,2026-09-30 18:15:00,KRAKOW,POLAND,3,78-99,D,ON TIME
3031,6175,AIR FRANCE,2026-09-30 18:20:00,2026-09-30 18:20:00,PARIS,FRANCE,3,,,NOT FINAL
3032,7855,AERO MEXICO,2026-09-30 18:20:00,2026-09-30 18:20:00,PARIS,FRANCE,3,,,NOT FINAL
3033,7426A,DELTA AIRLINES,2026-09-30 18:20:00,2026-09-30 18:20:00,NEW YORK,UNITED STATES,3,78-99,D,ON TIME
3034,019,EL AL ISRAEL AIRLINES,2026-09-30 18:20:00,2026-09-30 18:20:00,NEW YORK,UNITED STATES,3,78-99,D,ON TIME
3035,222,EL AL ISRAEL AIRLINES,2026-09-30 18:20:00,2026-09-30 18:20:00,PARIS,FRANCE,3,,,NOT FINAL
3036,3196,SAS,2026-09-30 18:20:00,2026-09-30 18:20:00,PARIS,FRANCE,3,,,NOT FINAL
3037,074,ARKIA  ISRAELI  AIRLINES,2026-09-30 18:25:00,2026-09-30 18:25:00,RHODES,GREECE,3,,,NOT FINAL
3038,5032,EL AL ISRAEL AIRLINES,2026-09-30 18:25:00,2026-09-30 18:25:00,RHODES,GREECE,3,,,NOT FINAL
3039,1285,SMARTWINGS,2026-09-30 18:25:00,2026-09-30 18:25:00,PRAGUE,CZECH REPUBLIC,3,53-55,B,ON TIME
3040,3459,TRANSAVIA FRANCE,2026-09-30 18:25:00,2026-09-30 18:25:00,PARIS,FRANCE,1,,,ON TIME
3041,025,ARKIA  ISRAELI  AIRLINES,2026-09-30 18:30:00,2026-09-30 18:30:00,MARRAKESH,MOROCCO,3,G1-G10,G,ON TIME
3042,387,EL AL ISRAEL AIRLINES,2026-09-30 18:30:00,2026-09-30 18:30:00,MILAN,ITALY,3,78-99,D,ON TIME
3043,571,EL AL ISRAEL AIRLINES,2026-09-30 18:30:00,2026-09-30 18:30:00,BUCHAREST,ROMANIA,3,78-99,D,ON TIME
3044,9100,TAROM - ROMANIAN AIR TRANSPORT,2026-09-30 18:30:00,2026-09-30 18:30:00,BUCHAREST,ROMANIA,3,78-99,D,ON TIME
3045,8912,AIR PORTUGAL,2026-09-30 18:30:00,2026-09-30 18:30:00,MILAN,ITALY,3,78-99,D,ON TIME
3046,757,BLUE BIRD AIRWAYS,2026-09-30 18:35:00,2026-09-30 18:35:00,HERAKLION,GREECE,3,,,NOT FINAL
3047,1368,ARKIA  ISRAELI  AIRLINES,2026-09-30 18:35:00,2026-09-30 18:35:00,PODGORICA,MONTENEGRO,3,,,NOT FINAL
3048,455,AEGEAN  AIRLINES,2026-09-30 18:40:00,2026-09-30 18:40:00,HERAKLION,GREECE,3,42-45,B,ON TIME
3049,605,ARKIA  ISRAELI  AIRLINES,2026-09-30 18:40:00,2026-09-30 18:40:00,DUBAI,UNITED ARAB EMIRATES,3,G1-G10,G,ON TIME
3050,5064,EL AL ISRAEL AIRLINES,2026-09-30 18:45:00,2026-09-30 18:45:00,HERAKLION,GREECE,3,,,NOT FINAL
3051,5468,EL AL ISRAEL AIRLINES,2026-09-30 18:45:00,2026-09-30 18:45:00,TIVAT,MONTENEGRO,3,,,NOT FINAL
3052,055,ISRAIR AIRLINES,2026-09-30 18:45:00,2026-09-30 18:45:00,RAMON,ISRAEL,1,,,ON TIME
3053,2328,WIZZAIR,2026-09-30 18:50:00,2026-09-30 18:50:00,BUDAPEST,HUNGARY,1,,,ON TIME
3054,596,ISRAIR AIRLINES,2026-09-30 18:50:00,2026-09-30 18:50:00,PAPHOS,CYPRUS,3,,,NOT FINAL
3055,6404,WIZZ AIR MALTA,2026-09-30 18:55:00,2026-09-30 18:55:00,MILAN,ITALY,1,,,ON TIME
3056,6923,WIZZ AIR MALTA,2026-09-30 18:55:00,2026-09-30 18:55:00,NAPLES,ITALY,3,,,NOT FINAL
3057,926,AEGEAN  AIRLINES,2026-09-30 19:00:00,2026-09-30 19:00:00,ATHENS,GREECE,3,,,NOT FINAL
3058,4976,EMIRATES,2026-09-30 19:00:00,2026-09-30 19:00:00,ATHENS,GREECE,3,,,NOT FINAL
3059,214,ARKIA  ISRAELI  AIRLINES,2026-09-30 19:00:00,2026-09-30 19:00:00,ATHENS,GREECE,3,,,NOT FINAL
3060,7620,AIR SERBIA,2026-09-30 19:00:00,2026-09-30 19:00:00,ATHENS,GREECE,3,,,NOT FINAL
3061,107,TUS AIRWAYS,2026-09-30 19:00:00,2026-09-30 19:00:00,LARNACA,CYPRUS,3,220-226,G,ON TIME
3062,156,TUS AIRWAYS,2026-09-30 19:00:00,2026-09-30 19:00:00,PAPHOS,CYPRUS,3,220-226,G,ON TIME
3063,764,ISRAIR AIRLINES,2026-09-30 19:00:00,2026-09-30 19:00:00,PRAGUE,CZECH REPUBLIC,3,,,NOT FINAL
3064,411,ARKIA  ISRAELI  AIRLINES,2026-09-30 19:05:00,2026-09-30 19:05:00,TIRANA,ALBANIA,1,,,ON TIME
3065,109,TUS AIRWAYS,2026-09-30 19:10:00,2026-09-30 19:10:00,LARNACA,CYPRUS,3,220-226,G,ON TIME
3066,585,ISRAIR AIRLINES,2026-09-30 19:10:00,2026-09-30 19:10:00,LARNACA,CYPRUS,3,201-214,G,ON TIME
3067,4311,RED WINGS AIRLINES,2026-09-30 19:15:00,2026-09-30 19:15:00,SOCHI,RUSSIAN FEDERATION,3,,,NOT FINAL
3068,167,ISRAIR AIRLINES,2026-09-30 19:15:00,2026-09-30 19:15:00,TIRANA,ALBANIA,3,201-210,G,ON TIME
3069,3025,AZIMUTH AIRLINES,2026-09-30 19:20:00,2026-09-30 19:20:00,KRASNODAR,RUSSIAN FEDERATION,3,,,NOT FINAL
3070,803,BLUE BIRD AIRWAYS,2026-09-30 19:20:00,2026-09-30 19:20:00,KOS,GREECE,3,,,NOT FINAL
3071,822,ARKIA  ISRAELI  AIRLINES,2026-09-30 19:20:00,2026-09-30 19:20:00,RAMON,ISRAEL,1,,,NOT FINAL
3072,734,BLUE BIRD AIRWAYS,2026-09-30 19:25:00,2026-09-30 19:25:00,HERAKLION,GREECE,3,34-36,B,ON TIME
3073,5509,FLYONE,2026-09-30 19:25:00,2026-09-30 19:25:00,CHISINAU,MOLDOVA,3,,,NOT FINAL
3074,2345,EMIRATES,2026-09-30 19:30:00,2026-09-30 19:30:00,DUBAI,UNITED ARAB EMIRATES,3,,,NOT FINAL
3075,1807,FLYDUBAI,2026-09-30 19:30:00,2026-09-30 19:30:00,DUBAI,UNITED ARAB EMIRATES,3,,,NOT FINAL
3076,543,EL AL ISRAEL AIRLINES,2026-09-30 19:30:00,2026-09-30 19:30:00,ATHENS,GREECE,3,78-99,D,ON TIME
3077,758,BLUE BIRD AIRWAYS,2026-09-30 19:35:00,2026-09-30 19:35:00,HERAKLION,GREECE,3,36-38,B,ON TIME
3078,2367,EL AL ISRAEL AIRLINES,2026-09-30 19:40:00,2026-09-30 19:40:00,BUDAPEST,HUNGARY,3,78-99,D,ON TIME
3079,569,ISRAIR AIRLINES,2026-09-30 19:40:00,2026-09-30 19:40:00,ATHENS,GREECE,3,201-210,G,ON TIME
3080,891,ISRAIR AIRLINES,2026-09-30 19:40:00,2026-09-30 19:40:00,TBILISI,GEORGIA,1,,,ON TIME
3081,2471,EMIRATES,2026-09-30 19:45:00,2026-09-30 19:45:00,DUBAI,UNITED ARAB EMIRATES,3,56-61,C,ON TIME
3082,1126,FLYDUBAI,2026-09-30 19:45:00,2026-09-30 19:45:00,DUBAI,UNITED ARAB EMIRATES,3,56-61,C,ON TIME
3083,091,EL AL ISRAEL AIRLINES,2026-09-30 19:45:00,2026-09-30 19:45:00,TOKYO,JAPAN,3,78-99,D,ON TIME
3084,5014,QANTAS AIRWAYS,2026-09-30 19:45:00,2026-09-30 19:45:00,TOKYO,JAPAN,3,78-99,D,ON TIME
3085,155,LOT POLISH AIRLINES,2026-09-30 19:50:00,2026-09-30 19:50:00,WARSAW,POLAND,3,,,NOT FINAL
3086,9252,EL AL ISRAEL AIRLINES,2026-09-30 19:50:00,2026-09-30 19:50:00,WARSAW,POLAND,3,,,NOT FINAL
3087,927,AEGEAN  AIRLINES,2026-09-30 19:55:00,2026-09-30 19:55:00,ATHENS,GREECE,3,45-48,B,ON TIME
3088,4309,CONDOR  FLUGDIENST,2026-09-30 19:55:00,2026-09-30 19:55:00,FRANKFURT,GERMANY,3,,,NOT FINAL
3089,4978,EMIRATES,2026-09-30 19:55:00,2026-09-30 19:55:00,ATHENS,GREECE,3,45-48,B,ON TIME
3090,7614,AIR SERBIA,2026-09-30 19:55:00,2026-09-30 19:55:00,ATHENS,GREECE,3,45-48,B,ON TIME
3091,102,TUS AIRWAYS,2026-09-30 19:55:00,2026-09-30 19:55:00,LARNACA,CYPRUS,3,,,NOT FINAL
3092,6043,WIZZ AIR MALTA,2026-09-30 19:55:00,2026-09-30 19:55:00,ROME,ITALY,3,,,NOT FINAL
3093,6924,WIZZ AIR MALTA,2026-09-30 19:55:00,2026-09-30 19:55:00,NAPLES,ITALY,1,,,ON TIME
3094,2519,WIZZAIR,2026-09-30 20:00:00,2026-09-30 20:00:00,BUDAPEST,HUNGARY,3,,,NOT FINAL
3095,598,ETIHAD AIRWAYS,2026-09-30 20:10:00,2026-09-30 20:10:00,ABU DHABI,UNITED ARAB EMIRATES,3,12-17,A,ON TIME
3096,094,ARKIA  ISRAELI  AIRLINES,2026-09-30 20:10:00,2026-09-30 20:10:00,HERAKLION,GREECE,3,,,NOT FINAL
3097,9607,EL AL ISRAEL AIRLINES,2026-09-30 20:10:00,2026-09-30 20:10:00,ABU DHABI,UNITED ARAB EMIRATES,3,12-17,A,ON TIME
3098,4312,RED WINGS AIRLINES,2026-09-30 20:15:00,2026-09-30 20:15:00,SOCHI,RUSSIAN FEDERATION,3,50-52,B,ON TIME
3099,827,ARKIA  ISRAELI  AIRLINES,2026-09-30 20:20:00,2026-09-30 20:20:00,RAMON,ISRAEL,1,,,ON TIME
3100,169,ARKIA  ISRAELI  AIRLINES,2026-09-30 20:25:00,2026-09-30 20:25:00,LARNACA,CYPRUS,1,,,ON TIME
3101,5510,FLYONE,2026-09-30 20:25:00,2026-09-30 20:25:00,CHISINAU,MOLDOVA,3,62-66,C,ON TIME
3102,5133,EL AL ISRAEL AIRLINES,2026-09-30 20:30:00,2026-09-30 20:30:00,LARNACA,CYPRUS,1,,,ON TIME
3103,5406,EL AL ISRAEL AIRLINES,2026-09-30 20:30:00,2026-09-30 20:30:00,BATUMI,GEORGIA,3,,,NOT FINAL
3104,536,ISRAIR AIRLINES,2026-09-30 20:30:00,2026-09-30 20:30:00,CORFU,GREECE,3,,,NOT FINAL
3105,088,EL AL ISRAEL AIRLINES,2026-09-30 20:35:00,2026-09-30 20:35:00,PHUKET,THAILAND,3,,,NOT FINAL
3106,5137,EL AL ISRAEL AIRLINES,2026-09-30 20:35:00,2026-09-30 20:35:00,PAPHOS,CYPRUS,1,,,ON TIME
3107,4582,THAI AIRWAYS,2026-09-30 20:35:00,2026-09-30 20:35:00,PHUKET,THAILAND,3,,,NOT FINAL
3108,516,ISRAIR AIRLINES,2026-09-30 20:35:00,2026-09-30 20:35:00,RHODES,GREECE,3,,,NOT FINAL
3109,6639,WIZZ AIR MALTA,2026-09-30 20:40:00,2026-09-30 20:40:00,PALERMO,ITALY,3,,,NOT FINAL
3110,5026,AZIMUTH AIRLINES,2026-09-30 20:45:00,2026-09-30 20:45:00,SOCHI,RUSSIAN FEDERATION,3,53-55,B,ON TIME
3111,2346,EMIRATES,2026-09-30 20:45:00,2026-09-30 20:45:00,DUBAI,UNITED ARAB EMIRATES,3,56-61,C,ON TIME
3112,1808,FLYDUBAI,2026-09-30 20:45:00,2026-09-30 20:45:00,DUBAI,UNITED ARAB EMIRATES,3,56-61,C,ON TIME
3113,237,HISKY EUROPE SRL,2026-09-30 20:45:00,2026-09-30 20:45:00,BUCHAREST,ROMANIA,3,,,NOT FINAL
3114,215,ARKIA  ISRAELI  AIRLINES,2026-09-30 20:45:00,2026-09-30 20:45:00,ATHENS,GREECE,3,,,ON TIME
3115,5109,EL AL ISRAEL AIRLINES,2026-09-30 20:50:00,2026-09-30 20:50:00,TBILISI,GEORGIA,1,,,ON TIME
3116,5803,WIZZ UK,2026-09-30 20:50:00,2026-09-30 20:50:00,LONDON,UNITED KINGDOM,3,,,NOT FINAL
3117,7070,AIR FRANCE,2026-09-30 20:55:00,2026-09-30 20:55:00,PARIS,FRANCE,3,,,NOT FINAL
3118,7862,AERO MEXICO,2026-09-30 20:55:00,2026-09-30 20:55:00,PARIS,FRANCE,3,,,NOT FINAL
3119,6676,AIR BALTIC,2026-09-30 20:55:00,2026-09-30 20:55:00,AMSTERDAM,NETHERLANDS,3,,,NOT FINAL
3120,695,BLUE BIRD AIRWAYS,2026-09-30 20:55:00,2026-09-30 20:55:00,RHODES,GREECE,3,,,NOT FINAL
3121,2470,K.L.M.,2026-09-30 20:55:00,2026-09-30 20:55:00,AMSTERDAM,NETHERLANDS,3,,,NOT FINAL
3122,238,EL AL ISRAEL AIRLINES,2026-09-30 20:55:00,2026-09-30 20:55:00,AMSTERDAM,NETHERLANDS,3,,,NOT FINAL
3123,324,EL AL ISRAEL AIRLINES,2026-09-30 20:55:00,2026-09-30 20:55:00,PARIS,FRANCE,3,,,NOT FINAL
3124,3160,SAS,2026-09-30 20:55:00,2026-09-30 20:55:00,PARIS,FRANCE,3,,,NOT FINAL
3125,3192,SAS,2026-09-30 20:55:00,2026-09-30 20:55:00,AMSTERDAM,NETHERLANDS,3,,,NOT FINAL
3126,2520,WIZZAIR,2026-09-30 20:55:00,2026-09-30 20:55:00,BUDAPEST,HUNGARY,1,,,ON TIME
3127,706,BLUE BIRD AIRWAYS,2026-09-30 21:00:00,2026-09-30 21:00:00,ATHENS,GREECE,3,38-40,B,ON TIME
3128,6044,WIZZ AIR MALTA,2026-09-30 21:00:00,2026-09-30 21:00:00,ROME,ITALY,1,,,ON TIME
3129,4433,WIZZAIR,2026-09-30 21:05:00,2026-09-30 21:05:00,SOFIA,BULGARIA,3,,,NOT FINAL
3130,414,ETHIOPIAN AIRLINES,2026-09-30 21:10:00,2026-09-30 21:10:00,ADDIS ABABA,ETHIOPIA,3,,,NOT FINAL
3131,8806,EL AL ISRAEL AIRLINES,2026-09-30 21:10:00,2026-09-30 21:10:00,ADDIS ABABA,ETHIOPIA,3,,,NOT FINAL
3132,5426,EL AL ISRAEL AIRLINES,2026-09-30 21:15:00,2026-09-30 21:15:00,CATANIA,ITALY,3,,,NOT FINAL
3133,054,ARKIA  ISRAELI  AIRLINES,2026-09-30 21:30:00,2026-09-30 21:30:00,CORFU,GREECE,3,,,NOT FINAL
3134,5448,EL AL ISRAEL AIRLINES,2026-09-30 21:30:00,2026-09-30 21:30:00,THESSALONIKI,GREECE,3,,,NOT FINAL
3135,899,ISRAIR AIRLINES,2026-09-30 21:30:00,2026-09-30 21:30:00,TBILISI,GEORGIA,3,201-210,G,ON TIME
3136,6640,WIZZ AIR MALTA,2026-09-30 21:35:00,2026-09-30 21:35:00,PALERMO,ITALY,1,,,ON TIME
3137,7061,WIZZAIR,2026-09-30 21:35:00,2026-09-30 21:35:00,BRATISLAVA,SLOVAKIA,3,,,NOT FINAL
3138,5305,WIZZ UK,2026-09-30 21:35:00,2026-09-30 21:35:00,LONDON LUTON,UNITED KINGDOM,3,,,NOT FINAL
3139,2167,EMIRATES,2026-09-30 21:40:00,2026-09-30 21:40:00,DUBAI,UNITED ARAB EMIRATES,3,,,NOT FINAL
3140,1053,FLYDUBAI,2026-09-30 21:40:00,2026-09-30 21:40:00,DUBAI,UNITED ARAB EMIRATES,3,,,NOT FINAL
3141,358,ISRAIR AIRLINES,2026-09-30 21:40:00,2026-09-30 21:40:00,VERONA,ITALY,3,,,NOT FINAL
3142,742,ARKIA  ISRAELI  AIRLINES,2026-09-30 21:45:00,2026-09-30 21:45:00,PARIS,FRANCE,3,,,NOT FINAL
3143,5804,WIZZ UK,2026-09-30 21:45:00,2026-09-30 21:45:00,LONDON,UNITED KINGDOM,3,29-33,A,ON TIME
3144,1161,ARKIA  ISRAELI  AIRLINES,2026-09-30 21:50:00,2026-09-30 21:50:00,LARNACA,CYPRUS,1,,,ON TIME
3145,157,TUS AIRWAYS,2026-09-30 21:50:00,2026-09-30 21:50:00,PAPHOS,CYPRUS,3,,,NOT FINAL
3146,7448,DELTA AIRLINES,2026-09-30 21:55:00,2026-09-30 21:55:00,LONDON,UNITED KINGDOM,3,,,NOT FINAL
3147,316,EL AL ISRAEL AIRLINES,2026-09-30 21:55:00,2026-09-30 21:55:00,LONDON,UNITED KINGDOM,3,,,NOT FINAL
3148,3176,SAS,2026-09-30 21:55:00,2026-09-30 21:55:00,LONDON,UNITED KINGDOM,3,,,NOT FINAL
3149,7494,VIRGIN ATLANTIC AIRWAYS,2026-09-30 21:55:00,2026-09-30 21:55:00,LONDON,UNITED KINGDOM,3,,,NOT FINAL
3150,568,ISRAIR AIRLINES,2026-09-30 21:55:00,2026-09-30 21:55:00,ATHENS,GREECE,3,,,NOT FINAL
3151,886,ISRAIR AIRLINES,2026-09-30 21:55:00,2026-09-30 21:55:00,BATUMI,GEORGIA,3,,,NOT FINAL
3152,4434,WIZZAIR,2026-09-30 22:00:00,2026-09-30 22:00:00,SOFIA,BULGARIA,1,,,ON TIME
3153,056,ISRAIR AIRLINES,2026-09-30 22:00:00,2026-09-30 22:00:00,RAMON,ISRAEL,1,,,NOT FINAL
3154,057,ISRAIR AIRLINES,2026-09-30 22:00:00,2026-09-30 22:00:00,RAMON,ISRAEL,1,,,ON TIME
3155,117,TUS AIRWAYS,2026-09-30 22:10:00,2026-09-30 22:10:00,LARNACA,CYPRUS,3,223-226,G,ON TIME
3156,720,SKY EXPRESS S.A.,2026-09-30 22:20:00,2026-09-30 22:20:00,ATHENS,GREECE,3,,,NOT FINAL
3157,092,EL AL ISRAEL AIRLINES,2026-09-30 22:20:00,2026-09-30 22:20:00,TOKYO,JAPAN,3,,,NOT FINAL
3158,5013,QANTAS AIRWAYS,2026-09-30 22:20:00,2026-09-30 22:20:00,TOKYO,JAPAN,3,,,NOT FINAL
3159,586,ISRAIR AIRLINES,2026-09-30 22:20:00,2026-09-30 22:20:00,LARNACA,CYPRUS,3,,,NOT FINAL
3160,081,EL AL ISRAEL AIRLINES,2026-09-30 22:25:00,2026-09-30 22:25:00,BANGKOK,THAILAND,3,78-99,D,ON TIME
3161,5020,QANTAS AIRWAYS,2026-09-30 22:25:00,2026-09-30 22:25:00,BANGKOK,THAILAND,3,78-99,D,ON TIME
3162,4584,THAI AIRWAYS,2026-09-30 22:25:00,2026-09-30 22:25:00,BANGKOK,THAILAND,3,78-99,D,ON TIME
3163,104,TUS AIRWAYS,2026-09-30 22:25:00,2026-09-30 22:25:00,LARNACA,CYPRUS,3,,,NOT FINAL
3164,3298,VIETNAM AIRLINES,2026-09-30 22:25:00,2026-09-30 22:25:00,BANGKOK,THAILAND,3,78-99,D,ON TIME
3165,441,BLUE BIRD AIRWAYS,2026-09-30 22:30:00,2026-09-30 22:30:00,BUDAPEST,HUNGARY,3,,,NOT FINAL
3166,703,BLUE BIRD AIRWAYS,2026-09-30 22:30:00,2026-09-30 22:30:00,ATHENS,GREECE,3,,,NOT FINAL
3167,5112,EL AL ISRAEL AIRLINES,2026-09-30 22:30:00,2026-09-30 22:30:00,NAPLES,ITALY,3,,,NOT FINAL
3168,5306,WIZZ UK,2026-09-30 22:30:00,2026-09-30 22:30:00,LONDON LUTON,UNITED KINGDOM,3,25-29,A,ON TIME
3169,457,HISKY,2026-09-30 22:40:00,2026-09-30 22:40:00,CHISINAU,MOLDOVA,3,,,NOT FINAL
3170,546,EL AL ISRAEL AIRLINES,2026-09-30 22:40:00,2026-09-30 22:40:00,ATHENS,GREECE,3,,,NOT FINAL
3171,7062,WIZZAIR,2026-09-30 22:40:00,2026-09-30 22:40:00,BRATISLAVA,SLOVAKIA,1,,,ON TIME
3172,331,AZERBAIJAN AIRLINES,2026-09-30 22:45:00,2026-09-30 22:45:00,BAKU,AZERBAIJAN,3,,,NOT FINAL
3173,9952,EL AL ISRAEL AIRLINES,2026-09-30 22:45:00,2026-09-30 22:45:00,BAKU,AZERBAIJAN,3,,,NOT FINAL
3174,2168,EMIRATES,2026-09-30 22:50:00,2026-09-30 22:50:00,DUBAI,UNITED ARAB EMIRATES,3,56-59,C,ON TIME
3175,1054,FLYDUBAI,2026-09-30 22:50:00,2026-09-30 22:50:00,DUBAI,UNITED ARAB EMIRATES,3,56-59,C,ON TIME
3176,828,ARKIA  ISRAELI  AIRLINES,2026-09-30 22:50:00,2026-09-30 22:50:00,RAMON,ISRAEL,1,,,NOT FINAL
3177,7074,AIR FRANCE,2026-09-30 22:55:00,2026-09-30 22:55:00,PARIS,FRANCE,3,,,NOT FINAL
3178,7890,AERO MEXICO,2026-09-30 22:55:00,2026-09-30 22:55:00,PARIS,FRANCE,3,,,NOT FINAL
3179,328,EL AL ISRAEL AIRLINES,2026-09-30 22:55:00,2026-09-30 22:55:00,PARIS,FRANCE,3,,,NOT FINAL
3180,084,EL AL ISRAEL AIRLINES,2026-09-30 23:00:00,2026-09-30 23:00:00,BANGKOK,THAILAND,3,,,NOT FINAL
3181,5019,QANTAS AIRWAYS,2026-09-30 23:00:00,2026-09-30 23:00:00,BANGKOK,THAILAND,3,,,NOT FINAL
3182,4585,THAI AIRWAYS,2026-09-30 23:00:00,2026-09-30 23:00:00,BANGKOK,THAILAND,3,,,NOT FINAL
3183,3295,VIETNAM AIRLINES,2026-09-30 23:00:00,2026-09-30 23:00:00,BANGKOK,THAILAND,3,,,NOT FINAL
3184,015,RED WINGS AIRLINES,2026-09-30 23:00:00,2026-09-30 23:00:00,MOSCOW,RUSSIAN FEDERATION,3,,,NOT FINAL
3185,599,ETIHAD AIRWAYS,2026-09-30 23:05:00,2026-09-30 23:05:00,ABU DHABI,UNITED ARAB EMIRATES,3,,,NOT FINAL
3186,9611,EL AL ISRAEL AIRLINES,2026-09-30 23:05:00,2026-09-30 23:05:00,ABU DHABI,UNITED ARAB EMIRATES,3,,,NOT FINAL
3187,690,LUFTHANSA,2026-09-30 23:15:00,2026-09-30 23:15:00,FRANKFURT,GERMANY,3,,,NOT FINAL
3188,566,ISRAIR AIRLINES,2026-09-30 23:15:00,2026-09-30 23:15:00,ATHENS,GREECE,3,,,NOT FINAL
3189,317,BLUE BIRD AIRWAYS,2026-09-30 23:20:00,2026-09-30 23:20:00,VIENNA,AUSTRIA,3,,,NOT FINAL
3190,5130,EL AL ISRAEL AIRLINES,2026-09-30 23:20:00,2026-09-30 23:20:00,CHISINAU,MOLDOVA,3,,,NOT FINAL
3191,9490,EL AL ISRAEL AIRLINES,2026-09-30 23:20:00,2026-09-30 23:20:00,BUCHAREST,ROMANIA,3,,,NOT FINAL
3192,155,TAROM - ROMANIAN AIR TRANSPORT,2026-09-30 23:20:00,2026-09-30 23:20:00,BUCHAREST,ROMANIA,3,,,NOT FINAL
3193,5520,AIR CANADA,2026-09-30 23:25:00,2026-09-30 23:25:00,NEWARK,UNITED STATES,3,12-19,A,ON TIME
3194,170,ARKIA  ISRAELI  AIRLINES,2026-09-30 23:25:00,2026-09-30 23:25:00,LARNACA,CYPRUS,3,,,NOT FINAL
3195,091,UNITED AIRLINES,2026-09-30 23:25:00,2026-09-30 23:25:00,NEWARK,UNITED STATES,3,12-19,A,ON TIME
3196,253,BLUE BIRD AIRWAYS,2026-09-30 23:30:00,2026-09-30 23:30:00,BARCELONA,SPAIN,3,,,NOT FINAL
3197,721,SKY EXPRESS S.A.,2026-09-30 23:30:00,2026-09-30 23:30:00,ATHENS,GREECE,3,40-43,B,ON TIME
3198,238,HISKY EUROPE SRL,2026-09-30 23:30:00,2026-09-30 23:30:00,BUCHAREST,ROMANIA,3,G1-G7,G,ON TIME
3199,458,HISKY,2026-09-30 23:40:00,2026-09-30 23:40:00,CHISINAU,MOLDOVA,3,G1-G7,G,ON TIME
3200,461,TUS AIRWAYS,2026-09-30 23:40:00,2026-09-30 23:40:00,PRAGUE,CZECH REPUBLIC,3,,,NOT FINAL
3201,5134,EL AL ISRAEL AIRLINES,2026-09-30 23:50:00,2026-09-30 23:50:00,LARNACA,CYPRUS,3,,,NOT FINAL
3202,332,AZERBAIJAN AIRLINES,2026-09-30 23:55:00,2026-09-30 23:55:00,BAKU,AZERBAIJAN,3,G11-G15,G,ON TIME
3203,9953,EL AL ISRAEL AIRLINES,2026-09-30 23:55:00,2026-09-30 23:55:00,BAKU,AZERBAIJAN,3,G11-G15,G,ON TIME
3204,131,TUS AIRWAYS,2026-09-30 23:55:00,2026-09-30 23:55:00,ROME,ITALY,3,,,NOT FINAL
3205,682,LUFTHANSA,2026-10-01 00:00:00,2026-10-01 00:00:00,MUNICH,GERMANY,3,,,NOT FINAL
3206,7895,AERO MEXICO,2026-10-01 00:05:00,2026-10-01 00:05:00,NEW YORK,UNITED STATES,3,78-99,D,ON TIME
3207,7426,DELTA AIRLINES,2026-10-01 00:05:00,2026-10-01 00:05:00,NEW YORK,UNITED STATES,3,78-99,D,ON TIME
3208,912,ARKIA  ISRAELI  AIRLINES,2026-10-01 00:05:00,2026-10-01 00:05:00,STANSTED,UNITED KINGDOM,3,,,NOT FINAL
3209,991,ARKIA  ISRAELI  AIRLINES,2026-10-01 00:05:00,2026-10-01 00:05:00,NEW YORK,UNITED STATES,3,48-55,B,ON TIME
3210,003,EL AL ISRAEL AIRLINES,2026-10-01 00:05:00,2026-10-01 00:05:00,NEW YORK,UNITED STATES,3,78-99,D,ON TIME
3211,5138,EL AL ISRAEL AIRLINES,2026-10-01 00:05:00,2026-10-01 00:05:00,PAPHOS,CYPRUS,3,,,NOT FINAL
3212,116,ISRAIR AIRLINES,2026-10-01 00:05:00,2026-10-01 00:05:00,LONDON LUTON,UNITED KINGDOM,3,,,NOT FINAL
3213,254,ISRAIR AIRLINES,2026-10-01 00:05:00,2026-10-01 00:05:00,BERLIN,GERMANY,3,,,NOT FINAL
3214,6170,AIR FRANCE,2026-10-01 00:10:00,2026-10-01 00:10:00,MARSEILLE,FRANCE,3,,,NOT FINAL
3215,322,EL AL ISRAEL AIRLINES,2026-10-01 00:10:00,2026-10-01 00:10:00,MARSEILLE,FRANCE,3,,,NOT FINAL
3216,7851,AEROLINEAS ARGENTINAS S.A.,2026-10-01 00:15:00,2026-10-01 00:15:00,MIAMI,UNITED STATES,3,78-99,D,ON TIME
3217,751,BLUE BIRD AIRWAYS,2026-10-01 00:15:00,2026-10-01 00:15:00,HERAKLION,GREECE,3,,,NOT FINAL
3218,7437,DELTA AIRLINES,2026-10-01 00:15:00,2026-10-01 00:15:00,MIAMI,UNITED STATES,3,78-99,D,ON TIME
3219,017,EL AL ISRAEL AIRLINES,2026-10-01 00:15:00,2026-10-01 00:15:00,MIAMI,UNITED STATES,3,78-99,D,ON TIME
3220,016,RED WINGS AIRLINES,2026-10-01 00:15:00,2026-10-01 00:15:00,MOSCOW,RUSSIAN FEDERATION,3,G8-G11,G,ON TIME
3221,612,ARKIA  ISRAELI  AIRLINES,2026-10-01 00:20:00,2026-10-01 00:20:00,MAHE SEYCHELLES,SEYCHELLES,3,,,NOT FINAL
3222,9491,EL AL ISRAEL AIRLINES,2026-10-01 00:20:00,2026-10-01 00:20:00,BUCHAREST,ROMANIA,3,44-46,B,ON TIME
3223,156,TAROM - ROMANIAN AIR TRANSPORT,2026-10-01 00:20:00,2026-10-01 00:20:00,BUCHAREST,ROMANIA,3,44-46,B,ON TIME
3224,271,BLUE BIRD AIRWAYS,2026-10-01 00:25:00,2026-10-01 00:25:00,BERLIN,GERMANY,3,,,NOT FINAL
3225,7443,DELTA AIRLINES,2026-10-01 00:30:00,2026-10-01 00:30:00,NEWARK,UNITED STATES,3,78-99,D,ON TIME
3226,027,EL AL ISRAEL AIRLINES,2026-10-01 00:30:00,2026-10-01 00:30:00,NEWARK,UNITED STATES,3,78-99,D,ON TIME
3227,971,ISRAIR AIRLINES,2026-10-01 00:30:00,2026-10-01 00:30:00,NEW YORK,UNITED STATES,3,201-204,G,ON TIME
3228,6682,AIR BALTIC,2026-10-01 00:40:00,2026-10-01 00:40:00,MILAN,ITALY,3,,,NOT FINAL
3229,282,EL AL ISRAEL AIRLINES,2026-10-01 00:40:00,2026-10-01 00:40:00,MILAN,ITALY,3,,,NOT FINAL
3230,8911,AIR PORTUGAL,2026-10-01 00:40:00,2026-10-01 00:40:00,MILAN,ITALY,3,,,NOT FINAL
3231,352,EL AL ISRAEL AIRLINES,2026-10-01 00:45:00,2026-10-01 00:45:00,MUNICH,GERMANY,3,,,NOT FINAL
3232,544,EL AL ISRAEL AIRLINES,2026-10-01 00:50:00,2026-10-01 00:50:00,ATHENS,GREECE,3,,,NOT FINAL
3233,572,EL AL ISRAEL AIRLINES,2026-10-01 00:50:00,2026-10-01 00:50:00,BUCHAREST,ROMANIA,3,,,NOT FINAL
3234,9101,TAROM - ROMANIAN AIR TRANSPORT,2026-10-01 00:50:00,2026-10-01 00:50:00,BUCHAREST,ROMANIA,3,,,NOT FINAL
3235,600,ETIHAD AIRWAYS,2026-10-01 00:55:00,2026-10-01 00:55:00,ABU DHABI,UNITED ARAB EMIRATES,3,,,ON TIME
3236,482,ARKIA  ISRAELI  AIRLINES,2026-10-01 00:55:00,2026-10-01 00:55:00,COLOGNE,GERMANY,3,,,NOT FINAL
3237,9612,EL AL ISRAEL AIRLINES,2026-10-01 00:55:00,2026-10-01 00:55:00,ABU DHABI,UNITED ARAB EMIRATES,3,,,ON TIME
3238,7869,AERO MEXICO,2026-10-01 01:00:00,2026-10-01 01:00:00,NEW YORK,UNITED STATES,3,78-99,D,ON TIME
3239,7424,DELTA AIRLINES,2026-10-01 01:00:00,2026-10-01 01:00:00,NEW YORK,UNITED STATES,3,78-99,D,ON TIME
3240,7441,DELTA AIRLINES,2026-10-01 01:00:00,2026-10-01 01:00:00,NEWARK,UNITED STATES,3,78-99,D,ON TIME
3241,405,ETHIOPIAN AIRLINES,2026-10-01 01:00:00,2026-10-01 01:00:00,ADDIS ABABA,ETHIOPIA,3,34-38,B,ON TIME
3242,001,EL AL ISRAEL AIRLINES,2026-10-01 01:00:00,2026-10-01 01:00:00,NEW YORK,UNITED STATES,3,78-99,D,ON TIME
3243,025,EL AL ISRAEL AIRLINES,2026-10-01 01:00:00,2026-10-01 01:00:00,NEWARK,UNITED STATES,3,78-99,D,ON TIME
3244,083,EL AL ISRAEL AIRLINES,2026-10-01 01:00:00,2026-10-01 01:00:00,BANGKOK,THAILAND,3,78-99,D,ON TIME
3245,8807,EL AL ISRAEL AIRLINES,2026-10-01 01:00:00,2026-10-01 01:00:00,ADDIS ABABA,ETHIOPIA,3,34-38,B,ON TIME
3246,5018,QANTAS AIRWAYS,2026-10-01 01:00:00,2026-10-01 01:00:00,BANGKOK,THAILAND,3,78-99,D,ON TIME
3247,4586,THAI AIRWAYS,2026-10-01 01:00:00,2026-10-01 01:00:00,BANGKOK,THAILAND,3,78-99,D,ON TIME
3248,3294,VIETNAM AIRLINES,2026-10-01 01:00:00,2026-10-01 01:00:00,BANGKOK,THAILAND,3,78-99,D,ON TIME
3249,808,ISRAIR AIRLINES,2026-10-01 01:00:00,2026-10-01 01:00:00,BATUMI,GEORGIA,3,,,NOT FINAL
3250,7875,AERO MEXICO,2026-10-01 01:05:00,2026-10-01 01:05:00,LOS ANGELES,UNITED STATES,3,78-99,D,ON TIME
3251,7428,DELTA AIRLINES,2026-10-01 01:05:00,2026-10-01 01:05:00,LOS ANGELES,UNITED STATES,3,78-99,D,ON TIME
3252,005,EL AL ISRAEL AIRLINES,2026-10-01 01:05:00,2026-10-01 01:05:00,LOS ANGELES,UNITED STATES,3,78-99,D,ON TIME
3253,691,LUFTHANSA,2026-10-01 01:10:00,2026-10-01 01:10:00,ATHENS,GREECE,3,27-33,A,ON TIME
3254,683,LUFTHANSA,2026-10-01 01:45:00,2026-10-01 01:45:00,LARNACA,CYPRUS,3,27-33,A,ON TIME
3255,456,AEGEAN  AIRLINES,2026-10-01 01:50:00,2026-10-01 01:50:00,HERAKLION,GREECE,3,,,NOT FINAL
3256,022,AIR SEYCHELLES,2026-10-01 01:50:00,2026-10-01 01:50:00,MAHE SEYCHELLES,SEYCHELLES,3,,,NOT FINAL
3257,6672,AIR BALTIC,2026-10-01 01:55:00,2026-10-01 01:55:00,VIENNA,AUSTRIA,3,,,NOT FINAL
3258,364,EL AL ISRAEL AIRLINES,2026-10-01 01:55:00,2026-10-01 01:55:00,VIENNA,AUSTRIA,3,,,NOT FINAL
3259,611,BLUE BIRD AIRWAYS,2026-10-01 02:00:00,2026-10-01 02:00:00,AMSTERDAM,NETHERLANDS,3,,,NOT FINAL
3260,168,ISRAIR AIRLINES,2026-10-01 02:00:00,2026-10-01 02:00:00,TIRANA,ALBANIA,3,,,NOT FINAL
3261,570,ISRAIR AIRLINES,2026-10-01 02:00:00,2026-10-01 02:00:00,ATHENS,GREECE,3,,,NOT FINAL
3262,912,ISRAIR AIRLINES,2026-10-01 02:00:00,2026-10-01 02:00:00,ZANZIBAR,TANZANIA,3,,,NOT FINAL
3263,996,ISRAIR AIRLINES,2026-10-01 02:00:00,2026-10-01 02:00:00,LARNACA,CYPRUS,3,,,NOT FINAL
3264,7856,AEROLINEAS ARGENTINAS S.A.,2026-10-01 02:10:00,2026-10-01 02:10:00,ROME,ITALY,3,,,NOT FINAL
3265,6688,AIR BALTIC,2026-10-01 02:10:00,2026-10-01 02:10:00,ZURICH,SWITZERLAND,3,,,NOT FINAL
3266,344,EL AL ISRAEL AIRLINES,2026-10-01 02:10:00,2026-10-01 02:10:00,ZURICH,SWITZERLAND,3,,,NOT FINAL
3267,384,EL AL ISRAEL AIRLINES,2026-10-01 02:10:00,2026-10-01 02:10:00,ROME,ITALY,3,,,NOT FINAL
3268,3166,SAS,2026-10-01 02:10:00,2026-10-01 02:10:00,ROME,ITALY,3,,,NOT FINAL
3269,3190,SAS,2026-10-01 02:10:00,2026-10-01 02:10:00,ZURICH,SWITZERLAND,3,,,NOT FINAL
3270,8897,AIR PORTUGAL,2026-10-01 02:10:00,2026-10-01 02:10:00,ROME,ITALY,3,,,NOT FINAL
3271,284,ARKIA  ISRAELI  AIRLINES,2026-10-01 02:25:00,2026-10-01 02:25:00,PRAGUE,CZECH REPUBLIC,3,,,NOT FINAL
3272,642,ARKIA  ISRAELI  AIRLINES,2026-10-01 02:25:00,2026-10-01 02:25:00,FASCENE,MADAGASKAR,3,,,NOT FINAL
3273,290,EL AL ISRAEL AIRLINES,2026-10-01 02:25:00,2026-10-01 02:25:00,VENICE,ITALY,3,,,NOT FINAL
3274,528,AEGEAN  AIRLINES,2026-10-01 02:30:00,2026-10-01 02:30:00,LARNACA,CYPRUS,3,,,NOT FINAL
3275,254,EL AL ISRAEL AIRLINES,2026-10-01 02:30:00,2026-10-01 02:30:00,MUNICH,GERMANY,3,,,NOT FINAL
3276,5254,LOT POLISH AIRLINES,2026-10-01 02:35:00,2026-10-01 02:35:00,KRAKOW,POLAND,3,,,NOT FINAL
3277,5120,EL AL ISRAEL AIRLINES,2026-10-01 02:35:00,2026-10-01 02:35:00,KRAKOW,POLAND,3,,,NOT FINAL
3278,4254,AEGEAN  AIRLINES,2026-10-01 02:50:00,2026-10-01 02:50:00,HERAKLION,GREECE,3,,,NOT FINAL
3279,9148,FLY LILI,2026-10-01 02:50:00,2026-10-01 02:50:00,LARNACA,CYPRUS,3,,,NOT FINAL
3280,928,AEGEAN  AIRLINES,2026-10-01 02:55:00,2026-10-01 02:55:00,ATHENS,GREECE,3,,,NOT FINAL
3281,4977,EMIRATES,2026-10-01 02:55:00,2026-10-01 02:55:00,ATHENS,GREECE,3,,,NOT FINAL
3282,0162A,ARKIA  ISRAELI  AIRLINES,2026-10-01 03:00:00,2026-10-01 03:00:00,LARNACA,CYPRUS,3,,,NOT FINAL
3283,7850,AERO MEXICO,2026-10-01 03:05:00,2026-10-01 03:05:00,AMSTERDAM,NETHERLANDS,3,,,NOT FINAL
3284,6680,AIR BALTIC,2026-10-01 03:05:00,2026-10-01 03:05:00,AMSTERDAM,NETHERLANDS,3,,,NOT FINAL
3285,2474,K.L.M.,2026-10-01 03:05:00,2026-10-01 03:05:00,AMSTERDAM,NETHERLANDS,3,,,NOT FINAL
3286,2524,EL AL ISRAEL AIRLINES,2026-10-01 03:05:00,2026-10-01 03:05:00,PRAGUE,CZECH REPUBLIC,3,,,NOT FINAL
3287,336,EL AL ISRAEL AIRLINES,2026-10-01 03:05:00,2026-10-01 03:05:00,AMSTERDAM,NETHERLANDS,3,,,NOT FINAL
3288,3152,SAS,2026-10-01 03:05:00,2026-10-01 03:05:00,AMSTERDAM,NETHERLANDS,3,,,NOT FINAL
3289,810,ITALIA TRASPORTO AEREO,2026-10-01 03:10:00,2026-10-01 03:10:00,ROME,ITALY,3,,,NOT FINAL
3290,5110,EL AL ISRAEL AIRLINES,2026-10-01 03:10:00,2026-10-01 03:10:00,TBILISI,GEORGIA,3,,,NOT FINAL
3291,2368,EL AL ISRAEL AIRLINES,2026-10-01 03:20:00,2026-10-01 03:20:00,BUDAPEST,HUNGARY,3,,,NOT FINAL
3292,374,EL AL ISRAEL AIRLINES,2026-10-01 03:25:00,2026-10-01 03:25:00,PORTO,PORTUGAL,3,,,NOT FINAL
3293,8924,AIR PORTUGAL,2026-10-01 03:25:00,2026-10-01 03:25:00,PORTO,PORTUGAL,3,,,NOT FINAL
3294,461,K.L.M.,2026-10-01 03:30:00,2026-10-01 03:30:00,AMSTERDAM,NETHERLANDS,3,,,NOT FINAL
3295,256,SWISS INT`L  AIRLINES,2026-10-01 03:35:00,2026-10-01 03:35:00,ZURICH,SWITZERLAND,3,,,NOT FINAL
3296,7711,IBERIA,2026-10-01 03:40:00,2026-10-01 03:40:00,BARCELONA,SPAIN,3,,,NOT FINAL
3297,388,EL AL ISRAEL AIRLINES,2026-10-01 03:40:00,2026-10-01 03:40:00,MILAN,ITALY,3,,,NOT FINAL
3298,392,EL AL ISRAEL AIRLINES,2026-10-01 03:40:00,2026-10-01 03:40:00,BARCELONA,SPAIN,3,,,NOT FINAL
3299,3180,SAS,2026-10-01 03:40:00,2026-10-01 03:40:00,MILAN,ITALY,3,,,NOT FINAL
3300,8901,AIR PORTUGAL,2026-10-01 03:40:00,2026-10-01 03:40:00,MILAN,ITALY,3,,,NOT FINAL
3301,7858,AERO MEXICO,2026-10-01 03:50:00,2026-10-01 03:50:00,NEW YORK,UNITED STATES,3,,,NOT FINAL
3302,7427,DELTA AIRLINES,2026-10-01 03:50:00,2026-10-01 03:50:00,NEW YORK,UNITED STATES,3,,,NOT FINAL
3303,151,LOT POLISH AIRLINES,2026-10-01 03:50:00,2026-10-01 03:50:00,WARSAW,POLAND,3,,,NOT FINAL
3304,004,EL AL ISRAEL AIRLINES,2026-10-01 03:50:00,2026-10-01 03:50:00,NEW YORK,UNITED STATES,3,,,NOT FINAL
3305,9256,EL AL ISRAEL AIRLINES,2026-10-01 03:50:00,2026-10-01 03:50:00,WARSAW,POLAND,3,,,NOT FINAL
3306,7072,AIR FRANCE,2026-10-01 04:00:00,2026-10-01 04:00:00,PARIS,FRANCE,3,,,NOT FINAL
3307,7854,AERO MEXICO,2026-10-01 04:00:00,2026-10-01 04:00:00,PARIS,FRANCE,3,,,NOT FINAL
3308,404,ETHIOPIAN AIRLINES,2026-10-01 04:00:00,2026-10-01 04:00:00,ADDIS ABABA,ETHIOPIA,3,,,NOT FINAL
3309,1162,ARKIA  ISRAELI  AIRLINES,2026-10-01 04:00:00,2026-10-01 04:00:00,LARNACA,CYPRUS,3,,,NOT FINAL
3310,1224,ARKIA  ISRAELI  AIRLINES,2026-10-01 04:00:00,2026-10-01 04:00:00,THESSALONIKI,GREECE,3,,,NOT FINAL
3311,326,EL AL ISRAEL AIRLINES,2026-10-01 04:00:00,2026-10-01 04:00:00,PARIS,FRANCE,3,,,NOT FINAL
3312,8804,EL AL ISRAEL AIRLINES,2026-10-01 04:00:00,2026-10-01 04:00:00,ADDIS ABABA,ETHIOPIA,3,,,NOT FINAL
3313,3916,NEOS,2026-10-01 04:00:00,2026-10-01 04:00:00,VERONA,ITALY,3,,,NOT FINAL
3314,9351,NEOS,2026-10-01 04:00:00,2026-10-01 04:00:00,MADEIRA,PORTUGAL,3,,,NOT FINAL
3315,3158,SAS,2026-10-01 04:00:00,2026-10-01 04:00:00,PARIS,FRANCE,3,,,NOT FINAL
